--
-- PostgreSQL database dump
--

-- Dumped from database version 15.0 (Debian 15.0-1.pgdg110+1)
-- Dumped by pg_dump version 15.2

-- Started on 2023-07-27 10:17:19

SET statement_timeout = 0;
SET lock_timeout = 0;
SET idle_in_transaction_session_timeout = 0;
SET client_encoding = 'UTF8';
SET standard_conforming_strings = on;
SELECT pg_catalog.set_config('search_path', '', false);
SET check_function_bodies = false;
SET xmloption = content;
SET client_min_messages = warning;
SET row_security = off;

--
-- TOC entry 5 (class 2615 OID 37223)
-- Name: public; Type: SCHEMA; Schema: -; Owner: doadmin
--

CREATE SCHEMA public;


ALTER SCHEMA public OWNER TO doadmin;

SET default_tablespace = '';

SET default_table_access_method = heap;

--
-- TOC entry 214 (class 1259 OID 37224)
-- Name: auth_group; Type: TABLE; Schema: public; Owner: doadmin
--

CREATE TABLE public.auth_group (
    id integer NOT NULL,
    name character varying(150) NOT NULL
);


ALTER TABLE public.auth_group OWNER TO doadmin;

--
-- TOC entry 215 (class 1259 OID 37227)
-- Name: auth_group_id_seq; Type: SEQUENCE; Schema: public; Owner: doadmin
--

ALTER TABLE public.auth_group ALTER COLUMN id ADD GENERATED BY DEFAULT AS IDENTITY (
    SEQUENCE NAME public.auth_group_id_seq
    START WITH 1
    INCREMENT BY 1
    NO MINVALUE
    NO MAXVALUE
    CACHE 1
);


--
-- TOC entry 216 (class 1259 OID 37228)
-- Name: auth_group_permissions; Type: TABLE; Schema: public; Owner: doadmin
--

CREATE TABLE public.auth_group_permissions (
    id bigint NOT NULL,
    group_id integer NOT NULL,
    permission_id integer NOT NULL
);


ALTER TABLE public.auth_group_permissions OWNER TO doadmin;

--
-- TOC entry 217 (class 1259 OID 37231)
-- Name: auth_group_permissions_id_seq; Type: SEQUENCE; Schema: public; Owner: doadmin
--

ALTER TABLE public.auth_group_permissions ALTER COLUMN id ADD GENERATED BY DEFAULT AS IDENTITY (
    SEQUENCE NAME public.auth_group_permissions_id_seq
    START WITH 1
    INCREMENT BY 1
    NO MINVALUE
    NO MAXVALUE
    CACHE 1
);


--
-- TOC entry 218 (class 1259 OID 37232)
-- Name: auth_permission; Type: TABLE; Schema: public; Owner: doadmin
--

CREATE TABLE public.auth_permission (
    id integer NOT NULL,
    name character varying(255) NOT NULL,
    content_type_id integer NOT NULL,
    codename character varying(100) NOT NULL
);


ALTER TABLE public.auth_permission OWNER TO doadmin;

--
-- TOC entry 219 (class 1259 OID 37235)
-- Name: auth_permission_id_seq; Type: SEQUENCE; Schema: public; Owner: doadmin
--

ALTER TABLE public.auth_permission ALTER COLUMN id ADD GENERATED BY DEFAULT AS IDENTITY (
    SEQUENCE NAME public.auth_permission_id_seq
    START WITH 1
    INCREMENT BY 1
    NO MINVALUE
    NO MAXVALUE
    CACHE 1
);


--
-- TOC entry 220 (class 1259 OID 37236)
-- Name: django_admin_log; Type: TABLE; Schema: public; Owner: doadmin
--

CREATE TABLE public.django_admin_log (
    id integer NOT NULL,
    action_time timestamp with time zone NOT NULL,
    object_id text,
    object_repr character varying(200) NOT NULL,
    action_flag smallint NOT NULL,
    change_message text NOT NULL,
    content_type_id integer,
    user_id bigint NOT NULL,
    CONSTRAINT django_admin_log_action_flag_check CHECK ((action_flag >= 0))
);


ALTER TABLE public.django_admin_log OWNER TO doadmin;

--
-- TOC entry 221 (class 1259 OID 37242)
-- Name: django_admin_log_id_seq; Type: SEQUENCE; Schema: public; Owner: doadmin
--

ALTER TABLE public.django_admin_log ALTER COLUMN id ADD GENERATED BY DEFAULT AS IDENTITY (
    SEQUENCE NAME public.django_admin_log_id_seq
    START WITH 1
    INCREMENT BY 1
    NO MINVALUE
    NO MAXVALUE
    CACHE 1
);


--
-- TOC entry 222 (class 1259 OID 37243)
-- Name: django_content_type; Type: TABLE; Schema: public; Owner: doadmin
--

CREATE TABLE public.django_content_type (
    id integer NOT NULL,
    app_label character varying(100) NOT NULL,
    model character varying(100) NOT NULL,
    name text
);


ALTER TABLE public.django_content_type OWNER TO doadmin;

--
-- TOC entry 223 (class 1259 OID 37248)
-- Name: django_content_type_id_seq; Type: SEQUENCE; Schema: public; Owner: doadmin
--

ALTER TABLE public.django_content_type ALTER COLUMN id ADD GENERATED BY DEFAULT AS IDENTITY (
    SEQUENCE NAME public.django_content_type_id_seq
    START WITH 1
    INCREMENT BY 1
    NO MINVALUE
    NO MAXVALUE
    CACHE 1
);


--
-- TOC entry 224 (class 1259 OID 37249)
-- Name: django_migrations; Type: TABLE; Schema: public; Owner: doadmin
--

CREATE TABLE public.django_migrations (
    id bigint NOT NULL,
    app character varying(255) NOT NULL,
    name character varying(255) NOT NULL,
    applied timestamp with time zone NOT NULL
);


ALTER TABLE public.django_migrations OWNER TO doadmin;

--
-- TOC entry 225 (class 1259 OID 37254)
-- Name: django_migrations_id_seq; Type: SEQUENCE; Schema: public; Owner: doadmin
--

ALTER TABLE public.django_migrations ALTER COLUMN id ADD GENERATED BY DEFAULT AS IDENTITY (
    SEQUENCE NAME public.django_migrations_id_seq
    START WITH 1
    INCREMENT BY 1
    NO MINVALUE
    NO MAXVALUE
    CACHE 1
);


--
-- TOC entry 226 (class 1259 OID 37255)
-- Name: django_session; Type: TABLE; Schema: public; Owner: doadmin
--

CREATE TABLE public.django_session (
    session_key character varying(40) NOT NULL,
    session_data text NOT NULL,
    expire_date timestamp with time zone NOT NULL
);


ALTER TABLE public.django_session OWNER TO doadmin;

--
-- TOC entry 227 (class 1259 OID 37260)
-- Name: necrotopia_advertisement; Type: TABLE; Schema: public; Owner: doadmin
--

CREATE TABLE public.necrotopia_advertisement (
    id bigint NOT NULL,
    name character varying(60) NOT NULL,
    slug text NOT NULL,
    link character varying(1000),
    image character varying(100) NOT NULL,
    published boolean NOT NULL,
    registry_date timestamp with time zone NOT NULL,
    registrar_id bigint NOT NULL,
    end_date date NOT NULL,
    start_date date NOT NULL
);


ALTER TABLE public.necrotopia_advertisement OWNER TO doadmin;

--
-- TOC entry 228 (class 1259 OID 37265)
-- Name: necrotopia_advertisement_id_seq; Type: SEQUENCE; Schema: public; Owner: doadmin
--

ALTER TABLE public.necrotopia_advertisement ALTER COLUMN id ADD GENERATED BY DEFAULT AS IDENTITY (
    SEQUENCE NAME public.necrotopia_advertisement_id_seq
    START WITH 1
    INCREMENT BY 1
    NO MINVALUE
    NO MAXVALUE
    CACHE 1
);


--
-- TOC entry 229 (class 1259 OID 37266)
-- Name: necrotopia_chapter; Type: TABLE; Schema: public; Owner: doadmin
--

CREATE TABLE public.necrotopia_chapter (
    id bigint NOT NULL,
    name character varying(255) NOT NULL,
    active boolean NOT NULL,
    registry_date timestamp with time zone NOT NULL,
    registrar_id bigint NOT NULL,
    staff_id bigint,
    useful_links_id bigint,
    stub character varying(10) NOT NULL
);


ALTER TABLE public.necrotopia_chapter OWNER TO doadmin;

--
-- TOC entry 230 (class 1259 OID 37269)
-- Name: necrotopia_chapter_id_seq; Type: SEQUENCE; Schema: public; Owner: doadmin
--

ALTER TABLE public.necrotopia_chapter ALTER COLUMN id ADD GENERATED BY DEFAULT AS IDENTITY (
    SEQUENCE NAME public.necrotopia_chapter_id_seq
    START WITH 1
    INCREMENT BY 1
    NO MINVALUE
    NO MAXVALUE
    CACHE 1
);


--
-- TOC entry 231 (class 1259 OID 37270)
-- Name: necrotopia_chapterstaff; Type: TABLE; Schema: public; Owner: doadmin
--

CREATE TABLE public.necrotopia_chapterstaff (
    id bigint NOT NULL,
    chapter_link_id bigint,
    department_id bigint,
    type_id bigint NOT NULL,
    user_profile_id bigint NOT NULL
);


ALTER TABLE public.necrotopia_chapterstaff OWNER TO doadmin;

--
-- TOC entry 232 (class 1259 OID 37273)
-- Name: necrotopia_chapterstaff_id_seq; Type: SEQUENCE; Schema: public; Owner: doadmin
--

ALTER TABLE public.necrotopia_chapterstaff ALTER COLUMN id ADD GENERATED BY DEFAULT AS IDENTITY (
    SEQUENCE NAME public.necrotopia_chapterstaff_id_seq
    START WITH 1
    INCREMENT BY 1
    NO MINVALUE
    NO MAXVALUE
    CACHE 1
);


--
-- TOC entry 233 (class 1259 OID 37274)
-- Name: necrotopia_chapterstafftype; Type: TABLE; Schema: public; Owner: doadmin
--

CREATE TABLE public.necrotopia_chapterstafftype (
    id bigint NOT NULL,
    name character varying(255) NOT NULL,
    description character varying(255),
    registry_date timestamp with time zone NOT NULL,
    registrar_id bigint NOT NULL
);


ALTER TABLE public.necrotopia_chapterstafftype OWNER TO doadmin;

--
-- TOC entry 234 (class 1259 OID 37279)
-- Name: necrotopia_chapterstafftype_id_seq; Type: SEQUENCE; Schema: public; Owner: doadmin
--

ALTER TABLE public.necrotopia_chapterstafftype ALTER COLUMN id ADD GENERATED BY DEFAULT AS IDENTITY (
    SEQUENCE NAME public.necrotopia_chapterstafftype_id_seq
    START WITH 1
    INCREMENT BY 1
    NO MINVALUE
    NO MAXVALUE
    CACHE 1
);


--
-- TOC entry 235 (class 1259 OID 37280)
-- Name: necrotopia_department; Type: TABLE; Schema: public; Owner: doadmin
--

CREATE TABLE public.necrotopia_department (
    id bigint NOT NULL,
    name character varying(255) NOT NULL,
    description character varying(255),
    registry_date timestamp with time zone NOT NULL,
    registrar_id bigint NOT NULL
);


ALTER TABLE public.necrotopia_department OWNER TO doadmin;

--
-- TOC entry 236 (class 1259 OID 37285)
-- Name: necrotopia_department_id_seq; Type: SEQUENCE; Schema: public; Owner: doadmin
--

ALTER TABLE public.necrotopia_department ALTER COLUMN id ADD GENERATED BY DEFAULT AS IDENTITY (
    SEQUENCE NAME public.necrotopia_department_id_seq
    START WITH 1
    INCREMENT BY 1
    NO MINVALUE
    NO MAXVALUE
    CACHE 1
);


--
-- TOC entry 237 (class 1259 OID 37286)
-- Name: necrotopia_financialinstitution; Type: TABLE; Schema: public; Owner: doadmin
--

CREATE TABLE public.necrotopia_financialinstitution (
    id bigint NOT NULL,
    name character varying(255) NOT NULL,
    slug character varying(255),
    text character varying(2048),
    active boolean NOT NULL,
    published boolean NOT NULL,
    modifier integer NOT NULL,
    registry_date timestamp with time zone NOT NULL,
    branch_id bigint NOT NULL,
    institution_pictures_id bigint,
    registrar_id bigint NOT NULL,
    tags character varying(255) DEFAULT ''::character varying NOT NULL
);


ALTER TABLE public.necrotopia_financialinstitution OWNER TO doadmin;

--
-- TOC entry 238 (class 1259 OID 37292)
-- Name: necrotopia_financialinstitution_id_seq; Type: SEQUENCE; Schema: public; Owner: doadmin
--

ALTER TABLE public.necrotopia_financialinstitution ALTER COLUMN id ADD GENERATED BY DEFAULT AS IDENTITY (
    SEQUENCE NAME public.necrotopia_financialinstitution_id_seq
    START WITH 1
    INCREMENT BY 1
    NO MINVALUE
    NO MAXVALUE
    CACHE 1
);


--
-- TOC entry 239 (class 1259 OID 37293)
-- Name: necrotopia_financialinvestment; Type: TABLE; Schema: public; Owner: doadmin
--

CREATE TABLE public.necrotopia_financialinvestment (
    id bigint NOT NULL,
    amount_invested integer NOT NULL,
    die_roll integer NOT NULL,
    modifier integer NOT NULL,
    roll_total integer NOT NULL,
    investment_date timestamp with time zone NOT NULL,
    character_id bigint NOT NULL,
    institution_id bigint NOT NULL
);


ALTER TABLE public.necrotopia_financialinvestment OWNER TO doadmin;

--
-- TOC entry 240 (class 1259 OID 37296)
-- Name: necrotopia_financialinvestment_id_seq; Type: SEQUENCE; Schema: public; Owner: doadmin
--

ALTER TABLE public.necrotopia_financialinvestment ALTER COLUMN id ADD GENERATED BY DEFAULT AS IDENTITY (
    SEQUENCE NAME public.necrotopia_financialinvestment_id_seq
    START WITH 1
    INCREMENT BY 1
    NO MINVALUE
    NO MAXVALUE
    CACHE 1
);


--
-- TOC entry 241 (class 1259 OID 37297)
-- Name: necrotopia_gender; Type: TABLE; Schema: public; Owner: doadmin
--

CREATE TABLE public.necrotopia_gender (
    id bigint NOT NULL,
    descriptor character varying(30) NOT NULL
);


ALTER TABLE public.necrotopia_gender OWNER TO doadmin;

--
-- TOC entry 242 (class 1259 OID 37300)
-- Name: necrotopia_gender_id_seq; Type: SEQUENCE; Schema: public; Owner: doadmin
--

ALTER TABLE public.necrotopia_gender ALTER COLUMN id ADD GENERATED BY DEFAULT AS IDENTITY (
    SEQUENCE NAME public.necrotopia_gender_id_seq
    START WITH 1
    INCREMENT BY 1
    NO MINVALUE
    NO MAXVALUE
    CACHE 1
);


--
-- TOC entry 243 (class 1259 OID 37301)
-- Name: necrotopia_institutionpicture; Type: TABLE; Schema: public; Owner: doadmin
--

CREATE TABLE public.necrotopia_institutionpicture (
    id bigint NOT NULL,
    picture character varying(100) NOT NULL,
    institution_item_id bigint NOT NULL
);


ALTER TABLE public.necrotopia_institutionpicture OWNER TO doadmin;

--
-- TOC entry 244 (class 1259 OID 37304)
-- Name: necrotopia_institutionpicture_id_seq; Type: SEQUENCE; Schema: public; Owner: doadmin
--

ALTER TABLE public.necrotopia_institutionpicture ALTER COLUMN id ADD GENERATED BY DEFAULT AS IDENTITY (
    SEQUENCE NAME public.necrotopia_institutionpicture_id_seq
    START WITH 1
    INCREMENT BY 1
    NO MINVALUE
    NO MAXVALUE
    CACHE 1
);


--
-- TOC entry 245 (class 1259 OID 37305)
-- Name: necrotopia_itempdf; Type: TABLE; Schema: public; Owner: doadmin
--

CREATE TABLE public.necrotopia_itempdf (
    id bigint NOT NULL,
    pdf character varying(100),
    pdf_assembly_item_id integer NOT NULL
);


ALTER TABLE public.necrotopia_itempdf OWNER TO doadmin;

--
-- TOC entry 246 (class 1259 OID 37308)
-- Name: necrotopia_itempdf_id_seq; Type: SEQUENCE; Schema: public; Owner: doadmin
--

ALTER TABLE public.necrotopia_itempdf ALTER COLUMN id ADD GENERATED BY DEFAULT AS IDENTITY (
    SEQUENCE NAME public.necrotopia_itempdf_id_seq
    START WITH 1
    INCREMENT BY 1
    NO MINVALUE
    NO MAXVALUE
    CACHE 1
);


--
-- TOC entry 247 (class 1259 OID 37309)
-- Name: necrotopia_itempicture; Type: TABLE; Schema: public; Owner: doadmin
--

CREATE TABLE public.necrotopia_itempicture (
    id bigint NOT NULL,
    picture character varying(100) NOT NULL,
    imd_assembly_item_id integer NOT NULL
);


ALTER TABLE public.necrotopia_itempicture OWNER TO doadmin;

--
-- TOC entry 248 (class 1259 OID 37312)
-- Name: necrotopia_itempicture_id_seq; Type: SEQUENCE; Schema: public; Owner: doadmin
--

ALTER TABLE public.necrotopia_itempicture ALTER COLUMN id ADD GENERATED BY DEFAULT AS IDENTITY (
    SEQUENCE NAME public.necrotopia_itempicture_id_seq
    START WITH 1
    INCREMENT BY 1
    NO MINVALUE
    NO MAXVALUE
    CACHE 1
);


--
-- TOC entry 249 (class 1259 OID 37313)
-- Name: necrotopia_loottable; Type: TABLE; Schema: public; Owner: doadmin
--

CREATE TABLE public.necrotopia_loottable (
    id bigint NOT NULL,
    name character varying(255) NOT NULL,
    registry_date timestamp with time zone NOT NULL,
    loot_items_id bigint,
    registrar_id bigint NOT NULL
);


ALTER TABLE public.necrotopia_loottable OWNER TO doadmin;

--
-- TOC entry 250 (class 1259 OID 37316)
-- Name: necrotopia_loottable_id_seq; Type: SEQUENCE; Schema: public; Owner: doadmin
--

ALTER TABLE public.necrotopia_loottable ALTER COLUMN id ADD GENERATED BY DEFAULT AS IDENTITY (
    SEQUENCE NAME public.necrotopia_loottable_id_seq
    START WITH 1
    INCREMENT BY 1
    NO MINVALUE
    NO MAXVALUE
    CACHE 1
);


--
-- TOC entry 251 (class 1259 OID 37317)
-- Name: necrotopia_loottableitem; Type: TABLE; Schema: public; Owner: doadmin
--

CREATE TABLE public.necrotopia_loottableitem (
    id bigint NOT NULL,
    item_name character varying(255) NOT NULL,
    probability double precision NOT NULL,
    loot_table_id bigint NOT NULL,
    CONSTRAINT probability_range CHECK (((probability >= (0.0)::double precision) AND (probability <= (1.0)::double precision)))
);


ALTER TABLE public.necrotopia_loottableitem OWNER TO doadmin;

--
-- TOC entry 252 (class 1259 OID 37321)
-- Name: necrotopia_loottableitem_id_seq; Type: SEQUENCE; Schema: public; Owner: doadmin
--

ALTER TABLE public.necrotopia_loottableitem ALTER COLUMN id ADD GENERATED BY DEFAULT AS IDENTITY (
    SEQUENCE NAME public.necrotopia_loottableitem_id_seq
    START WITH 1
    INCREMENT BY 1
    NO MINVALUE
    NO MAXVALUE
    CACHE 1
);


--
-- TOC entry 253 (class 1259 OID 37322)
-- Name: necrotopia_moduleassembly; Type: TABLE; Schema: public; Owner: doadmin
--

CREATE TABLE public.necrotopia_moduleassembly (
    line_id integer NOT NULL,
    name character varying(255) NOT NULL,
    expiration_units smallint,
    time_units integer NOT NULL,
    item_type integer NOT NULL,
    achievement_mechanics character varying(1000),
    print_duplication character varying(1000),
    details character varying(1000),
    registration_date timestamp with time zone NOT NULL,
    last_update_date timestamp with time zone NOT NULL,
    crafting_tree character varying(100),
    crafting_area character varying(100),
    usage_tree character varying(100),
    update_required boolean,
    visual_description character varying(1000),
    published boolean NOT NULL,
    checked boolean NOT NULL,
    module_grades_id bigint,
    registrar_id bigint NOT NULL,
    tags character varying(255) DEFAULT ''::character varying NOT NULL
);


ALTER TABLE public.necrotopia_moduleassembly OWNER TO doadmin;

--
-- TOC entry 254 (class 1259 OID 37328)
-- Name: necrotopia_moduleassembly_line_id_seq; Type: SEQUENCE; Schema: public; Owner: doadmin
--

ALTER TABLE public.necrotopia_moduleassembly ALTER COLUMN line_id ADD GENERATED BY DEFAULT AS IDENTITY (
    SEQUENCE NAME public.necrotopia_moduleassembly_line_id_seq
    START WITH 1
    INCREMENT BY 1
    NO MINVALUE
    NO MAXVALUE
    CACHE 1
);


--
-- TOC entry 255 (class 1259 OID 37329)
-- Name: necrotopia_modulegrade; Type: TABLE; Schema: public; Owner: doadmin
--

CREATE TABLE public.necrotopia_modulegrade (
    id bigint NOT NULL,
    grade integer NOT NULL,
    name character varying(255) NOT NULL,
    mind integer,
    "time" integer,
    mechanics character varying(1000),
    module_assembly_id integer,
    resources_id bigint,
    sub_assemblies_id bigint
);


ALTER TABLE public.necrotopia_modulegrade OWNER TO doadmin;

--
-- TOC entry 256 (class 1259 OID 37334)
-- Name: necrotopia_modulegrade_id_seq; Type: SEQUENCE; Schema: public; Owner: doadmin
--

ALTER TABLE public.necrotopia_modulegrade ALTER COLUMN id ADD GENERATED BY DEFAULT AS IDENTITY (
    SEQUENCE NAME public.necrotopia_modulegrade_id_seq
    START WITH 1
    INCREMENT BY 1
    NO MINVALUE
    NO MAXVALUE
    CACHE 1
);


--
-- TOC entry 257 (class 1259 OID 37335)
-- Name: necrotopia_modulegraderesource; Type: TABLE; Schema: public; Owner: doadmin
--

CREATE TABLE public.necrotopia_modulegraderesource (
    id bigint NOT NULL,
    quantity integer NOT NULL,
    parent_grade_id bigint NOT NULL,
    resource_id bigint
);


ALTER TABLE public.necrotopia_modulegraderesource OWNER TO doadmin;

--
-- TOC entry 258 (class 1259 OID 37338)
-- Name: necrotopia_modulegraderesource_id_seq; Type: SEQUENCE; Schema: public; Owner: doadmin
--

ALTER TABLE public.necrotopia_modulegraderesource ALTER COLUMN id ADD GENERATED BY DEFAULT AS IDENTITY (
    SEQUENCE NAME public.necrotopia_modulegraderesource_id_seq
    START WITH 1
    INCREMENT BY 1
    NO MINVALUE
    NO MAXVALUE
    CACHE 1
);


--
-- TOC entry 259 (class 1259 OID 37339)
-- Name: necrotopia_modulegradesubassembly; Type: TABLE; Schema: public; Owner: doadmin
--

CREATE TABLE public.necrotopia_modulegradesubassembly (
    id bigint NOT NULL,
    quantity integer NOT NULL,
    grade integer NOT NULL,
    assembly_id integer,
    parent_grade_id bigint NOT NULL
);


ALTER TABLE public.necrotopia_modulegradesubassembly OWNER TO doadmin;

--
-- TOC entry 260 (class 1259 OID 37342)
-- Name: necrotopia_modulegradesubassembly_id_seq; Type: SEQUENCE; Schema: public; Owner: doadmin
--

ALTER TABLE public.necrotopia_modulegradesubassembly ALTER COLUMN id ADD GENERATED BY DEFAULT AS IDENTITY (
    SEQUENCE NAME public.necrotopia_modulegradesubassembly_id_seq
    START WITH 1
    INCREMENT BY 1
    NO MINVALUE
    NO MAXVALUE
    CACHE 1
);


--
-- TOC entry 261 (class 1259 OID 37343)
-- Name: necrotopia_ratedskillitem; Type: TABLE; Schema: public; Owner: doadmin
--

CREATE TABLE public.necrotopia_ratedskillitem (
    id bigint NOT NULL,
    grade integer NOT NULL,
    mind integer,
    "time" integer,
    one_use_per_game boolean,
    resource_item_id bigint NOT NULL,
    skill_id bigint NOT NULL
);


ALTER TABLE public.necrotopia_ratedskillitem OWNER TO doadmin;

--
-- TOC entry 262 (class 1259 OID 37346)
-- Name: necrotopia_ratedskillitem_id_seq; Type: SEQUENCE; Schema: public; Owner: doadmin
--

ALTER TABLE public.necrotopia_ratedskillitem ALTER COLUMN id ADD GENERATED BY DEFAULT AS IDENTITY (
    SEQUENCE NAME public.necrotopia_ratedskillitem_id_seq
    START WITH 1
    INCREMENT BY 1
    NO MINVALUE
    NO MAXVALUE
    CACHE 1
);


--
-- TOC entry 263 (class 1259 OID 37347)
-- Name: necrotopia_resourceitem; Type: TABLE; Schema: public; Owner: doadmin
--

CREATE TABLE public.necrotopia_resourceitem (
    id bigint NOT NULL,
    name character varying(255) NOT NULL,
    expiration_units smallint,
    time_units integer NOT NULL,
    registry_date timestamp with time zone NOT NULL,
    rated_skills_id bigint,
    registrar_id bigint NOT NULL,
    tags character varying(255) DEFAULT ''::character varying NOT NULL
);


ALTER TABLE public.necrotopia_resourceitem OWNER TO doadmin;

--
-- TOC entry 264 (class 1259 OID 37353)
-- Name: necrotopia_resourceitem_id_seq; Type: SEQUENCE; Schema: public; Owner: doadmin
--

ALTER TABLE public.necrotopia_resourceitem ALTER COLUMN id ADD GENERATED BY DEFAULT AS IDENTITY (
    SEQUENCE NAME public.necrotopia_resourceitem_id_seq
    START WITH 1
    INCREMENT BY 1
    NO MINVALUE
    NO MAXVALUE
    CACHE 1
);


--
-- TOC entry 265 (class 1259 OID 37354)
-- Name: necrotopia_rule; Type: TABLE; Schema: public; Owner: doadmin
--

CREATE TABLE public.necrotopia_rule (
    id bigint NOT NULL,
    name character varying(255) NOT NULL,
    reference character varying(255),
    slug character varying(255),
    text character varying(2048),
    creation_date timestamp with time zone NOT NULL,
    creator_id bigint NOT NULL,
    pictures_id bigint,
    tags character varying(255) DEFAULT ''::character varying NOT NULL
);


ALTER TABLE public.necrotopia_rule OWNER TO doadmin;

--
-- TOC entry 266 (class 1259 OID 37360)
-- Name: necrotopia_rule_id_seq; Type: SEQUENCE; Schema: public; Owner: doadmin
--

ALTER TABLE public.necrotopia_rule ALTER COLUMN id ADD GENERATED BY DEFAULT AS IDENTITY (
    SEQUENCE NAME public.necrotopia_rule_id_seq
    START WITH 1
    INCREMENT BY 1
    NO MINVALUE
    NO MAXVALUE
    CACHE 1
);


--
-- TOC entry 267 (class 1259 OID 37361)
-- Name: necrotopia_rulepicture; Type: TABLE; Schema: public; Owner: doadmin
--

CREATE TABLE public.necrotopia_rulepicture (
    id bigint NOT NULL,
    picture character varying(100) NOT NULL,
    rule_item_id bigint NOT NULL
);


ALTER TABLE public.necrotopia_rulepicture OWNER TO doadmin;

--
-- TOC entry 268 (class 1259 OID 37364)
-- Name: necrotopia_rulepicture_id_seq; Type: SEQUENCE; Schema: public; Owner: doadmin
--

ALTER TABLE public.necrotopia_rulepicture ALTER COLUMN id ADD GENERATED BY DEFAULT AS IDENTITY (
    SEQUENCE NAME public.necrotopia_rulepicture_id_seq
    START WITH 1
    INCREMENT BY 1
    NO MINVALUE
    NO MAXVALUE
    CACHE 1
);


--
-- TOC entry 269 (class 1259 OID 37365)
-- Name: necrotopia_skillitem; Type: TABLE; Schema: public; Owner: doadmin
--

CREATE TABLE public.necrotopia_skillitem (
    id bigint NOT NULL,
    name character varying(255) NOT NULL,
    category integer NOT NULL,
    registry_date timestamp with time zone NOT NULL,
    registrar_id bigint NOT NULL,
    skill_ratings_id bigint,
    tags character varying(255) DEFAULT ''::character varying NOT NULL
);


ALTER TABLE public.necrotopia_skillitem OWNER TO doadmin;

--
-- TOC entry 270 (class 1259 OID 37371)
-- Name: necrotopia_skillitem_id_seq; Type: SEQUENCE; Schema: public; Owner: doadmin
--

ALTER TABLE public.necrotopia_skillitem ALTER COLUMN id ADD GENERATED BY DEFAULT AS IDENTITY (
    SEQUENCE NAME public.necrotopia_skillitem_id_seq
    START WITH 39
    INCREMENT BY 1
    MINVALUE 39
    NO MAXVALUE
    CACHE 1
);


--
-- TOC entry 271 (class 1259 OID 37372)
-- Name: necrotopia_skillratings; Type: TABLE; Schema: public; Owner: doadmin
--

CREATE TABLE public.necrotopia_skillratings (
    id bigint NOT NULL,
    grade integer NOT NULL,
    description character varying(3000) NOT NULL,
    skill_id bigint NOT NULL
);


ALTER TABLE public.necrotopia_skillratings OWNER TO doadmin;

--
-- TOC entry 272 (class 1259 OID 37377)
-- Name: necrotopia_skillratings_id_seq; Type: SEQUENCE; Schema: public; Owner: doadmin
--

ALTER TABLE public.necrotopia_skillratings ALTER COLUMN id ADD GENERATED BY DEFAULT AS IDENTITY (
    SEQUENCE NAME public.necrotopia_skillratings_id_seq
    START WITH 1
    INCREMENT BY 1
    NO MINVALUE
    NO MAXVALUE
    CACHE 1
);


--
-- TOC entry 273 (class 1259 OID 37378)
-- Name: necrotopia_title; Type: TABLE; Schema: public; Owner: doadmin
--

CREATE TABLE public.necrotopia_title (
    id bigint NOT NULL,
    descriptor character varying(30) NOT NULL
);


ALTER TABLE public.necrotopia_title OWNER TO doadmin;

--
-- TOC entry 274 (class 1259 OID 37381)
-- Name: necrotopia_title_id_seq; Type: SEQUENCE; Schema: public; Owner: doadmin
--

ALTER TABLE public.necrotopia_title ALTER COLUMN id ADD GENERATED BY DEFAULT AS IDENTITY (
    SEQUENCE NAME public.necrotopia_title_id_seq
    START WITH 1
    INCREMENT BY 1
    NO MINVALUE
    NO MAXVALUE
    CACHE 1
);


--
-- TOC entry 275 (class 1259 OID 37382)
-- Name: necrotopia_usefullinks; Type: TABLE; Schema: public; Owner: doadmin
--

CREATE TABLE public.necrotopia_usefullinks (
    id bigint NOT NULL,
    name character varying(255) NOT NULL,
    description character varying(500),
    url character varying(200) NOT NULL,
    published boolean NOT NULL,
    registry_date timestamp with time zone NOT NULL,
    chapter_link_id bigint,
    registrar_id bigint
);


ALTER TABLE public.necrotopia_usefullinks OWNER TO doadmin;

--
-- TOC entry 276 (class 1259 OID 37387)
-- Name: necrotopia_usefullinks_id_seq; Type: SEQUENCE; Schema: public; Owner: doadmin
--

ALTER TABLE public.necrotopia_usefullinks ALTER COLUMN id ADD GENERATED BY DEFAULT AS IDENTITY (
    SEQUENCE NAME public.necrotopia_usefullinks_id_seq
    START WITH 1
    INCREMENT BY 1
    NO MINVALUE
    NO MAXVALUE
    CACHE 1
);


--
-- TOC entry 277 (class 1259 OID 37388)
-- Name: necrotopia_userprofile; Type: TABLE; Schema: public; Owner: doadmin
--

CREATE TABLE public.necrotopia_userprofile (
    id bigint NOT NULL,
    password character varying(128) NOT NULL,
    last_login timestamp with time zone,
    display_name character varying(255) NOT NULL,
    full_name character varying(255) NOT NULL,
    email character varying(254) NOT NULL,
    pronouns character varying(255),
    is_staff boolean NOT NULL,
    is_active boolean NOT NULL,
    is_superuser boolean NOT NULL,
    date_joined timestamp with time zone NOT NULL,
    birth_date timestamp with time zone,
    gender_id bigint,
    title_id bigint,
    display_game_advertisements boolean DEFAULT true
);


ALTER TABLE public.necrotopia_userprofile OWNER TO doadmin;

--
-- TOC entry 278 (class 1259 OID 37394)
-- Name: necrotopia_userprofile_groups; Type: TABLE; Schema: public; Owner: doadmin
--

CREATE TABLE public.necrotopia_userprofile_groups (
    id bigint NOT NULL,
    userprofile_id bigint NOT NULL,
    group_id integer NOT NULL
);


ALTER TABLE public.necrotopia_userprofile_groups OWNER TO doadmin;

--
-- TOC entry 279 (class 1259 OID 37397)
-- Name: necrotopia_userprofile_groups_id_seq; Type: SEQUENCE; Schema: public; Owner: doadmin
--

ALTER TABLE public.necrotopia_userprofile_groups ALTER COLUMN id ADD GENERATED BY DEFAULT AS IDENTITY (
    SEQUENCE NAME public.necrotopia_userprofile_groups_id_seq
    START WITH 1
    INCREMENT BY 1
    NO MINVALUE
    NO MAXVALUE
    CACHE 1
);


--
-- TOC entry 280 (class 1259 OID 37398)
-- Name: necrotopia_userprofile_id_seq; Type: SEQUENCE; Schema: public; Owner: doadmin
--

ALTER TABLE public.necrotopia_userprofile ALTER COLUMN id ADD GENERATED BY DEFAULT AS IDENTITY (
    SEQUENCE NAME public.necrotopia_userprofile_id_seq
    START WITH 1
    INCREMENT BY 1
    NO MINVALUE
    NO MAXVALUE
    CACHE 1
);


--
-- TOC entry 281 (class 1259 OID 37399)
-- Name: necrotopia_userprofile_user_permissions; Type: TABLE; Schema: public; Owner: doadmin
--

CREATE TABLE public.necrotopia_userprofile_user_permissions (
    id bigint NOT NULL,
    userprofile_id bigint NOT NULL,
    permission_id integer NOT NULL
);


ALTER TABLE public.necrotopia_userprofile_user_permissions OWNER TO doadmin;

--
-- TOC entry 282 (class 1259 OID 37402)
-- Name: necrotopia_userprofile_user_permissions_id_seq; Type: SEQUENCE; Schema: public; Owner: doadmin
--

ALTER TABLE public.necrotopia_userprofile_user_permissions ALTER COLUMN id ADD GENERATED BY DEFAULT AS IDENTITY (
    SEQUENCE NAME public.necrotopia_userprofile_user_permissions_id_seq
    START WITH 1
    INCREMENT BY 1
    NO MINVALUE
    NO MAXVALUE
    CACHE 1
);


--
-- TOC entry 292 (class 1259 OID 37893)
-- Name: necrotopia_wallet; Type: TABLE; Schema: public; Owner: doadmin
--

CREATE TABLE public.necrotopia_wallet (
    id bigint NOT NULL,
    name character varying NOT NULL,
    creation_date timestamp with time zone NOT NULL,
    owner_link_id bigint NOT NULL,
    items_id bigint,
    resources_id bigint
);


ALTER TABLE public.necrotopia_wallet OWNER TO doadmin;

--
-- TOC entry 291 (class 1259 OID 37892)
-- Name: necrotopia_wallet_id_seq; Type: SEQUENCE; Schema: public; Owner: doadmin
--

ALTER TABLE public.necrotopia_wallet ALTER COLUMN id ADD GENERATED BY DEFAULT AS IDENTITY (
    SEQUENCE NAME public.necrotopia_wallet_id_seq
    START WITH 1
    INCREMENT BY 1
    NO MINVALUE
    NO MAXVALUE
    CACHE 1
);


--
-- TOC entry 296 (class 1259 OID 37912)
-- Name: necrotopia_walletitem; Type: TABLE; Schema: public; Owner: doadmin
--

CREATE TABLE public.necrotopia_walletitem (
    walletobjectbase_ptr_id bigint NOT NULL,
    name character varying,
    module_link_id integer NOT NULL
);


ALTER TABLE public.necrotopia_walletitem OWNER TO doadmin;

--
-- TOC entry 294 (class 1259 OID 37901)
-- Name: necrotopia_walletobjectbase; Type: TABLE; Schema: public; Owner: doadmin
--

CREATE TABLE public.necrotopia_walletobjectbase (
    id bigint NOT NULL,
    quantity integer NOT NULL,
    acquire_date date NOT NULL,
    expiration_date date,
    notes character varying(255),
    wallet_link_id bigint NOT NULL,
    CONSTRAINT necrotopia_walletobjectbase_quantity_check CHECK ((quantity >= 0))
);


ALTER TABLE public.necrotopia_walletobjectbase OWNER TO doadmin;

--
-- TOC entry 293 (class 1259 OID 37900)
-- Name: necrotopia_walletobjectbase_id_seq; Type: SEQUENCE; Schema: public; Owner: doadmin
--

ALTER TABLE public.necrotopia_walletobjectbase ALTER COLUMN id ADD GENERATED BY DEFAULT AS IDENTITY (
    SEQUENCE NAME public.necrotopia_walletobjectbase_id_seq
    START WITH 1
    INCREMENT BY 1
    NO MINVALUE
    NO MAXVALUE
    CACHE 1
);


--
-- TOC entry 295 (class 1259 OID 37907)
-- Name: necrotopia_walletresource; Type: TABLE; Schema: public; Owner: doadmin
--

CREATE TABLE public.necrotopia_walletresource (
    walletobjectbase_ptr_id bigint NOT NULL,
    resource_link_id bigint NOT NULL
);


ALTER TABLE public.necrotopia_walletresource OWNER TO doadmin;

--
-- TOC entry 283 (class 1259 OID 37403)
-- Name: password_history_passwordhistory; Type: TABLE; Schema: public; Owner: doadmin
--

CREATE TABLE public.password_history_passwordhistory (
    id integer NOT NULL,
    password character varying(255) NOT NULL,
    date timestamp with time zone NOT NULL,
    user_config_id integer NOT NULL
);


ALTER TABLE public.password_history_passwordhistory OWNER TO doadmin;

--
-- TOC entry 284 (class 1259 OID 37406)
-- Name: password_history_passwordhistory_id_seq; Type: SEQUENCE; Schema: public; Owner: doadmin
--

ALTER TABLE public.password_history_passwordhistory ALTER COLUMN id ADD GENERATED BY DEFAULT AS IDENTITY (
    SEQUENCE NAME public.password_history_passwordhistory_id_seq
    START WITH 1
    INCREMENT BY 1
    NO MINVALUE
    NO MAXVALUE
    CACHE 1
);


--
-- TOC entry 285 (class 1259 OID 37407)
-- Name: password_history_userpasswordhistoryconfig; Type: TABLE; Schema: public; Owner: doadmin
--

CREATE TABLE public.password_history_userpasswordhistoryconfig (
    id integer NOT NULL,
    date timestamp with time zone NOT NULL,
    salt character varying(120) NOT NULL,
    iterations integer,
    user_id bigint NOT NULL
);


ALTER TABLE public.password_history_userpasswordhistoryconfig OWNER TO doadmin;

--
-- TOC entry 286 (class 1259 OID 37410)
-- Name: password_history_userpasswordhistoryconfig_id_seq; Type: SEQUENCE; Schema: public; Owner: doadmin
--

ALTER TABLE public.password_history_userpasswordhistoryconfig ALTER COLUMN id ADD GENERATED BY DEFAULT AS IDENTITY (
    SEQUENCE NAME public.password_history_userpasswordhistoryconfig_id_seq
    START WITH 1
    INCREMENT BY 1
    NO MINVALUE
    NO MAXVALUE
    CACHE 1
);


--
-- TOC entry 287 (class 1259 OID 37411)
-- Name: tagging_tag; Type: TABLE; Schema: public; Owner: doadmin
--

CREATE TABLE public.tagging_tag (
    id bigint NOT NULL,
    name character varying(50) NOT NULL
);


ALTER TABLE public.tagging_tag OWNER TO doadmin;

--
-- TOC entry 288 (class 1259 OID 37414)
-- Name: tagging_tag_id_seq; Type: SEQUENCE; Schema: public; Owner: doadmin
--

ALTER TABLE public.tagging_tag ALTER COLUMN id ADD GENERATED BY DEFAULT AS IDENTITY (
    SEQUENCE NAME public.tagging_tag_id_seq
    START WITH 1
    INCREMENT BY 1
    NO MINVALUE
    NO MAXVALUE
    CACHE 1
);


--
-- TOC entry 289 (class 1259 OID 37415)
-- Name: tagging_taggeditem; Type: TABLE; Schema: public; Owner: doadmin
--

CREATE TABLE public.tagging_taggeditem (
    id bigint NOT NULL,
    object_id integer NOT NULL,
    content_type_id integer NOT NULL,
    tag_id bigint NOT NULL,
    CONSTRAINT tagging_taggeditem_object_id_check CHECK ((object_id >= 0))
);


ALTER TABLE public.tagging_taggeditem OWNER TO doadmin;

--
-- TOC entry 290 (class 1259 OID 37419)
-- Name: tagging_taggeditem_id_seq; Type: SEQUENCE; Schema: public; Owner: doadmin
--

ALTER TABLE public.tagging_taggeditem ALTER COLUMN id ADD GENERATED BY DEFAULT AS IDENTITY (
    SEQUENCE NAME public.tagging_taggeditem_id_seq
    START WITH 1
    INCREMENT BY 1
    NO MINVALUE
    NO MAXVALUE
    CACHE 1
);


--
-- TOC entry 3797 (class 0 OID 37224)
-- Dependencies: 214
-- Data for Name: auth_group; Type: TABLE DATA; Schema: public; Owner: doadmin
--

INSERT INTO public.auth_group VALUES (1, 'public_works');
INSERT INTO public.auth_group VALUES (2, 'standard_player_access');


--
-- TOC entry 3799 (class 0 OID 37228)
-- Dependencies: 216
-- Data for Name: auth_group_permissions; Type: TABLE DATA; Schema: public; Owner: doadmin
--

INSERT INTO public.auth_group_permissions VALUES (1, 1, 96);
INSERT INTO public.auth_group_permissions VALUES (2, 1, 32);
INSERT INTO public.auth_group_permissions VALUES (3, 1, 100);
INSERT INTO public.auth_group_permissions VALUES (4, 1, 68);
INSERT INTO public.auth_group_permissions VALUES (5, 1, 164);
INSERT INTO public.auth_group_permissions VALUES (6, 1, 36);
INSERT INTO public.auth_group_permissions VALUES (7, 1, 104);
INSERT INTO public.auth_group_permissions VALUES (8, 1, 137);
INSERT INTO public.auth_group_permissions VALUES (9, 1, 40);
INSERT INTO public.auth_group_permissions VALUES (10, 1, 168);
INSERT INTO public.auth_group_permissions VALUES (11, 1, 140);
INSERT INTO public.auth_group_permissions VALUES (12, 1, 76);
INSERT INTO public.auth_group_permissions VALUES (13, 1, 112);
INSERT INTO public.auth_group_permissions VALUES (14, 1, 116);
INSERT INTO public.auth_group_permissions VALUES (15, 1, 120);
INSERT INTO public.auth_group_permissions VALUES (16, 1, 56);
INSERT INTO public.auth_group_permissions VALUES (17, 1, 92);
INSERT INTO public.auth_group_permissions VALUES (18, 2, 128);
INSERT INTO public.auth_group_permissions VALUES (19, 2, 144);
INSERT INTO public.auth_group_permissions VALUES (20, 2, 148);
INSERT INTO public.auth_group_permissions VALUES (21, 2, 152);
INSERT INTO public.auth_group_permissions VALUES (22, 2, 156);
INSERT INTO public.auth_group_permissions VALUES (23, 2, 160);
INSERT INTO public.auth_group_permissions VALUES (24, 2, 32);
INSERT INTO public.auth_group_permissions VALUES (25, 2, 164);
INSERT INTO public.auth_group_permissions VALUES (26, 2, 36);
INSERT INTO public.auth_group_permissions VALUES (27, 2, 40);
INSERT INTO public.auth_group_permissions VALUES (28, 2, 168);
INSERT INTO public.auth_group_permissions VALUES (29, 2, 44);
INSERT INTO public.auth_group_permissions VALUES (30, 2, 56);
INSERT INTO public.auth_group_permissions VALUES (31, 2, 68);
INSERT INTO public.auth_group_permissions VALUES (32, 2, 72);
INSERT INTO public.auth_group_permissions VALUES (33, 2, 76);
INSERT INTO public.auth_group_permissions VALUES (34, 2, 92);
INSERT INTO public.auth_group_permissions VALUES (35, 2, 96);
INSERT INTO public.auth_group_permissions VALUES (36, 2, 100);
INSERT INTO public.auth_group_permissions VALUES (37, 2, 104);
INSERT INTO public.auth_group_permissions VALUES (38, 2, 112);
INSERT INTO public.auth_group_permissions VALUES (39, 2, 116);
INSERT INTO public.auth_group_permissions VALUES (40, 2, 121);
INSERT INTO public.auth_group_permissions VALUES (41, 2, 122);
INSERT INTO public.auth_group_permissions VALUES (42, 2, 123);
INSERT INTO public.auth_group_permissions VALUES (43, 2, 124);


--
-- TOC entry 3801 (class 0 OID 37232)
-- Dependencies: 218
-- Data for Name: auth_permission; Type: TABLE DATA; Schema: public; Owner: doadmin
--

INSERT INTO public.auth_permission VALUES (1, 'Can add log entry', 1, 'add_logentry');
INSERT INTO public.auth_permission VALUES (2, 'Can change log entry', 1, 'change_logentry');
INSERT INTO public.auth_permission VALUES (3, 'Can delete log entry', 1, 'delete_logentry');
INSERT INTO public.auth_permission VALUES (4, 'Can view log entry', 1, 'view_logentry');
INSERT INTO public.auth_permission VALUES (5, 'Can add permission', 2, 'add_permission');
INSERT INTO public.auth_permission VALUES (6, 'Can change permission', 2, 'change_permission');
INSERT INTO public.auth_permission VALUES (7, 'Can delete permission', 2, 'delete_permission');
INSERT INTO public.auth_permission VALUES (8, 'Can view permission', 2, 'view_permission');
INSERT INTO public.auth_permission VALUES (9, 'Can add group', 3, 'add_group');
INSERT INTO public.auth_permission VALUES (10, 'Can change group', 3, 'change_group');
INSERT INTO public.auth_permission VALUES (11, 'Can delete group', 3, 'delete_group');
INSERT INTO public.auth_permission VALUES (12, 'Can view group', 3, 'view_group');
INSERT INTO public.auth_permission VALUES (13, 'Can add content type', 4, 'add_contenttype');
INSERT INTO public.auth_permission VALUES (14, 'Can change content type', 4, 'change_contenttype');
INSERT INTO public.auth_permission VALUES (15, 'Can delete content type', 4, 'delete_contenttype');
INSERT INTO public.auth_permission VALUES (16, 'Can view content type', 4, 'view_contenttype');
INSERT INTO public.auth_permission VALUES (17, 'Can add session', 5, 'add_session');
INSERT INTO public.auth_permission VALUES (18, 'Can change session', 5, 'change_session');
INSERT INTO public.auth_permission VALUES (19, 'Can delete session', 5, 'delete_session');
INSERT INTO public.auth_permission VALUES (20, 'Can view session', 5, 'view_session');
INSERT INTO public.auth_permission VALUES (21, 'Can add Old password', 6, 'add_passwordhistory');
INSERT INTO public.auth_permission VALUES (22, 'Can change Old password', 6, 'change_passwordhistory');
INSERT INTO public.auth_permission VALUES (23, 'Can delete Old password', 6, 'delete_passwordhistory');
INSERT INTO public.auth_permission VALUES (24, 'Can view Old password', 6, 'view_passwordhistory');
INSERT INTO public.auth_permission VALUES (25, 'Can add Configuration', 7, 'add_userpasswordhistoryconfig');
INSERT INTO public.auth_permission VALUES (26, 'Can change Configuration', 7, 'change_userpasswordhistoryconfig');
INSERT INTO public.auth_permission VALUES (27, 'Can delete Configuration', 7, 'delete_userpasswordhistoryconfig');
INSERT INTO public.auth_permission VALUES (28, 'Can view Configuration', 7, 'view_userpasswordhistoryconfig');
INSERT INTO public.auth_permission VALUES (29, 'Can add tag', 8, 'add_tag');
INSERT INTO public.auth_permission VALUES (30, 'Can change tag', 8, 'change_tag');
INSERT INTO public.auth_permission VALUES (31, 'Can delete tag', 8, 'delete_tag');
INSERT INTO public.auth_permission VALUES (32, 'Can view tag', 8, 'view_tag');
INSERT INTO public.auth_permission VALUES (33, 'Can add tagged item', 9, 'add_taggeditem');
INSERT INTO public.auth_permission VALUES (34, 'Can change tagged item', 9, 'change_taggeditem');
INSERT INTO public.auth_permission VALUES (35, 'Can delete tagged item', 9, 'delete_taggeditem');
INSERT INTO public.auth_permission VALUES (36, 'Can view tagged item', 9, 'view_taggeditem');
INSERT INTO public.auth_permission VALUES (37, 'Can add user', 10, 'add_userprofile');
INSERT INTO public.auth_permission VALUES (38, 'Can change user', 10, 'change_userprofile');
INSERT INTO public.auth_permission VALUES (39, 'Can delete user', 10, 'delete_userprofile');
INSERT INTO public.auth_permission VALUES (40, 'Can view user', 10, 'view_userprofile');
INSERT INTO public.auth_permission VALUES (41, 'Can add chapter', 11, 'add_chapter');
INSERT INTO public.auth_permission VALUES (42, 'Can change chapter', 11, 'change_chapter');
INSERT INTO public.auth_permission VALUES (43, 'Can delete chapter', 11, 'delete_chapter');
INSERT INTO public.auth_permission VALUES (44, 'Can view chapter', 11, 'view_chapter');
INSERT INTO public.auth_permission VALUES (45, 'Can add gender', 12, 'add_gender');
INSERT INTO public.auth_permission VALUES (46, 'Can change gender', 12, 'change_gender');
INSERT INTO public.auth_permission VALUES (47, 'Can delete gender', 12, 'delete_gender');
INSERT INTO public.auth_permission VALUES (48, 'Can view gender', 12, 'view_gender');
INSERT INTO public.auth_permission VALUES (49, 'Can add rated skill item', 13, 'add_ratedskillitem');
INSERT INTO public.auth_permission VALUES (50, 'Can change rated skill item', 13, 'change_ratedskillitem');
INSERT INTO public.auth_permission VALUES (51, 'Can delete rated skill item', 13, 'delete_ratedskillitem');
INSERT INTO public.auth_permission VALUES (52, 'Can view rated skill item', 13, 'view_ratedskillitem');
INSERT INTO public.auth_permission VALUES (53, 'Can add Skill', 14, 'add_skillitem');
INSERT INTO public.auth_permission VALUES (54, 'Can change Skill', 14, 'change_skillitem');
INSERT INTO public.auth_permission VALUES (55, 'Can delete Skill', 14, 'delete_skillitem');
INSERT INTO public.auth_permission VALUES (56, 'Can view Skill', 14, 'view_skillitem');
INSERT INTO public.auth_permission VALUES (57, 'Can add title', 15, 'add_title');
INSERT INTO public.auth_permission VALUES (58, 'Can change title', 15, 'change_title');
INSERT INTO public.auth_permission VALUES (59, 'Can delete title', 15, 'delete_title');
INSERT INTO public.auth_permission VALUES (60, 'Can view title', 15, 'view_title');
INSERT INTO public.auth_permission VALUES (61, 'Can add group', 16, 'add_group');
INSERT INTO public.auth_permission VALUES (62, 'Can change group', 16, 'change_group');
INSERT INTO public.auth_permission VALUES (63, 'Can delete group', 16, 'delete_group');
INSERT INTO public.auth_permission VALUES (64, 'Can view group', 16, 'view_group');
INSERT INTO public.auth_permission VALUES (65, 'Can add Chapter Useful Link', 17, 'add_usefullinks');
INSERT INTO public.auth_permission VALUES (66, 'Can change Chapter Useful Link', 17, 'change_usefullinks');
INSERT INTO public.auth_permission VALUES (67, 'Can delete Chapter Useful Link', 17, 'delete_usefullinks');
INSERT INTO public.auth_permission VALUES (68, 'Can view Chapter Useful Link', 17, 'view_usefullinks');
INSERT INTO public.auth_permission VALUES (69, 'Can add SkillRating', 18, 'add_skillratings');
INSERT INTO public.auth_permission VALUES (70, 'Can change SkillRating', 18, 'change_skillratings');
INSERT INTO public.auth_permission VALUES (71, 'Can delete SkillRating', 18, 'delete_skillratings');
INSERT INTO public.auth_permission VALUES (72, 'Can view SkillRating', 18, 'view_skillratings');
INSERT INTO public.auth_permission VALUES (73, 'Can add Resource', 19, 'add_resourceitem');
INSERT INTO public.auth_permission VALUES (74, 'Can change Resource', 19, 'change_resourceitem');
INSERT INTO public.auth_permission VALUES (75, 'Can delete Resource', 19, 'delete_resourceitem');
INSERT INTO public.auth_permission VALUES (76, 'Can view Resource', 19, 'view_resourceitem');
INSERT INTO public.auth_permission VALUES (77, 'Can add department', 20, 'add_department');
INSERT INTO public.auth_permission VALUES (78, 'Can change department', 20, 'change_department');
INSERT INTO public.auth_permission VALUES (79, 'Can delete department', 20, 'delete_department');
INSERT INTO public.auth_permission VALUES (80, 'Can view department', 20, 'view_department');
INSERT INTO public.auth_permission VALUES (81, 'Can add chapter staff type', 21, 'add_chapterstafftype');
INSERT INTO public.auth_permission VALUES (82, 'Can change chapter staff type', 21, 'change_chapterstafftype');
INSERT INTO public.auth_permission VALUES (83, 'Can delete chapter staff type', 21, 'delete_chapterstafftype');
INSERT INTO public.auth_permission VALUES (84, 'Can view chapter staff type', 21, 'view_chapterstafftype');
INSERT INTO public.auth_permission VALUES (85, 'Can add chapter staff', 22, 'add_chapterstaff');
INSERT INTO public.auth_permission VALUES (86, 'Can change chapter staff', 22, 'change_chapterstaff');
INSERT INTO public.auth_permission VALUES (87, 'Can delete chapter staff', 22, 'delete_chapterstaff');
INSERT INTO public.auth_permission VALUES (88, 'Can view chapter staff', 22, 'view_chapterstaff');
INSERT INTO public.auth_permission VALUES (89, 'Can add rule', 23, 'add_rule');
INSERT INTO public.auth_permission VALUES (90, 'Can change rule', 23, 'change_rule');
INSERT INTO public.auth_permission VALUES (91, 'Can delete rule', 23, 'delete_rule');
INSERT INTO public.auth_permission VALUES (92, 'Can view rule', 23, 'view_rule');
INSERT INTO public.auth_permission VALUES (93, 'Can add rule picture', 24, 'add_rulepicture');
INSERT INTO public.auth_permission VALUES (94, 'Can change rule picture', 24, 'change_rulepicture');
INSERT INTO public.auth_permission VALUES (95, 'Can delete rule picture', 24, 'delete_rulepicture');
INSERT INTO public.auth_permission VALUES (96, 'Can view rule picture', 24, 'view_rulepicture');
INSERT INTO public.auth_permission VALUES (97, 'Can add Resource', 25, 'add_modulegraderesource');
INSERT INTO public.auth_permission VALUES (98, 'Can change Resource', 25, 'change_modulegraderesource');
INSERT INTO public.auth_permission VALUES (99, 'Can delete Resource', 25, 'delete_modulegraderesource');
INSERT INTO public.auth_permission VALUES (100, 'Can view Resource', 25, 'view_modulegraderesource');
INSERT INTO public.auth_permission VALUES (101, 'Can add Item', 26, 'add_moduleassembly');
INSERT INTO public.auth_permission VALUES (102, 'Can change Item', 26, 'change_moduleassembly');
INSERT INTO public.auth_permission VALUES (103, 'Can delete Item', 26, 'delete_moduleassembly');
INSERT INTO public.auth_permission VALUES (104, 'Can view Item', 26, 'view_moduleassembly');
INSERT INTO public.auth_permission VALUES (105, 'Can add Crafted Item', 27, 'add_modulegradesubassembly');
INSERT INTO public.auth_permission VALUES (106, 'Can change Crafted Item', 27, 'change_modulegradesubassembly');
INSERT INTO public.auth_permission VALUES (107, 'Can delete Crafted Item', 27, 'delete_modulegradesubassembly');
INSERT INTO public.auth_permission VALUES (108, 'Can view Crafted Item', 27, 'view_modulegradesubassembly');
INSERT INTO public.auth_permission VALUES (109, 'Can add item picture', 28, 'add_itempicture');
INSERT INTO public.auth_permission VALUES (110, 'Can change item picture', 28, 'change_itempicture');
INSERT INTO public.auth_permission VALUES (111, 'Can delete item picture', 28, 'delete_itempicture');
INSERT INTO public.auth_permission VALUES (112, 'Can view item picture', 28, 'view_itempicture');
INSERT INTO public.auth_permission VALUES (113, 'Can add Item Grade', 29, 'add_modulegrade');
INSERT INTO public.auth_permission VALUES (114, 'Can change Item Grade', 29, 'change_modulegrade');
INSERT INTO public.auth_permission VALUES (115, 'Can delete Item Grade', 29, 'delete_modulegrade');
INSERT INTO public.auth_permission VALUES (116, 'Can view Item Grade', 29, 'view_modulegrade');
INSERT INTO public.auth_permission VALUES (117, 'Can add item pdf', 30, 'add_itempdf');
INSERT INTO public.auth_permission VALUES (118, 'Can change item pdf', 30, 'change_itempdf');
INSERT INTO public.auth_permission VALUES (119, 'Can delete item pdf', 30, 'delete_itempdf');
INSERT INTO public.auth_permission VALUES (120, 'Can view item pdf', 30, 'view_itempdf');
INSERT INTO public.auth_permission VALUES (121, 'Can add character', 31, 'add_character');
INSERT INTO public.auth_permission VALUES (122, 'Can change character', 31, 'change_character');
INSERT INTO public.auth_permission VALUES (123, 'Can delete character', 31, 'delete_character');
INSERT INTO public.auth_permission VALUES (124, 'Can view character', 31, 'view_character');
INSERT INTO public.auth_permission VALUES (125, 'Can add financial institution', 32, 'add_financialinstitution');
INSERT INTO public.auth_permission VALUES (126, 'Can change financial institution', 32, 'change_financialinstitution');
INSERT INTO public.auth_permission VALUES (127, 'Can delete financial institution', 32, 'delete_financialinstitution');
INSERT INTO public.auth_permission VALUES (128, 'Can view financial institution', 32, 'view_financialinstitution');
INSERT INTO public.auth_permission VALUES (129, 'Can add loot table', 33, 'add_loottable');
INSERT INTO public.auth_permission VALUES (130, 'Can change loot table', 33, 'change_loottable');
INSERT INTO public.auth_permission VALUES (131, 'Can delete loot table', 33, 'delete_loottable');
INSERT INTO public.auth_permission VALUES (132, 'Can view loot table', 33, 'view_loottable');
INSERT INTO public.auth_permission VALUES (133, 'Can add loot table item', 34, 'add_loottableitem');
INSERT INTO public.auth_permission VALUES (134, 'Can change loot table item', 34, 'change_loottableitem');
INSERT INTO public.auth_permission VALUES (135, 'Can delete loot table item', 34, 'delete_loottableitem');
INSERT INTO public.auth_permission VALUES (136, 'Can view loot table item', 34, 'view_loottableitem');
INSERT INTO public.auth_permission VALUES (137, 'Can add financial investment', 35, 'add_financialinvestment');
INSERT INTO public.auth_permission VALUES (138, 'Can change financial investment', 35, 'change_financialinvestment');
INSERT INTO public.auth_permission VALUES (139, 'Can delete financial investment', 35, 'delete_financialinvestment');
INSERT INTO public.auth_permission VALUES (140, 'Can view financial investment', 35, 'view_financialinvestment');
INSERT INTO public.auth_permission VALUES (141, 'Can add financial institution picture', 36, 'add_financialinstitutionpicture');
INSERT INTO public.auth_permission VALUES (142, 'Can change financial institution picture', 36, 'change_financialinstitutionpicture');
INSERT INTO public.auth_permission VALUES (143, 'Can delete financial institution picture', 36, 'delete_financialinstitutionpicture');
INSERT INTO public.auth_permission VALUES (144, 'Can view financial institution picture', 36, 'view_financialinstitutionpicture');
INSERT INTO public.auth_permission VALUES (145, 'Can add chapter picture', 37, 'add_chapterpicture');
INSERT INTO public.auth_permission VALUES (146, 'Can change chapter picture', 37, 'change_chapterpicture');
INSERT INTO public.auth_permission VALUES (147, 'Can delete chapter picture', 37, 'delete_chapterpicture');
INSERT INTO public.auth_permission VALUES (148, 'Can view chapter picture', 37, 'view_chapterpicture');
INSERT INTO public.auth_permission VALUES (149, 'Can add institution picture', 38, 'add_institutionpicture');
INSERT INTO public.auth_permission VALUES (150, 'Can change institution picture', 38, 'change_institutionpicture');
INSERT INTO public.auth_permission VALUES (151, 'Can delete institution picture', 38, 'delete_institutionpicture');
INSERT INTO public.auth_permission VALUES (152, 'Can view institution picture', 38, 'view_institutionpicture');
INSERT INTO public.auth_permission VALUES (153, 'Can add Advertisement', 39, 'add_advertisement');
INSERT INTO public.auth_permission VALUES (154, 'Can change Advertisement', 39, 'change_advertisement');
INSERT INTO public.auth_permission VALUES (155, 'Can delete Advertisement', 39, 'delete_advertisement');
INSERT INTO public.auth_permission VALUES (156, 'Can view Advertisement', 39, 'view_advertisement');
INSERT INTO public.auth_permission VALUES (157, 'Can add Advertisement', 40, 'add_advertisementx');
INSERT INTO public.auth_permission VALUES (158, 'Can change Advertisement', 40, 'change_advertisementx');
INSERT INTO public.auth_permission VALUES (159, 'Can delete Advertisement', 40, 'delete_advertisementx');
INSERT INTO public.auth_permission VALUES (160, 'Can view Advertisement', 40, 'view_advertisementx');
INSERT INTO public.auth_permission VALUES (161, 'Can add tag', 41, 'add_tag');
INSERT INTO public.auth_permission VALUES (162, 'Can change tag', 41, 'change_tag');
INSERT INTO public.auth_permission VALUES (163, 'Can delete tag', 41, 'delete_tag');
INSERT INTO public.auth_permission VALUES (164, 'Can view tag', 41, 'view_tag');
INSERT INTO public.auth_permission VALUES (165, 'Can add tagged item', 42, 'add_taggeditem');
INSERT INTO public.auth_permission VALUES (166, 'Can change tagged item', 42, 'change_taggeditem');
INSERT INTO public.auth_permission VALUES (167, 'Can delete tagged item', 42, 'delete_taggeditem');
INSERT INTO public.auth_permission VALUES (168, 'Can view tagged item', 42, 'view_taggeditem');
INSERT INTO public.auth_permission VALUES (169, 'Can add wallet', 43, 'add_wallet');
INSERT INTO public.auth_permission VALUES (170, 'Can change wallet', 43, 'change_wallet');
INSERT INTO public.auth_permission VALUES (171, 'Can delete wallet', 43, 'delete_wallet');
INSERT INTO public.auth_permission VALUES (172, 'Can view wallet', 43, 'view_wallet');
INSERT INTO public.auth_permission VALUES (173, 'Can add wallet object base', 44, 'add_walletobjectbase');
INSERT INTO public.auth_permission VALUES (174, 'Can change wallet object base', 44, 'change_walletobjectbase');
INSERT INTO public.auth_permission VALUES (175, 'Can delete wallet object base', 44, 'delete_walletobjectbase');
INSERT INTO public.auth_permission VALUES (176, 'Can view wallet object base', 44, 'view_walletobjectbase');
INSERT INTO public.auth_permission VALUES (177, 'Can add wallet resource', 45, 'add_walletresource');
INSERT INTO public.auth_permission VALUES (178, 'Can change wallet resource', 45, 'change_walletresource');
INSERT INTO public.auth_permission VALUES (179, 'Can delete wallet resource', 45, 'delete_walletresource');
INSERT INTO public.auth_permission VALUES (180, 'Can view wallet resource', 45, 'view_walletresource');
INSERT INTO public.auth_permission VALUES (181, 'Can add wallet item', 46, 'add_walletitem');
INSERT INTO public.auth_permission VALUES (182, 'Can change wallet item', 46, 'change_walletitem');
INSERT INTO public.auth_permission VALUES (183, 'Can delete wallet item', 46, 'delete_walletitem');
INSERT INTO public.auth_permission VALUES (184, 'Can view wallet item', 46, 'view_walletitem');


--
-- TOC entry 3803 (class 0 OID 37236)
-- Dependencies: 220
-- Data for Name: django_admin_log; Type: TABLE DATA; Schema: public; Owner: doadmin
--

INSERT INTO public.django_admin_log VALUES (109, '2023-07-20 01:44:26.761859+00', '1', 'Carver Hudson', 1, '[{"added": {}}]', 31, 1);
INSERT INTO public.django_admin_log VALUES (110, '2023-07-20 01:45:32.722234+00', '1', 'The State Farm [-3]', 1, '[{"added": {}}]', 32, 1);
INSERT INTO public.django_admin_log VALUES (111, '2023-07-20 01:45:50.512537+00', '2', 'Open Vein Excavation [-3]', 1, '[{"added": {}}]', 32, 1);
INSERT INTO public.django_admin_log VALUES (112, '2023-07-20 01:46:04.178895+00', '3', 'Luckheed Industries [-3]', 1, '[{"added": {}}]', 32, 1);
INSERT INTO public.django_admin_log VALUES (113, '2023-07-20 01:46:17.390659+00', '4', 'The Harbor Masters [-3]', 1, '[{"added": {}}]', 32, 1);
INSERT INTO public.django_admin_log VALUES (114, '2023-07-20 01:46:31.7649+00', '5', 'Beholders Supra Store [-3]', 1, '[{"added": {}}]', 32, 1);
INSERT INTO public.django_admin_log VALUES (115, '2023-07-20 01:46:41.131195+00', '6', 'Last Hope Uni [-3]', 1, '[{"added": {}}]', 32, 1);
INSERT INTO public.django_admin_log VALUES (116, '2023-07-20 01:46:57.285616+00', '7', 'The Advent-Treers Company [-3]', 1, '[{"added": {}}]', 32, 1);
INSERT INTO public.django_admin_log VALUES (117, '2023-07-20 01:47:10.592462+00', '5', 'Beholders Supra Store [-3]', 2, '[{"added": {"name": "institution picture", "object": "institutions_images/the_beholders_nIVWoOx.webp"}}]', 32, 1);
INSERT INTO public.django_admin_log VALUES (118, '2023-07-20 02:54:12.789618+00', '11', 'Soft Metal', 2, '[{"changed": {"fields": ["tags"]}}]', 19, 1);
INSERT INTO public.django_admin_log VALUES (119, '2023-07-20 02:56:27.665844+00', '17', 'Psionic Crystals', 2, '[{"changed": {"fields": ["tags"]}}]', 19, 1);
INSERT INTO public.django_admin_log VALUES (120, '2023-07-20 02:57:26.226256+00', '19', 'Synthetic Fibers', 2, '[{"changed": {"fields": ["tags"]}}]', 19, 1);
INSERT INTO public.django_admin_log VALUES (121, '2023-07-20 03:04:09.217593+00', '48', 'Wormwood', 2, '[{"changed": {"fields": ["tags"]}}]', 19, 1);
INSERT INTO public.django_admin_log VALUES (122, '2023-07-20 03:56:47.631685+00', '5', 'Dungeon', 1, '[{"added": {}}, {"added": {"name": "item picture", "object": "static_images/dungeon.jpg"}}, {"added": {"name": "Item Grade", "object": "Patchwork Dungeon"}}, {"added": {"name": "Item Grade", "object": "Hardened Dungeon"}}, {"added": {"name": "Item Grade", "object": "Superior Dungeon"}}, {"added": {"name": "Resource", "object": ""}}, {"added": {"name": "Resource", "object": ""}}, {"added": {"name": "Resource", "object": ""}}, {"added": {"name": "Resource", "object": ""}}, {"added": {"name": "Resource", "object": ""}}, {"added": {"name": "Resource", "object": ""}}]', 26, 1);
INSERT INTO public.django_admin_log VALUES (123, '2023-07-20 04:00:48.84102+00', '6', 'Grinding Mill', 1, '[{"added": {}}, {"added": {"name": "item picture", "object": "static_images/grinding_mill.jpg"}}, {"added": {"name": "Item Grade", "object": "Grinding Mill"}}]', 26, 1);
INSERT INTO public.django_admin_log VALUES (124, '2023-07-20 04:06:27.118376+00', '7', 'Mechanical Gear System', 1, '[{"added": {}}, {"added": {"name": "item picture", "object": "static_images/mechanical_gear_systems_Bxqn3TN.jpg"}}, {"added": {"name": "Item Grade", "object": "Spur Gear System"}}, {"added": {"name": "Item Grade", "object": "Spiral Bebel Gear Set"}}, {"added": {"name": "Item Grade", "object": "Herringbone Gear Ratio"}}, {"added": {"name": "Resource", "object": ""}}, {"added": {"name": "Resource", "object": ""}}, {"added": {"name": "Resource", "object": ""}}, {"added": {"name": "Resource", "object": ""}}, {"added": {"name": "Resource", "object": ""}}, {"added": {"name": "Resource", "object": ""}}, {"added": {"name": "Resource", "object": ""}}, {"added": {"name": "Resource", "object": ""}}, {"added": {"name": "Resource", "object": ""}}]', 26, 1);
INSERT INTO public.django_admin_log VALUES (125, '2023-07-20 04:07:00.093895+00', '8', 'Grinding Mill', 1, '[{"added": {}}, {"added": {"name": "item picture", "object": "static_images/grinding_mill_PJXVgKY.jpg"}}, {"added": {"name": "Item Grade", "object": "Grinding Mill"}}, {"added": {"name": "Resource", "object": ""}}, {"added": {"name": "Resource", "object": ""}}, {"added": {"name": "Crafted Item", "object": ""}}]', 26, 1);
INSERT INTO public.django_admin_log VALUES (126, '2023-07-20 04:24:27.265889+00', '9', 'Monolith Of Terror', 1, '[{"added": {}}, {"added": {"name": "item picture", "object": "static_images/monolith_of_terror.jpg"}}, {"added": {"name": "Item Grade", "object": "Patchwork Monolith"}}, {"added": {"name": "Item Grade", "object": "Hardened Monolith"}}, {"added": {"name": "Item Grade", "object": "Forged Monolith"}}, {"added": {"name": "Resource", "object": ""}}, {"added": {"name": "Resource", "object": ""}}]', 26, 1);
INSERT INTO public.django_admin_log VALUES (127, '2023-07-20 04:24:47.602737+00', '10', 'Simple Adhesive', 1, '[{"added": {}}]', 26, 1);
INSERT INTO public.django_admin_log VALUES (128, '2023-07-20 04:25:31.721555+00', '9', 'Monolith Of Terror', 2, '[{"added": {"name": "Resource", "object": ""}}, {"added": {"name": "Resource", "object": ""}}, {"added": {"name": "Crafted Item", "object": ""}}]', 26, 1);
INSERT INTO public.django_admin_log VALUES (129, '2023-07-20 04:26:25.153568+00', '11', 'Necroinfluencer', 1, '[{"added": {}}]', 26, 1);
INSERT INTO public.django_admin_log VALUES (130, '2023-07-20 04:26:35.90847+00', '9', 'Monolith Of Terror', 2, '[{"added": {"name": "Resource", "object": ""}}, {"added": {"name": "Crafted Item", "object": ""}}, {"added": {"name": "Crafted Item", "object": ""}}, {"added": {"name": "Crafted Item", "object": ""}}]', 26, 1);
INSERT INTO public.django_admin_log VALUES (131, '2023-07-20 04:26:47.691791+00', '10', 'Adhesive', 2, '[{"changed": {"fields": ["Name"]}}]', 26, 1);
INSERT INTO public.django_admin_log VALUES (132, '2023-07-20 04:30:20.494082+00', '8', 'Grinding Mill', 3, '', 26, 1);
INSERT INTO public.django_admin_log VALUES (133, '2023-07-20 04:31:12.329115+00', '6', 'Grinding Mill', 2, '[{"added": {"name": "Resource", "object": ""}}, {"added": {"name": "Resource", "object": ""}}, {"added": {"name": "Crafted Item", "object": ""}}]', 26, 1);
INSERT INTO public.django_admin_log VALUES (134, '2023-07-20 15:54:04.805955+00', '12', 'Mechanical Engine', 1, '[{"added": {}}]', 26, 1);
INSERT INTO public.django_admin_log VALUES (135, '2023-07-20 15:54:09.842463+00', '13', 'Bigol Chain Gun', 1, '[{"added": {}}, {"added": {"name": "item picture", "object": "static_images/bigol_chain_gun_KudJqj3.jpg"}}, {"added": {"name": "Item Grade", "object": "Makeshift Chain Gun"}}, {"added": {"name": "Item Grade", "object": "Sturdy chain Gun"}}, {"added": {"name": "Item Grade", "object": "Reinforced Chain Gun"}}, {"added": {"name": "Resource", "object": ""}}, {"added": {"name": "Crafted Item", "object": ""}}]', 26, 1);
INSERT INTO public.django_admin_log VALUES (136, '2023-07-20 15:55:25.544118+00', '13', 'Bigol Chain Gun', 2, '[{"added": {"name": "Resource", "object": ""}}, {"added": {"name": "Resource", "object": ""}}, {"added": {"name": "Resource", "object": ""}}, {"added": {"name": "Resource", "object": ""}}]', 26, 1);
INSERT INTO public.django_admin_log VALUES (137, '2023-07-20 16:03:40.531319+00', '14', 'Bigol Sledge', 1, '[{"added": {}}, {"added": {"name": "item picture", "object": "static_images/bigol_sledge.jpg"}}, {"added": {"name": "Item Grade", "object": "Makeshift Sledge"}}, {"added": {"name": "Item Grade", "object": "Sturdy Sledge"}}, {"added": {"name": "Item Grade", "object": "Reinforced Sledge"}}, {"added": {"name": "Resource", "object": ""}}, {"added": {"name": "Resource", "object": ""}}, {"added": {"name": "Resource", "object": ""}}, {"added": {"name": "Resource", "object": ""}}, {"added": {"name": "Resource", "object": ""}}, {"added": {"name": "Resource", "object": ""}}]', 26, 1);
INSERT INTO public.django_admin_log VALUES (138, '2023-07-20 16:06:39.252905+00', '10', 'Adhesive', 2, '[{"changed": {"fields": ["Item type", "Visual description", "Tags", "Crafting tree", "Crafting area", "Details"]}}, {"added": {"name": "Item Grade", "object": "Basic Adhesive"}}, {"added": {"name": "Item Grade", "object": "Proficient Adhesive"}}, {"added": {"name": "Item Grade", "object": "Master Adhesive"}}, {"added": {"name": "Resource", "object": ""}}, {"added": {"name": "Resource", "object": ""}}, {"added": {"name": "Resource", "object": ""}}]', 26, 1);
INSERT INTO public.django_admin_log VALUES (169, '2023-07-22 00:18:37.40171+00', '19', 'Freeiron Field Journal', 1, '[{"added": {}}, {"added": {"name": "item picture", "object": "static_images/freeicon_field_journal.jpg"}}, {"added": {"name": "Item Grade", "object": "Simple Field Journal"}}, {"added": {"name": "Item Grade", "object": "Well-Crafted Field Journal"}}, {"added": {"name": "Item Grade", "object": "Superior Field Journal"}}, {"added": {"name": "Resource", "object": ""}}, {"added": {"name": "Resource", "object": ""}}, {"added": {"name": "Resource", "object": ""}}]', 26, 1);
INSERT INTO public.django_admin_log VALUES (171, '2023-07-22 00:19:58.336039+00', '20', 'Freeiron Dry Pack', 1, '[{"added": {}}]', 26, 1);
INSERT INTO public.django_admin_log VALUES (139, '2023-07-20 16:10:46.923148+00', '12', 'Mechanical Engine', 2, '[{"changed": {"fields": ["Expiration units", "Time units", "Item type", "Visual description", "Tags", "Details"]}}, {"added": {"name": "item picture", "object": "static_images/mechanical_engines_TV9XSJn.jpg"}}, {"added": {"name": "Item Grade", "object": "Two Cylinder Engine"}}, {"added": {"name": "Item Grade", "object": "Straight Six Engine"}}, {"added": {"name": "Item Grade", "object": "V8 Engine"}}, {"added": {"name": "Resource", "object": ""}}, {"added": {"name": "Resource", "object": ""}}, {"added": {"name": "Resource", "object": ""}}, {"added": {"name": "Resource", "object": ""}}, {"added": {"name": "Resource", "object": ""}}, {"added": {"name": "Resource", "object": ""}}, {"added": {"name": "Resource", "object": ""}}, {"added": {"name": "Resource", "object": ""}}, {"added": {"name": "Resource", "object": ""}}]', 26, 1);
INSERT INTO public.django_admin_log VALUES (140, '2023-07-20 16:11:09.705061+00', '12', 'Mechanical Engine', 2, '[{"added": {"name": "Crafted Item", "object": ""}}, {"added": {"name": "Crafted Item", "object": ""}}]', 26, 1);
INSERT INTO public.django_admin_log VALUES (141, '2023-07-20 16:11:47.30453+00', '10', 'Adhesive', 2, '[{"added": {"name": "Crafted Item", "object": ""}}, {"added": {"name": "Crafted Item", "object": ""}}, {"added": {"name": "Crafted Item", "object": ""}}]', 26, 1);
INSERT INTO public.django_admin_log VALUES (142, '2023-07-20 16:11:55.971759+00', '10', 'Adhesive', 2, '[{"deleted": {"name": "Crafted Item", "object": ""}}]', 26, 1);
INSERT INTO public.django_admin_log VALUES (143, '2023-07-20 16:12:38.204047+00', '4', 'Angry Anchor Storage', 2, '[{"added": {"name": "Crafted Item", "object": ""}}, {"added": {"name": "Crafted Item", "object": ""}}]', 26, 1);
INSERT INTO public.django_admin_log VALUES (144, '2023-07-20 16:13:02.099012+00', '13', 'Bigol Chain Gun', 2, '[{"added": {"name": "Crafted Item", "object": ""}}, {"added": {"name": "Crafted Item", "object": ""}}]', 26, 1);
INSERT INTO public.django_admin_log VALUES (145, '2023-07-20 16:13:41.60394+00', '14', 'Bigol Sledge', 2, '[{"added": {"name": "Crafted Item", "object": ""}}, {"added": {"name": "Crafted Item", "object": ""}}]', 26, 1);
INSERT INTO public.django_admin_log VALUES (146, '2023-07-20 16:14:01.529034+00', '5', 'Dungeon', 2, '[{"added": {"name": "Crafted Item", "object": ""}}, {"added": {"name": "Crafted Item", "object": ""}}]', 26, 1);
INSERT INTO public.django_admin_log VALUES (147, '2023-07-20 16:15:13.8088+00', '7', 'Mechanical Gear System', 2, '[{"added": {"name": "Crafted Item", "object": ""}}, {"added": {"name": "Crafted Item", "object": ""}}]', 26, 1);
INSERT INTO public.django_admin_log VALUES (148, '2023-07-20 16:15:44.648009+00', '9', 'Monolith Of Terror', 2, '[{"added": {"name": "Crafted Item", "object": ""}}, {"added": {"name": "Crafted Item", "object": ""}}]', 26, 1);
INSERT INTO public.django_admin_log VALUES (149, '2023-07-20 16:19:30.562958+00', '11', 'Necroinfluencer', 2, '[{"changed": {"fields": ["Item type", "Visual description", "Tags", "Crafting tree", "Crafting area", "Details"]}}, {"added": {"name": "Item Grade", "object": "Basic Necroinfluencer"}}, {"added": {"name": "Item Grade", "object": "Proficient Necroinfluencer"}}, {"added": {"name": "Item Grade", "object": "Master Necroinfluencer"}}, {"added": {"name": "Resource", "object": ""}}, {"added": {"name": "Resource", "object": ""}}, {"added": {"name": "Resource", "object": ""}}]', 26, 1);
INSERT INTO public.django_admin_log VALUES (150, '2023-07-20 16:19:48.837566+00', '11', 'Necroinfluencer', 2, '[{"added": {"name": "Crafted Item", "object": ""}}, {"added": {"name": "Crafted Item", "object": ""}}]', 26, 1);
INSERT INTO public.django_admin_log VALUES (151, '2023-07-20 16:20:10.108962+00', '2', 'Safe Harbor Recovery Brew', 2, '[{"added": {"name": "Crafted Item", "object": ""}}, {"added": {"name": "Crafted Item", "object": ""}}]', 26, 1);
INSERT INTO public.django_admin_log VALUES (152, '2023-07-20 16:20:35.244367+00', '3', 'Slicker Healing Brew', 2, '[{"added": {"name": "Crafted Item", "object": ""}}, {"added": {"name": "Crafted Item", "object": ""}}]', 26, 1);
INSERT INTO public.django_admin_log VALUES (153, '2023-07-20 16:30:27.904268+00', '2', 'Safe Harbor Recovery Brew', 2, '[{"changed": {"fields": ["Tags"]}}]', 26, 1);
INSERT INTO public.django_admin_log VALUES (154, '2023-07-21 02:09:08.180978+00', '3', '(Michael) fleahcim@earthlink.net', 2, '[{"changed": {"fields": ["Superuser status"]}}]', 10, 1);
INSERT INTO public.django_admin_log VALUES (155, '2023-07-21 03:57:50.086273+00', '8', 'Avoid', 2, '[{"changed": {"fields": ["Tags"]}}]', 14, 1);
INSERT INTO public.django_admin_log VALUES (156, '2023-07-21 20:34:39.359645+00', '1', 'public_works', 1, '[{"added": {}}]', 16, 1);
INSERT INTO public.django_admin_log VALUES (157, '2023-07-21 20:35:09.102429+00', '3', '(Michael) fleahcim@earthlink.net', 2, '[{"changed": {"fields": ["Superuser status", "Groups"]}}]', 10, 1);
INSERT INTO public.django_admin_log VALUES (158, '2023-07-21 20:37:55.19316+00', '2', 'standard_player_access', 1, '[{"added": {}}]', 16, 1);
INSERT INTO public.django_admin_log VALUES (159, '2023-07-21 21:01:10.325993+00', '15', 'Candlepin Medical Kit', 1, '[{"added": {}}]', 26, 1);
INSERT INTO public.django_admin_log VALUES (160, '2023-07-21 21:11:05.212535+00', '15', 'Candlepin Medical Kit', 2, '[{"changed": {"fields": ["Details"]}}, {"added": {"name": "item picture", "object": "static_images/candlepin_medical_kit.jpg"}}, {"added": {"name": "Item Grade", "object": "Simple Medical Kit"}}, {"added": {"name": "Item Grade", "object": "Well-crafted Medical Kit"}}, {"added": {"name": "Item Grade", "object": "Superior Medical Kit"}}, {"added": {"name": "Resource", "object": ""}}, {"added": {"name": "Resource", "object": ""}}, {"added": {"name": "Resource", "object": ""}}]', 26, 1);
INSERT INTO public.django_admin_log VALUES (161, '2023-07-21 21:11:33.331408+00', '15', 'Candlepin Medical Kit', 2, '[{"added": {"name": "Crafted Item", "object": ""}}, {"added": {"name": "Crafted Item", "object": ""}}]', 26, 1);
INSERT INTO public.django_admin_log VALUES (162, '2023-07-21 21:17:19.392164+00', '16', 'Crystalline Biological Enhancer', 1, '[{"added": {}}, {"added": {"name": "item picture", "object": "static_images/crystallin_biological_enhancer.jpg"}}, {"added": {"name": "Item Grade", "object": "Simple Bio-Enhancer"}}, {"added": {"name": "Item Grade", "object": "Well-Crafted Bio-Enhancer"}}, {"added": {"name": "Item Grade", "object": "Superior Bio-Enhancer"}}, {"added": {"name": "Resource", "object": ""}}, {"added": {"name": "Resource", "object": ""}}, {"added": {"name": "Resource", "object": ""}}, {"added": {"name": "Resource", "object": ""}}]', 26, 1);
INSERT INTO public.django_admin_log VALUES (163, '2023-07-21 21:17:53.154803+00', '16', 'Crystalline Biological Enhancer', 2, '[{"added": {"name": "Resource", "object": ""}}, {"added": {"name": "Resource", "object": ""}}, {"added": {"name": "Crafted Item", "object": ""}}, {"added": {"name": "Crafted Item", "object": ""}}]', 26, 1);
INSERT INTO public.django_admin_log VALUES (164, '2023-07-21 21:22:59.766843+00', '17', 'Daline Death Measure Osteotome', 1, '[{"added": {}}, {"added": {"name": "item picture", "object": "static_images/daline_death_measure_osteotome.jpg"}}, {"added": {"name": "Item Grade", "object": "Simple Osteotome"}}, {"added": {"name": "Item Grade", "object": "Well-Crafted Osteotome"}}, {"added": {"name": "Item Grade", "object": "Superior Osteotome"}}, {"added": {"name": "Resource", "object": ""}}, {"added": {"name": "Resource", "object": ""}}, {"added": {"name": "Resource", "object": ""}}, {"added": {"name": "Resource", "object": ""}}, {"added": {"name": "Resource", "object": ""}}, {"added": {"name": "Resource", "object": ""}}, {"added": {"name": "Resource", "object": ""}}]', 26, 1);
INSERT INTO public.django_admin_log VALUES (165, '2023-07-21 21:23:16.790916+00', '17', 'Daline Death Measure Osteotome', 2, '[{"added": {"name": "Crafted Item", "object": ""}}, {"added": {"name": "Crafted Item", "object": ""}}]', 26, 1);
INSERT INTO public.django_admin_log VALUES (166, '2023-07-21 21:28:12.08118+00', '18', 'Document Case', 1, '[{"added": {}}, {"added": {"name": "item picture", "object": "static_images/document_case_NqdYGTa.jpg"}}, {"added": {"name": "Item Grade", "object": "Simple Document Case"}}, {"added": {"name": "Item Grade", "object": "Well-Crafted Document Case"}}, {"added": {"name": "Item Grade", "object": "Superior Document Case"}}]', 26, 1);
INSERT INTO public.django_admin_log VALUES (167, '2023-07-21 21:28:55.296546+00', '18', 'Document Case', 2, '[{"added": {"name": "Resource", "object": ""}}, {"added": {"name": "Resource", "object": ""}}, {"added": {"name": "Resource", "object": ""}}, {"added": {"name": "Crafted Item", "object": ""}}, {"added": {"name": "Crafted Item", "object": ""}}]', 26, 1);
INSERT INTO public.django_admin_log VALUES (168, '2023-07-21 21:31:33.025442+00', '16', 'Crystalline Biological Enhancer', 2, '[]', 26, 1);
INSERT INTO public.django_admin_log VALUES (170, '2023-07-22 00:18:55.907012+00', '19', 'Freeiron Field Journal', 2, '[{"added": {"name": "Crafted Item", "object": ""}}, {"added": {"name": "Crafted Item", "object": ""}}]', 26, 1);
INSERT INTO public.django_admin_log VALUES (172, '2023-07-22 00:27:26.930246+00', '20', 'Freeiron Dry Pack', 2, '[{"changed": {"fields": ["Time units", "Item type", "Visual description", "Achievement mechanics", "Tags", "Details"]}}, {"added": {"name": "item picture", "object": "static_images/freeiron_dry_pack.jpg"}}, {"added": {"name": "Item Grade", "object": "Herb Dry Pack"}}, {"added": {"name": "Item Grade", "object": "Long Road Dry Pack"}}, {"added": {"name": "Item Grade", "object": "Shouldered Life Dry Pack"}}, {"added": {"name": "Resource", "object": ""}}, {"added": {"name": "Resource", "object": ""}}, {"added": {"name": "Resource", "object": ""}}, {"added": {"name": "Resource", "object": ""}}, {"added": {"name": "Resource", "object": ""}}, {"added": {"name": "Resource", "object": ""}}, {"added": {"name": "Crafted Item", "object": ""}}, {"added": {"name": "Crafted Item", "object": ""}}]', 26, 1);
INSERT INTO public.django_admin_log VALUES (173, '2023-07-22 00:30:43.080114+00', '21', 'Freeiron Hawkbill', 1, '[{"added": {}}, {"added": {"name": "item picture", "object": "static_images/freeiron_hawkbill.jpg"}}, {"added": {"name": "Item Grade", "object": "Makeshift Hawkbill"}}, {"added": {"name": "Item Grade", "object": "Sturdy Hawkbill"}}, {"added": {"name": "Item Grade", "object": "Reinforced Hawkbill"}}]', 26, 1);
INSERT INTO public.django_admin_log VALUES (174, '2023-07-22 00:31:49.451382+00', '21', 'Freeiron Hawkbill', 2, '[{"added": {"name": "Resource", "object": ""}}, {"added": {"name": "Resource", "object": ""}}, {"added": {"name": "Resource", "object": ""}}, {"added": {"name": "Resource", "object": ""}}, {"added": {"name": "Resource", "object": ""}}, {"added": {"name": "Resource", "object": ""}}, {"added": {"name": "Crafted Item", "object": ""}}, {"added": {"name": "Crafted Item", "object": ""}}]', 26, 1);
INSERT INTO public.django_admin_log VALUES (175, '2023-07-23 23:57:46.928641+00', '4', '(Jason P.) steaknbits@gmail.com', 2, '[{"changed": {"fields": ["Staff status"]}}]', 10, 1);
INSERT INTO public.django_admin_log VALUES (176, '2023-07-24 00:02:27.176409+00', '1', 'Carver Hudson invested 8 currency in Beholders Supra Store on 2023-07-23 20:01:27-04:00', 1, '[{"added": {}}]', 35, 1);
INSERT INTO public.django_admin_log VALUES (177, '2023-07-24 00:03:14.381872+00', '1', 'Carver Hudson invested 8 currency in Beholders Supra Store on 2023-07-23 20:01:27-04:00', 2, '[]', 35, 1);
INSERT INTO public.django_admin_log VALUES (178, '2023-07-24 02:59:22.835253+00', '1', 'DRMD', 2, '[{"changed": {"fields": ["Chapter logo"]}}]', 11, 1);
INSERT INTO public.django_admin_log VALUES (179, '2023-07-24 04:00:51.796041+00', '22', 'G.G Locksmithing Tools', 1, '[{"added": {}}, {"added": {"name": "item picture", "object": "static_images/g_g_locksmithing_tools.jpg"}}, {"added": {"name": "Item Grade", "object": "Simple Lockpicks"}}, {"added": {"name": "Item Grade", "object": "Well-Crafted Lockpicks"}}, {"added": {"name": "Item Grade", "object": "Superior Lockpicks"}}]', 26, 1);
INSERT INTO public.django_admin_log VALUES (180, '2023-07-24 04:01:10.283405+00', '22', 'G.G Locksmithing Tools', 2, '[{"added": {"name": "Crafted Item", "object": ""}}, {"added": {"name": "Crafted Item", "object": ""}}]', 26, 1);
INSERT INTO public.django_admin_log VALUES (181, '2023-07-24 04:02:04.507266+00', '22', 'G.G Locksmithing Tools', 2, '[{"added": {"name": "Resource", "object": ""}}, {"added": {"name": "Resource", "object": ""}}, {"added": {"name": "Resource", "object": ""}}, {"added": {"name": "Resource", "object": ""}}]', 26, 1);
INSERT INTO public.django_admin_log VALUES (182, '2023-07-24 04:02:36.890171+00', '22', 'G.G Locksmithing Tools', 2, '[{"changed": {"fields": ["Item type"]}}]', 26, 1);
INSERT INTO public.django_admin_log VALUES (183, '2023-07-24 04:03:36.182461+00', '3', 'Slicker Healing Brew', 2, '[{"changed": {"fields": ["Tags"]}}]', 26, 1);
INSERT INTO public.django_admin_log VALUES (184, '2023-07-24 04:03:49.149476+00', '2', 'Safe Harbor Recovery Brew', 2, '[{"changed": {"fields": ["Tags"]}}]', 26, 1);
INSERT INTO public.django_admin_log VALUES (185, '2023-07-24 20:08:26.474762+00', '23', 'Warlords Faceplate', 1, '[{"added": {}}, {"added": {"name": "item picture", "object": "static_images/warlords_faceplate.jpg"}}, {"added": {"name": "Item Grade", "object": "Simple Faceplate"}}, {"added": {"name": "Item Grade", "object": "Well-Crafted Faceplate"}}, {"added": {"name": "Item Grade", "object": "Superior Faceplate"}}]', 26, 1);
INSERT INTO public.django_admin_log VALUES (186, '2023-07-24 20:09:21.932953+00', '23', 'Warlords Faceplate', 2, '[{"added": {"name": "Resource", "object": ""}}, {"added": {"name": "Resource", "object": ""}}, {"added": {"name": "Resource", "object": ""}}, {"added": {"name": "Resource", "object": ""}}, {"added": {"name": "Resource", "object": ""}}, {"added": {"name": "Resource", "object": ""}}, {"added": {"name": "Crafted Item", "object": ""}}, {"added": {"name": "Crafted Item", "object": ""}}]', 26, 1);
INSERT INTO public.django_admin_log VALUES (187, '2023-07-24 20:16:14.348798+00', '24', 'Unerring Nimrod Sights', 1, '[{"added": {}}, {"added": {"name": "item picture", "object": "static_images/unerring_nimrod_sights.jpg"}}, {"added": {"name": "Item Grade", "object": "Unerring Nimrod Sights"}}, {"added": {"name": "Resource", "object": ""}}, {"added": {"name": "Resource", "object": ""}}]', 26, 1);
INSERT INTO public.django_admin_log VALUES (188, '2023-07-24 20:19:39.437205+00', '25', 'Toothpiq Pigsticker Barbs', 1, '[{"added": {}}, {"added": {"name": "item picture", "object": "static_images/toothpiq_pigsticker_barb.jpg"}}, {"added": {"name": "Item Grade", "object": "Toothpiq Pigsticker Barbs"}}, {"added": {"name": "Resource", "object": ""}}, {"added": {"name": "Resource", "object": ""}}]', 26, 1);
INSERT INTO public.django_admin_log VALUES (189, '2023-07-24 20:22:51.556921+00', '26', 'Toothpiq Box-Trap', 1, '[{"added": {}}, {"added": {"name": "item picture", "object": "static_images/toothpiq_box_trap.jpg"}}, {"added": {"name": "Item Grade", "object": "simple Box-Trap"}}, {"added": {"name": "Item Grade", "object": "Well-Crafted Box Trap"}}, {"added": {"name": "Item Grade", "object": "Superior Box Trap"}}]', 26, 1);
INSERT INTO public.django_admin_log VALUES (190, '2023-07-24 20:24:17.086713+00', '26', 'Toothpiq Box-Trap', 2, '[{"added": {"name": "Resource", "object": ""}}, {"added": {"name": "Resource", "object": ""}}, {"added": {"name": "Resource", "object": ""}}, {"added": {"name": "Resource", "object": ""}}, {"added": {"name": "Resource", "object": ""}}, {"added": {"name": "Resource", "object": ""}}, {"added": {"name": "Resource", "object": ""}}, {"added": {"name": "Resource", "object": ""}}, {"added": {"name": "Resource", "object": ""}}, {"added": {"name": "Crafted Item", "object": ""}}, {"added": {"name": "Crafted Item", "object": ""}}]', 26, 1);
INSERT INTO public.django_admin_log VALUES (191, '2023-07-24 20:27:48.419259+00', '27', 'Spicy Intoxication Brew', 1, '[{"added": {}}, {"added": {"name": "item picture", "object": "static_images/spicy_intoxication_brew.jpg"}}, {"added": {"name": "Item Grade", "object": "Spicy Hooch"}}, {"added": {"name": "Item Grade", "object": "Spicy Booze"}}, {"added": {"name": "Item Grade", "object": "Spicy Liquor"}}, {"added": {"name": "Crafted Item", "object": ""}}]', 26, 1);
INSERT INTO public.django_admin_log VALUES (192, '2023-07-24 20:28:58.3771+00', '27', 'Spicy Intoxication Brew', 2, '[{"added": {"name": "Resource", "object": ""}}, {"added": {"name": "Resource", "object": ""}}, {"added": {"name": "Resource", "object": ""}}, {"added": {"name": "Resource", "object": ""}}, {"added": {"name": "Crafted Item", "object": ""}}, {"changed": {"name": "Crafted Item", "object": "", "fields": ["Assembly"]}}]', 26, 1);
INSERT INTO public.django_admin_log VALUES (193, '2023-07-24 20:31:17.997511+00', '28', 'Slappi Revolver', 1, '[{"added": {}}, {"added": {"name": "item picture", "object": "static_images/slappi_revolver.jpg"}}, {"added": {"name": "Item Grade", "object": "Makeshift Revolver"}}, {"added": {"name": "Item Grade", "object": "Sturdy Revolver"}}, {"added": {"name": "Item Grade", "object": "Reinforced Resolver"}}]', 26, 1);
INSERT INTO public.django_admin_log VALUES (194, '2023-07-24 20:32:55.818643+00', '28', 'Slappi Revolver', 2, '[{"changed": {"name": "Item Grade", "object": "Makeshift Revolver", "fields": ["Mechanics"]}}, {"changed": {"name": "Item Grade", "object": "Sturdy Revolver", "fields": ["Mechanics"]}}, {"changed": {"name": "Item Grade", "object": "Reinforced Resolver", "fields": ["Mechanics"]}}, {"added": {"name": "Resource", "object": ""}}, {"added": {"name": "Resource", "object": ""}}, {"added": {"name": "Resource", "object": ""}}, {"added": {"name": "Resource", "object": ""}}, {"added": {"name": "Resource", "object": ""}}, {"added": {"name": "Resource", "object": ""}}, {"added": {"name": "Crafted Item", "object": ""}}, {"added": {"name": "Crafted Item", "object": ""}}]', 26, 1);
INSERT INTO public.django_admin_log VALUES (195, '2023-07-24 20:39:31.600089+00', '29', 'Requiem Typewriter', 1, '[{"added": {}}, {"added": {"name": "item picture", "object": "static_images/requiem_typewriter.jpg"}}, {"added": {"name": "Item Grade", "object": "Makeshift Typewriter"}}, {"added": {"name": "Item Grade", "object": "Sturdy Typewriter"}}, {"added": {"name": "Item Grade", "object": "Reinforced Typewriter"}}]', 26, 1);
INSERT INTO public.django_admin_log VALUES (196, '2023-07-24 20:40:38.1791+00', '29', 'Requiem Typewriter', 2, '[{"added": {"name": "Resource", "object": ""}}, {"added": {"name": "Resource", "object": ""}}, {"added": {"name": "Resource", "object": ""}}, {"added": {"name": "Resource", "object": ""}}, {"added": {"name": "Resource", "object": ""}}, {"added": {"name": "Resource", "object": ""}}, {"added": {"name": "Crafted Item", "object": ""}}, {"added": {"name": "Crafted Item", "object": ""}}]', 26, 1);
INSERT INTO public.django_admin_log VALUES (197, '2023-07-24 20:43:43.172012+00', '30', 'Rebel''s Ridiculous Receiver', 1, '[{"added": {}}, {"added": {"name": "item picture", "object": "static_images/rebels_ridiculous_receiver.jpg"}}, {"added": {"name": "Item Grade", "object": "Rebel''s ridiculous receiver"}}, {"added": {"name": "Resource", "object": ""}}, {"added": {"name": "Resource", "object": ""}}, {"added": {"name": "Resource", "object": ""}}]', 26, 1);
INSERT INTO public.django_admin_log VALUES (198, '2023-07-24 20:44:58.719998+00', '30', 'Rebel''s Ridiculous Receiver', 2, '[{"changed": {"fields": ["Details"]}}]', 26, 1);
INSERT INTO public.django_admin_log VALUES (199, '2023-07-24 20:57:40.28866+00', '31', 'Paradigm Thick Encylobook', 1, '[{"added": {}}, {"added": {"name": "item picture", "object": "static_images/paradigm_thick_encyclobook.jpg"}}, {"added": {"name": "Item Grade", "object": "Simple Encyclo-Book"}}, {"added": {"name": "Item Grade", "object": "Well-Crafted Encyclo-book"}}, {"added": {"name": "Item Grade", "object": "Superior Encyclo-Book"}}]', 26, 1);
INSERT INTO public.django_admin_log VALUES (200, '2023-07-24 20:58:44.525001+00', '31', 'Paradigm Thick Encylobook', 2, '[{"added": {"name": "Resource", "object": ""}}, {"added": {"name": "Resource", "object": ""}}, {"added": {"name": "Resource", "object": ""}}, {"added": {"name": "Resource", "object": ""}}, {"added": {"name": "Resource", "object": ""}}, {"added": {"name": "Resource", "object": ""}}, {"added": {"name": "Crafted Item", "object": ""}}, {"added": {"name": "Crafted Item", "object": ""}}]', 26, 1);
INSERT INTO public.django_admin_log VALUES (201, '2023-07-24 21:03:13.428959+00', '32', 'O Faithful R.P.G', 1, '[{"added": {}}, {"added": {"name": "item picture", "object": "static_images/o_faithful_rpg.jpg"}}, {"added": {"name": "Item Grade", "object": "Makeshift RPG"}}, {"added": {"name": "Item Grade", "object": "Sturdy RPG"}}, {"added": {"name": "Item Grade", "object": "Reinforced RPG"}}]', 26, 1);
INSERT INTO public.django_admin_log VALUES (202, '2023-07-24 21:04:26.203509+00', '32', 'O Faithful R.P.G', 2, '[{"added": {"name": "Resource", "object": ""}}, {"added": {"name": "Resource", "object": ""}}, {"added": {"name": "Crafted Item", "object": ""}}, {"added": {"name": "Crafted Item", "object": ""}}, {"added": {"name": "Crafted Item", "object": ""}}, {"added": {"name": "Crafted Item", "object": ""}}]', 26, 1);
INSERT INTO public.django_admin_log VALUES (203, '2023-07-24 21:05:07.387073+00', '32', 'O Faithful R.P.G', 2, '[{"added": {"name": "Resource", "object": ""}}, {"added": {"name": "Resource", "object": ""}}, {"added": {"name": "Resource", "object": ""}}, {"deleted": {"name": "Crafted Item", "object": ""}}]', 26, 1);
INSERT INTO public.django_admin_log VALUES (204, '2023-07-24 21:07:57.339205+00', '32', 'O Faithful R.P.G', 2, '[{"changed": {"name": "Item Grade", "object": "Makeshift RPG", "fields": ["Mechanics"]}}, {"changed": {"name": "Item Grade", "object": "Sturdy RPG", "fields": ["Mechanics"]}}, {"changed": {"name": "Item Grade", "object": "Reinforced RPG", "fields": ["Mechanics"]}}]', 26, 1);
INSERT INTO public.django_admin_log VALUES (205, '2023-07-24 23:08:22.088618+00', '33', 'Mountain Trap Snapper Kit', 1, '[{"added": {}}, {"added": {"name": "item picture", "object": "static_images/mountain_trap_snapper_kit.jpg"}}, {"added": {"name": "Item Grade", "object": "Simple Trap Kit"}}, {"added": {"name": "Item Grade", "object": "Well-Crafted Trap Kit"}}, {"added": {"name": "Item Grade", "object": "Superior Trap Kit"}}, {"added": {"name": "Resource", "object": ""}}, {"added": {"name": "Resource", "object": ""}}, {"added": {"name": "Resource", "object": ""}}, {"added": {"name": "Resource", "object": ""}}]', 26, 1);
INSERT INTO public.django_admin_log VALUES (206, '2023-07-24 23:29:59.207027+00', '12', 'Blinding', 2, '[{"changed": {"fields": ["Tags"]}}]', 14, 1);
INSERT INTO public.django_admin_log VALUES (207, '2023-07-24 23:33:06.643018+00', '30', 'Medical', 2, '[{"changed": {"fields": ["Tags"]}}]', 14, 1);
INSERT INTO public.django_admin_log VALUES (208, '2023-07-24 23:56:47.833759+00', '34', 'Generic Engineered Item', 1, '[{"added": {}}, {"added": {"name": "item picture", "object": "static_images/generic_engineered_item.jpg"}}, {"added": {"name": "Item Grade", "object": "Generic Engineered Item <Name>"}}, {"added": {"name": "Item Grade", "object": "Generic Engineered Item <Name>"}}, {"added": {"name": "Item Grade", "object": "Generic Engineered Item <Name>"}}, {"added": {"name": "Resource", "object": ""}}, {"added": {"name": "Resource", "object": ""}}, {"added": {"name": "Resource", "object": ""}}, {"added": {"name": "Resource", "object": ""}}, {"added": {"name": "Resource", "object": ""}}, {"added": {"name": "Resource", "object": ""}}]', 26, 1);
INSERT INTO public.django_admin_log VALUES (209, '2023-07-24 23:57:21.598796+00', '34', 'Generic Engineered Item', 2, '[{"added": {"name": "Crafted Item", "object": ""}}, {"added": {"name": "Crafted Item", "object": ""}}]', 26, 1);
INSERT INTO public.django_admin_log VALUES (210, '2023-07-25 00:00:48.217094+00', '35', 'Generic Genre Motorized Gizmo', 1, '[{"added": {}}, {"added": {"name": "Item Grade", "object": "Genre Motorized Gizmo <Name>"}}, {"added": {"name": "Item Grade", "object": "Genre Motorized Gizmo <Name>"}}, {"added": {"name": "Item Grade", "object": "Genre Motorized Gizmo <Name>"}}]', 26, 1);
INSERT INTO public.django_admin_log VALUES (211, '2023-07-25 00:01:27.679357+00', '35', 'Generic Genre Motorized Gizmo', 2, '[{"added": {"name": "Crafted Item", "object": ""}}, {"added": {"name": "Crafted Item", "object": ""}}]', 26, 1);
INSERT INTO public.django_admin_log VALUES (212, '2023-07-25 00:03:10.179449+00', '35', 'Generic Genre Motorized Gizmo', 2, '[{"added": {"name": "Resource", "object": ""}}, {"added": {"name": "Resource", "object": ""}}, {"added": {"name": "Resource", "object": ""}}, {"added": {"name": "Crafted Item", "object": ""}}, {"added": {"name": "Crafted Item", "object": ""}}, {"added": {"name": "Crafted Item", "object": ""}}]', 26, 1);
INSERT INTO public.django_admin_log VALUES (213, '2023-07-25 00:04:51.075993+00', '36', 'Generic Handheld Item', 1, '[{"added": {}}]', 26, 1);
INSERT INTO public.django_admin_log VALUES (214, '2023-07-25 00:06:21.425459+00', '36', 'Generic Handheld Item', 2, '[{"added": {"name": "item picture", "object": "static_images/generic_handheld_item.jpg"}}, {"added": {"name": "Item Grade", "object": "Generic Handheld Item <Name>"}}, {"added": {"name": "Item Grade", "object": "Generic Handheld Item <Name>"}}, {"added": {"name": "Item Grade", "object": "Generic Handheld Item <Name>"}}]', 26, 1);
INSERT INTO public.django_admin_log VALUES (215, '2023-07-25 00:07:14.988707+00', '36', 'Generic Handheld Item', 2, '[{"added": {"name": "Resource", "object": ""}}, {"added": {"name": "Resource", "object": ""}}, {"added": {"name": "Resource", "object": ""}}, {"added": {"name": "Crafted Item", "object": ""}}, {"added": {"name": "Crafted Item", "object": ""}}]', 26, 1);
INSERT INTO public.django_admin_log VALUES (216, '2023-07-25 00:07:24.817452+00', '36', 'Generic Handheld Item', 2, '[]', 26, 1);
INSERT INTO public.django_admin_log VALUES (217, '2023-07-25 00:10:28.070966+00', '37', 'Glitter Gulch Dartgun', 1, '[{"added": {}}, {"added": {"name": "item picture", "object": "static_images/glitter_gulch_dartgun.jpg"}}]', 26, 1);
INSERT INTO public.django_admin_log VALUES (218, '2023-07-25 00:11:53.404315+00', '37', 'Glitter Gulch Dartgun', 2, '[{"added": {"name": "Item Grade", "object": "Makeshift Dartgun"}}, {"added": {"name": "Item Grade", "object": "Sturdy Dartgun"}}, {"added": {"name": "Item Grade", "object": "Reinforced Dartgun"}}]', 26, 1);
INSERT INTO public.django_admin_log VALUES (219, '2023-07-25 00:12:53.169511+00', '38', 'Mechanical Drive', 1, '[{"added": {}}]', 26, 1);
INSERT INTO public.django_admin_log VALUES (220, '2023-07-25 00:13:32.27418+00', '37', 'Glitter Gulch Dartgun', 2, '[{"added": {"name": "Resource", "object": ""}}, {"added": {"name": "Resource", "object": ""}}, {"added": {"name": "Resource", "object": ""}}, {"added": {"name": "Resource", "object": ""}}, {"added": {"name": "Resource", "object": ""}}, {"added": {"name": "Resource", "object": ""}}, {"added": {"name": "Crafted Item", "object": ""}}]', 26, 1);
INSERT INTO public.django_admin_log VALUES (221, '2023-07-25 00:13:49.46072+00', '37', 'Glitter Gulch Dartgun', 2, '[{"added": {"name": "Crafted Item", "object": ""}}, {"added": {"name": "Crafted Item", "object": ""}}]', 26, 1);
INSERT INTO public.django_admin_log VALUES (222, '2023-07-25 00:14:54.728567+00', '38', 'Mechanical Drive', 2, '[{"changed": {"fields": ["Expiration units", "Time units", "Item type", "Details", "Visual description", "Tags"]}}, {"added": {"name": "item picture", "object": "static_images/mechanical_drive_RoV2Yhl.jpg"}}]', 26, 1);
INSERT INTO public.django_admin_log VALUES (223, '2023-07-25 00:15:45.579532+00', '38', 'Mechanical Drive', 2, '[{"added": {"name": "Item Grade", "object": "Simple Mech Drive"}}, {"added": {"name": "Item Grade", "object": "Well-Crafted Mech Drive"}}, {"added": {"name": "Item Grade", "object": "Superior Mech Drive"}}]', 26, 1);
INSERT INTO public.django_admin_log VALUES (224, '2023-07-25 00:16:40.760805+00', '38', 'Mechanical Drive', 2, '[{"added": {"name": "Resource", "object": ""}}, {"added": {"name": "Resource", "object": ""}}, {"added": {"name": "Resource", "object": ""}}, {"added": {"name": "Resource", "object": ""}}, {"added": {"name": "Resource", "object": ""}}, {"added": {"name": "Resource", "object": ""}}, {"added": {"name": "Resource", "object": ""}}]', 26, 1);
INSERT INTO public.django_admin_log VALUES (225, '2023-07-25 00:19:05.804905+00', '39', 'Greenlight Frying Pan', 1, '[{"added": {}}, {"added": {"name": "item picture", "object": "static_images/greenlight_frying_pan.jpg"}}, {"added": {"name": "Item Grade", "object": "<Lineage> Frying Pan"}}, {"added": {"name": "Resource", "object": ""}}, {"added": {"name": "Resource", "object": ""}}]', 26, 1);
INSERT INTO public.django_admin_log VALUES (226, '2023-07-25 00:23:02.248058+00', '40', 'Hellscape Security Sanctuary', 1, '[{"added": {}}, {"added": {"name": "item picture", "object": "static_images/hellscape_security_sanctuary.jpg"}}, {"added": {"name": "Item Grade", "object": "Simple Sanctuary"}}, {"added": {"name": "Item Grade", "object": "Well-Crafted Sanctuary"}}, {"added": {"name": "Item Grade", "object": "Superior Sanctuary"}}]', 26, 1);
INSERT INTO public.django_admin_log VALUES (227, '2023-07-25 00:23:59.204422+00', '40', 'Hellscape Security Sanctuary', 2, '[{"added": {"name": "Resource", "object": ""}}, {"added": {"name": "Resource", "object": ""}}, {"added": {"name": "Resource", "object": ""}}, {"added": {"name": "Resource", "object": ""}}, {"added": {"name": "Crafted Item", "object": ""}}, {"added": {"name": "Crafted Item", "object": ""}}]', 26, 1);
INSERT INTO public.django_admin_log VALUES (228, '2023-07-25 00:31:05.03829+00', '41', 'Helscape Deathmake', 1, '[{"added": {}}, {"added": {"name": "item picture", "object": "static_images/helscape_deathmask.jpg"}}, {"added": {"name": "Item Grade", "object": "Simple Deathmask"}}, {"added": {"name": "Item Grade", "object": "Well-Crafted Deathmask"}}, {"added": {"name": "Item Grade", "object": "Superior Deathmask"}}]', 26, 1);
INSERT INTO public.django_admin_log VALUES (229, '2023-07-25 00:32:19.089258+00', '41', 'Helscape Deathmake', 2, '[{"added": {"name": "Resource", "object": ""}}, {"added": {"name": "Resource", "object": ""}}, {"added": {"name": "Resource", "object": ""}}, {"added": {"name": "Crafted Item", "object": ""}}, {"added": {"name": "Crafted Item", "object": ""}}, {"added": {"name": "Crafted Item", "object": ""}}, {"added": {"name": "Crafted Item", "object": ""}}]', 26, 1);
INSERT INTO public.django_admin_log VALUES (230, '2023-07-25 00:32:27.749305+00', '41', 'Helscape Deathmake', 2, '[]', 26, 1);
INSERT INTO public.django_admin_log VALUES (231, '2023-07-25 15:09:08.88215+00', '42', 'Mountain Rifle', 1, '[{"added": {}}, {"added": {"name": "item picture", "object": "static_images/mountain_rifle.jpg"}}, {"added": {"name": "Item Grade", "object": "Makeshift Mountain Rifle"}}, {"added": {"name": "Item Grade", "object": "Sturdy Mountain Rifle"}}, {"added": {"name": "Item Grade", "object": "Reinforced Mountain Rifle"}}]', 26, 1);
INSERT INTO public.django_admin_log VALUES (232, '2023-07-25 15:10:07.158694+00', '42', 'Mountain Rifle', 2, '[{"added": {"name": "Resource", "object": ""}}, {"added": {"name": "Resource", "object": ""}}, {"added": {"name": "Resource", "object": ""}}, {"added": {"name": "Resource", "object": ""}}, {"added": {"name": "Resource", "object": ""}}, {"added": {"name": "Resource", "object": ""}}]', 26, 1);
INSERT INTO public.django_admin_log VALUES (233, '2023-07-25 15:10:45.437145+00', '42', 'Mountain Rifle', 2, '[{"added": {"name": "Crafted Item", "object": ""}}, {"added": {"name": "Crafted Item", "object": ""}}]', 26, 1);
INSERT INTO public.django_admin_log VALUES (234, '2023-07-25 15:13:31.601341+00', '43', 'Moulen Ruse Security', 1, '[{"added": {}}, {"added": {"name": "item picture", "object": "static_images/moulsen_ruse_security.jpg"}}, {"added": {"name": "Item Grade", "object": "Basic Room Security"}}, {"added": {"name": "Item Grade", "object": "Reliable Room Security"}}, {"added": {"name": "Item Grade", "object": "Red-Iculous Room Security"}}]', 26, 1);
INSERT INTO public.django_admin_log VALUES (235, '2023-07-25 15:14:22.238862+00', '43', 'Moulen Ruse Security', 2, '[{"changed": {"name": "Item Grade", "object": "Basic Room Security", "fields": ["Mechanics"]}}, {"changed": {"name": "Item Grade", "object": "Reliable Room Security", "fields": ["Mechanics"]}}, {"changed": {"name": "Item Grade", "object": "Red-Iculous Room Security", "fields": ["Mechanics"]}}, {"added": {"name": "Crafted Item", "object": ""}}, {"added": {"name": "Crafted Item", "object": ""}}]', 26, 1);
INSERT INTO public.django_admin_log VALUES (236, '2023-07-25 15:15:09.092537+00', '44', 'Iron Alloy', 1, '[{"added": {}}]', 26, 1);
INSERT INTO public.django_admin_log VALUES (237, '2023-07-25 15:15:33.385577+00', '43', 'Moulen Ruse Security', 2, '[{"added": {"name": "Resource", "object": ""}}, {"added": {"name": "Resource", "object": ""}}, {"added": {"name": "Resource", "object": ""}}, {"added": {"name": "Resource", "object": ""}}, {"added": {"name": "Crafted Item", "object": ""}}, {"added": {"name": "Crafted Item", "object": ""}}]', 26, 1);
INSERT INTO public.django_admin_log VALUES (238, '2023-07-25 15:16:40.914151+00', '44', 'Mechanical Iron Alloy', 2, '[{"changed": {"fields": ["Name", "Expiration units", "Time units", "Item type", "Details", "Visual description", "Tags"]}}]', 26, 1);
INSERT INTO public.django_admin_log VALUES (239, '2023-07-25 15:17:46.954191+00', '44', 'Mechanical Iron Alloy', 2, '[{"added": {"name": "item picture", "object": "static_images/mechanical_iron_alloy_EjoJG1X.jpg"}}, {"added": {"name": "Item Grade", "object": "Cast Iron Alloy"}}, {"added": {"name": "Item Grade", "object": "Tool Steel Alloy"}}, {"added": {"name": "Item Grade", "object": "Stainless Steel Alloy"}}]', 26, 1);
INSERT INTO public.django_admin_log VALUES (240, '2023-07-25 15:18:55.408836+00', '44', 'Mechanical Iron Alloy', 2, '[{"added": {"name": "Resource", "object": ""}}, {"added": {"name": "Resource", "object": ""}}, {"added": {"name": "Resource", "object": ""}}, {"added": {"name": "Resource", "object": ""}}, {"added": {"name": "Resource", "object": ""}}, {"added": {"name": "Resource", "object": ""}}, {"added": {"name": "Resource", "object": ""}}, {"added": {"name": "Resource", "object": ""}}]', 26, 1);
INSERT INTO public.django_admin_log VALUES (241, '2023-07-25 15:19:16.838345+00', '44', 'Mechanical Iron Alloy', 2, '[{"added": {"name": "Crafted Item", "object": ""}}, {"added": {"name": "Crafted Item", "object": ""}}]', 26, 1);
INSERT INTO public.django_admin_log VALUES (242, '2023-07-25 15:25:04.011653+00', '45', 'Moulen Can-Can Candelabra', 1, '[{"added": {}}, {"added": {"name": "item picture", "object": "static_images/moulen_can_can_candelabra.jpg"}}, {"added": {"name": "Item Grade", "object": "Moulen Can-Can Caldelabra"}}, {"added": {"name": "Resource", "object": ""}}, {"added": {"name": "Resource", "object": ""}}, {"added": {"name": "Resource", "object": ""}}, {"added": {"name": "Resource", "object": ""}}, {"added": {"name": "Resource", "object": ""}}]', 26, 1);
INSERT INTO public.django_admin_log VALUES (243, '2023-07-25 15:34:30.692161+00', '46', 'Mechanical Fuel System', 1, '[{"added": {}}, {"added": {"name": "item picture", "object": "static_images/mechanical_fuel_system_azYC3TX.jpg"}}, {"added": {"name": "Item Grade", "object": "Simple Fuel System"}}, {"added": {"name": "Item Grade", "object": "Well-Crafted Fuel System"}}, {"added": {"name": "Item Grade", "object": "Superior Fuel System"}}]', 26, 1);
INSERT INTO public.django_admin_log VALUES (244, '2023-07-25 15:34:51.314651+00', '46', 'Mechanical Fuel System', 2, '[{"added": {"name": "Crafted Item", "object": ""}}, {"added": {"name": "Crafted Item", "object": ""}}]', 26, 1);
INSERT INTO public.django_admin_log VALUES (245, '2023-07-25 15:36:27.402134+00', '46', 'Mechanical Fuel System', 2, '[{"added": {"name": "Resource", "object": ""}}, {"added": {"name": "Resource", "object": ""}}, {"added": {"name": "Resource", "object": ""}}, {"added": {"name": "Resource", "object": ""}}, {"added": {"name": "Resource", "object": ""}}, {"added": {"name": "Resource", "object": ""}}, {"added": {"name": "Resource", "object": ""}}, {"added": {"name": "Resource", "object": ""}}, {"added": {"name": "Resource", "object": ""}}]', 26, 1);
INSERT INTO public.django_admin_log VALUES (246, '2023-07-25 15:44:39.043094+00', '47', 'Mechanical Crafting Area', 1, '[{"added": {}}, {"added": {"name": "item picture", "object": "static_images/mechanical_crafting_area.jpg"}}, {"added": {"name": "Item Grade", "object": "Patchwork Crafting Area"}}, {"added": {"name": "Item Grade", "object": "Hardened Crafting Area"}}, {"added": {"name": "Item Grade", "object": "Forged Crafting Area"}}, {"added": {"name": "Resource", "object": ""}}, {"added": {"name": "Resource", "object": ""}}, {"added": {"name": "Resource", "object": ""}}, {"added": {"name": "Resource", "object": ""}}, {"added": {"name": "Resource", "object": ""}}, {"added": {"name": "Resource", "object": ""}}]', 26, 1);
INSERT INTO public.django_admin_log VALUES (247, '2023-07-25 15:45:02.401405+00', '47', 'Mechanical Crafting Area', 2, '[{"added": {"name": "Crafted Item", "object": ""}}, {"added": {"name": "Crafted Item", "object": ""}}]', 26, 1);
INSERT INTO public.django_admin_log VALUES (248, '2023-07-25 15:47:00.381583+00', '48', 'Mechanical Auto Frame', 1, '[{"added": {}}, {"added": {"name": "item picture", "object": "static_images/mechanical_auto_frame_qyjMl66.jpg"}}, {"added": {"name": "Item Grade", "object": "Auto X-Frame"}}, {"added": {"name": "Item Grade", "object": "Auto Ladder Frame"}}, {"added": {"name": "Item Grade", "object": "Auto Unibody Frame"}}]', 26, 1);
INSERT INTO public.django_admin_log VALUES (249, '2023-07-25 15:48:18.266652+00', '48', 'Mechanical Auto Frame', 2, '[{"added": {"name": "Resource", "object": ""}}, {"added": {"name": "Resource", "object": ""}}, {"added": {"name": "Resource", "object": ""}}, {"added": {"name": "Resource", "object": ""}}, {"added": {"name": "Resource", "object": ""}}, {"added": {"name": "Resource", "object": ""}}, {"added": {"name": "Resource", "object": ""}}, {"added": {"name": "Resource", "object": ""}}, {"added": {"name": "Resource", "object": ""}}, {"added": {"name": "Crafted Item", "object": ""}}, {"added": {"name": "Crafted Item", "object": ""}}]', 26, 1);
INSERT INTO public.django_admin_log VALUES (250, '2023-07-25 15:52:35.685059+00', '49', 'Mechanical Airship Framework', 1, '[{"added": {}}, {"added": {"name": "item picture", "object": "static_images/mechanical_airship_framework.jpg"}}, {"added": {"name": "Item Grade", "object": "Simple Airship Framework"}}, {"added": {"name": "Item Grade", "object": "well-Crafted Airship Framework"}}, {"added": {"name": "Item Grade", "object": "Superior Airship Framework"}}]', 26, 1);
INSERT INTO public.django_admin_log VALUES (251, '2023-07-25 15:52:54.358556+00', '49', 'Mechanical Airship Framework', 2, '[{"added": {"name": "Crafted Item", "object": ""}}, {"added": {"name": "Crafted Item", "object": ""}}]', 26, 1);
INSERT INTO public.django_admin_log VALUES (252, '2023-07-25 15:53:46.406311+00', '49', 'Mechanical Airship Framework', 2, '[{"added": {"name": "Resource", "object": ""}}, {"added": {"name": "Resource", "object": ""}}, {"added": {"name": "Resource", "object": ""}}, {"added": {"name": "Resource", "object": ""}}, {"added": {"name": "Resource", "object": ""}}, {"added": {"name": "Resource", "object": ""}}, {"added": {"name": "Resource", "object": ""}}, {"added": {"name": "Resource", "object": ""}}, {"added": {"name": "Resource", "object": ""}}]', 26, 1);
INSERT INTO public.django_admin_log VALUES (253, '2023-07-25 15:58:27.112676+00', '50', 'Bigol Personal Zeppelin', 1, '[{"added": {}}, {"added": {"name": "item picture", "object": "static_images/bigol_personal_zeppelin.jpg"}}, {"added": {"name": "Item Grade", "object": "Makeshift Zeppelin"}}, {"added": {"name": "Item Grade", "object": "Sturdy Zeppelin"}}, {"added": {"name": "Item Grade", "object": "Reinforced Zeppelin"}}]', 26, 1);
INSERT INTO public.django_admin_log VALUES (254, '2023-07-25 15:58:58.137502+00', '50', 'Bigol Personal Zeppelin', 2, '[{"added": {"name": "Resource", "object": ""}}, {"added": {"name": "Crafted Item", "object": ""}}, {"added": {"name": "Crafted Item", "object": ""}}]', 26, 1);
INSERT INTO public.django_admin_log VALUES (255, '2023-07-25 16:00:44.874976+00', '50', 'Bigol Personal Zeppelin', 2, '[{"added": {"name": "Resource", "object": ""}}, {"added": {"name": "Resource", "object": ""}}, {"added": {"name": "Crafted Item", "object": ""}}, {"added": {"name": "Crafted Item", "object": ""}}, {"added": {"name": "Crafted Item", "object": ""}}, {"added": {"name": "Crafted Item", "object": ""}}, {"added": {"name": "Crafted Item", "object": ""}}, {"added": {"name": "Crafted Item", "object": ""}}, {"added": {"name": "Crafted Item", "object": ""}}, {"added": {"name": "Crafted Item", "object": ""}}, {"added": {"name": "Crafted Item", "object": ""}}]', 26, 1);
INSERT INTO public.django_admin_log VALUES (256, '2023-07-25 16:06:47.607331+00', '51', 'Glitter Gulch Raider Ride', 1, '[{"added": {}}, {"added": {"name": "item picture", "object": "static_images/glitter_gulch_raider_ride_UvyOC4m.jpg"}}, {"added": {"name": "Item Grade", "object": "Lead Sled Raider-Ride"}}, {"added": {"name": "Item Grade", "object": "Mobile Homestead Raider-Ride"}}, {"added": {"name": "Item Grade", "object": "Road Raider Ride"}}]', 26, 1);
INSERT INTO public.django_admin_log VALUES (257, '2023-07-25 16:07:08.49337+00', '51', 'Glitter Gulch Raider Ride', 2, '[{"added": {"name": "Crafted Item", "object": ""}}, {"added": {"name": "Crafted Item", "object": ""}}]', 26, 1);
INSERT INTO public.django_admin_log VALUES (258, '2023-07-25 16:07:32.640741+00', '51', 'Glitter Gulch Raider Ride', 2, '[{"added": {"name": "Resource", "object": ""}}, {"added": {"name": "Resource", "object": ""}}, {"added": {"name": "Resource", "object": ""}}]', 26, 1);
INSERT INTO public.django_admin_log VALUES (259, '2023-07-25 16:09:10.746986+00', '51', 'Glitter Gulch Raider Ride', 2, '[{"added": {"name": "Crafted Item", "object": ""}}, {"added": {"name": "Crafted Item", "object": ""}}, {"added": {"name": "Crafted Item", "object": ""}}, {"added": {"name": "Crafted Item", "object": ""}}, {"added": {"name": "Crafted Item", "object": ""}}, {"added": {"name": "Crafted Item", "object": ""}}, {"added": {"name": "Crafted Item", "object": ""}}, {"added": {"name": "Crafted Item", "object": ""}}, {"added": {"name": "Crafted Item", "object": ""}}]', 26, 1);
INSERT INTO public.django_admin_log VALUES (260, '2023-07-25 16:13:42.440813+00', '52', 'Goat Rough Cycle', 1, '[{"added": {}}, {"added": {"name": "item picture", "object": "static_images/goat_rough_cycle.jpg"}}, {"added": {"name": "Item Grade", "object": "Makeshift Rough-Cycle"}}, {"added": {"name": "Item Grade", "object": "Sturdy Rough-Cycle"}}, {"added": {"name": "Item Grade", "object": "Reinforced Rough-Cycle"}}]', 26, 1);
INSERT INTO public.django_admin_log VALUES (261, '2023-07-25 16:14:00.580955+00', '52', 'Goat Rough Cycle', 2, '[{"added": {"name": "Crafted Item", "object": ""}}, {"added": {"name": "Crafted Item", "object": ""}}]', 26, 1);
INSERT INTO public.django_admin_log VALUES (262, '2023-07-25 16:14:21.36245+00', '52', 'Goat Rough Cycle', 2, '[{"added": {"name": "Resource", "object": ""}}, {"added": {"name": "Resource", "object": ""}}, {"added": {"name": "Resource", "object": ""}}]', 26, 1);
INSERT INTO public.django_admin_log VALUES (263, '2023-07-25 16:15:47.172651+00', '52', 'Goat Rough Cycle', 2, '[{"added": {"name": "Crafted Item", "object": ""}}, {"added": {"name": "Crafted Item", "object": ""}}, {"added": {"name": "Crafted Item", "object": ""}}, {"added": {"name": "Crafted Item", "object": ""}}, {"added": {"name": "Crafted Item", "object": ""}}, {"added": {"name": "Crafted Item", "object": ""}}, {"added": {"name": "Crafted Item", "object": ""}}, {"added": {"name": "Crafted Item", "object": ""}}, {"added": {"name": "Crafted Item", "object": ""}}]', 26, 1);
INSERT INTO public.django_admin_log VALUES (264, '2023-07-25 16:23:12.673647+00', '53', 'Wildwind Throwing Knife', 1, '[{"added": {}}, {"added": {"name": "item picture", "object": "static_images/wildwind_throwing_knife.jpg"}}, {"added": {"name": "Item Grade", "object": "Makeshift Throwing Knife"}}, {"added": {"name": "Item Grade", "object": "Sturdy Throwing Knife"}}, {"added": {"name": "Item Grade", "object": "Reinforced Throwing Knife"}}]', 26, 1);
INSERT INTO public.django_admin_log VALUES (265, '2023-07-25 16:24:14.566709+00', '53', 'Wildwind Throwing Knife', 2, '[{"added": {"name": "Crafted Item", "object": ""}}, {"added": {"name": "Crafted Item", "object": ""}}]', 26, 1);
INSERT INTO public.django_admin_log VALUES (266, '2023-07-25 16:25:04.515136+00', '53', 'Wildwind Throwing Knife', 2, '[{"added": {"name": "Resource", "object": ""}}, {"added": {"name": "Resource", "object": ""}}, {"added": {"name": "Resource", "object": ""}}, {"added": {"name": "Resource", "object": ""}}, {"added": {"name": "Resource", "object": ""}}, {"added": {"name": "Resource", "object": ""}}]', 26, 1);
INSERT INTO public.django_admin_log VALUES (267, '2023-07-25 16:28:03.482462+00', '54', 'Toothpiq Cutter', 1, '[{"added": {}}, {"added": {"name": "item picture", "object": "static_images/toothpiq_cutter.jpg"}}, {"added": {"name": "Item Grade", "object": "Makeshift Cutter"}}, {"added": {"name": "Item Grade", "object": "Sturdy Cutter"}}, {"added": {"name": "Item Grade", "object": "Reinforced Cutter"}}]', 26, 1);
INSERT INTO public.django_admin_log VALUES (268, '2023-07-25 16:29:11.722124+00', '54', 'Toothpiq Cutter', 2, '[{"added": {"name": "Resource", "object": ""}}, {"added": {"name": "Resource", "object": ""}}, {"added": {"name": "Resource", "object": ""}}, {"added": {"name": "Resource", "object": ""}}, {"added": {"name": "Resource", "object": ""}}, {"added": {"name": "Resource", "object": ""}}, {"added": {"name": "Crafted Item", "object": ""}}, {"added": {"name": "Crafted Item", "object": ""}}]', 26, 1);
INSERT INTO public.django_admin_log VALUES (269, '2023-07-25 16:31:29.34118+00', '55', 'Toothpiq Chopper', 1, '[{"added": {}}, {"added": {"name": "item picture", "object": "static_images/toothpiq_chopper.jpg"}}, {"added": {"name": "Item Grade", "object": "Makeshift Chopper"}}, {"added": {"name": "Item Grade", "object": "Sturdy Chopper"}}, {"added": {"name": "Item Grade", "object": "Reinforced Chopper"}}]', 26, 1);
INSERT INTO public.django_admin_log VALUES (270, '2023-07-25 16:33:04.052129+00', '55', 'Toothpiq Chopper', 2, '[{"changed": {"name": "Item Grade", "object": "Makeshift Chopper", "fields": ["Mechanics"]}}, {"changed": {"name": "Item Grade", "object": "Sturdy Chopper", "fields": ["Mechanics"]}}, {"changed": {"name": "Item Grade", "object": "Reinforced Chopper", "fields": ["Mechanics"]}}, {"added": {"name": "Resource", "object": ""}}, {"added": {"name": "Resource", "object": ""}}, {"added": {"name": "Resource", "object": ""}}, {"added": {"name": "Resource", "object": ""}}, {"added": {"name": "Resource", "object": ""}}, {"added": {"name": "Resource", "object": ""}}, {"added": {"name": "Crafted Item", "object": ""}}, {"added": {"name": "Crafted Item", "object": ""}}]', 26, 1);
INSERT INTO public.django_admin_log VALUES (271, '2023-07-25 16:35:33.650541+00', '56', 'Three Eye Throwing Star', 1, '[{"added": {}}, {"added": {"name": "item picture", "object": "static_images/three_eye_throwing_star.jpg"}}, {"added": {"name": "Item Grade", "object": "Makeshift Throwing Star"}}, {"added": {"name": "Item Grade", "object": "Sturdy Throwing Star"}}, {"added": {"name": "Item Grade", "object": "Reinforced Throwing Star"}}]', 26, 1);
INSERT INTO public.django_admin_log VALUES (272, '2023-07-25 16:36:10.431392+00', '56', 'Three Eye Throwing Star', 2, '[{"changed": {"name": "Item Grade", "object": "Makeshift Throwing Star", "fields": ["Mechanics"]}}, {"changed": {"name": "Item Grade", "object": "Sturdy Throwing Star", "fields": ["Mechanics"]}}, {"changed": {"name": "Item Grade", "object": "Reinforced Throwing Star", "fields": ["Mechanics"]}}]', 26, 1);
INSERT INTO public.django_admin_log VALUES (273, '2023-07-25 16:36:46.219283+00', '56', 'Three Eye Throwing Star', 2, '[{"added": {"name": "Resource", "object": ""}}, {"added": {"name": "Resource", "object": ""}}, {"added": {"name": "Resource", "object": ""}}, {"added": {"name": "Resource", "object": ""}}, {"added": {"name": "Resource", "object": ""}}, {"added": {"name": "Resource", "object": ""}}]', 26, 1);
INSERT INTO public.django_admin_log VALUES (274, '2023-07-25 16:42:17.346989+00', '56', 'Three Eye Throwing Star', 2, '[{"added": {"name": "Crafted Item", "object": ""}}, {"added": {"name": "Crafted Item", "object": ""}}]', 26, 1);
INSERT INTO public.django_admin_log VALUES (275, '2023-07-25 16:46:44.167941+00', '57', 'Thempire Tenderizer', 1, '[{"added": {}}, {"added": {"name": "item picture", "object": "static_images/thempire_tenderizer.jpg"}}, {"added": {"name": "Item Grade", "object": "Makeshift Tenderizer"}}, {"added": {"name": "Item Grade", "object": "Sturdy Tenderizer"}}, {"added": {"name": "Item Grade", "object": "Reinforced Tenderizer"}}]', 26, 1);
INSERT INTO public.django_admin_log VALUES (276, '2023-07-25 16:47:38.97355+00', '57', 'Thempire Tenderizer', 2, '[{"added": {"name": "Resource", "object": ""}}, {"added": {"name": "Resource", "object": ""}}, {"added": {"name": "Resource", "object": ""}}, {"added": {"name": "Resource", "object": ""}}, {"added": {"name": "Resource", "object": ""}}, {"added": {"name": "Resource", "object": ""}}]', 26, 1);
INSERT INTO public.django_admin_log VALUES (277, '2023-07-25 16:48:02.590546+00', '57', 'Thempire Tenderizer', 2, '[{"added": {"name": "Crafted Item", "object": ""}}, {"added": {"name": "Crafted Item", "object": ""}}]', 26, 1);
INSERT INTO public.django_admin_log VALUES (278, '2023-07-25 16:52:56.695212+00', '58', 'Thempire Tanto', 1, '[{"added": {}}, {"added": {"name": "item picture", "object": "static_images/thempire_tanto.jpg"}}, {"added": {"name": "Item Grade", "object": "Makeshift Tanto"}}, {"added": {"name": "Item Grade", "object": "Sturdy Tanto"}}, {"added": {"name": "Item Grade", "object": "Reinforced Tanto"}}]', 26, 1);
INSERT INTO public.django_admin_log VALUES (279, '2023-07-25 16:54:01.351297+00', '58', 'Thempire Tanto', 2, '[{"added": {"name": "Resource", "object": ""}}, {"added": {"name": "Resource", "object": ""}}, {"added": {"name": "Resource", "object": ""}}, {"added": {"name": "Resource", "object": ""}}, {"added": {"name": "Resource", "object": ""}}, {"added": {"name": "Resource", "object": ""}}, {"added": {"name": "Crafted Item", "object": ""}}, {"added": {"name": "Crafted Item", "object": ""}}]', 26, 1);
INSERT INTO public.django_admin_log VALUES (280, '2023-07-25 22:34:41.031411+00', '59', 'Steelpaw Gauntlets', 1, '[{"added": {}}, {"added": {"name": "item picture", "object": "static_images/steelpaw_gauntlets.jpg"}}, {"added": {"name": "Item Grade", "object": "Makeshift SP Gauntlets"}}, {"added": {"name": "Item Grade", "object": "Sturdy SP Gauntlets"}}, {"added": {"name": "Item Grade", "object": "Reinforced SP Gauntlets"}}, {"added": {"name": "Resource", "object": ""}}, {"added": {"name": "Resource", "object": ""}}, {"added": {"name": "Resource", "object": ""}}, {"added": {"name": "Resource", "object": ""}}, {"added": {"name": "Resource", "object": ""}}, {"added": {"name": "Resource", "object": ""}}]', 26, 1);
INSERT INTO public.django_admin_log VALUES (281, '2023-07-25 22:35:02.854356+00', '59', 'Steelpaw Gauntlets', 2, '[{"added": {"name": "Crafted Item", "object": ""}}, {"added": {"name": "Crafted Item", "object": ""}}]', 26, 1);
INSERT INTO public.django_admin_log VALUES (282, '2023-07-25 22:38:06.023796+00', '60', 'Sosweet Smashstick', 1, '[{"added": {}}, {"added": {"name": "item picture", "object": "static_images/sosweet_smashstick.jpg"}}, {"added": {"name": "Item Grade", "object": "Makeshift Smashstick"}}, {"added": {"name": "Item Grade", "object": "Sturdy Smashstick"}}, {"added": {"name": "Item Grade", "object": "Reinforced Smashstick"}}]', 26, 1);
INSERT INTO public.django_admin_log VALUES (283, '2023-07-25 22:39:08.187981+00', '60', 'Sosweet Smashstick', 2, '[{"added": {"name": "Resource", "object": ""}}, {"added": {"name": "Resource", "object": ""}}, {"added": {"name": "Resource", "object": ""}}, {"added": {"name": "Resource", "object": ""}}, {"added": {"name": "Resource", "object": ""}}, {"added": {"name": "Resource", "object": ""}}, {"added": {"name": "Crafted Item", "object": ""}}, {"added": {"name": "Crafted Item", "object": ""}}]', 26, 1);
INSERT INTO public.django_admin_log VALUES (284, '2023-07-25 22:42:57.19001+00', '61', 'Slappi Offhand', 1, '[{"added": {}}, {"added": {"name": "Item Grade", "object": "Makeshift Offhand"}}, {"added": {"name": "Item Grade", "object": "Sturdy Offhand"}}, {"added": {"name": "Item Grade", "object": "Reinforced Offhand"}}]', 26, 1);
INSERT INTO public.django_admin_log VALUES (285, '2023-07-25 22:43:49.531529+00', '61', 'Slappi Offhand', 2, '[{"added": {"name": "Resource", "object": ""}}, {"added": {"name": "Resource", "object": ""}}, {"added": {"name": "Resource", "object": ""}}, {"added": {"name": "Resource", "object": ""}}, {"added": {"name": "Resource", "object": ""}}, {"added": {"name": "Crafted Item", "object": ""}}, {"added": {"name": "Crafted Item", "object": ""}}]', 26, 1);
INSERT INTO public.django_admin_log VALUES (286, '2023-07-25 23:27:00.651643+00', '62', 'Ooph Barrier', 1, '[{"added": {}}, {"added": {"name": "item picture", "object": "static_images/ooph_barrier.jpg"}}, {"added": {"name": "Item Grade", "object": "Patchwork Barrier"}}, {"added": {"name": "Item Grade", "object": "Hardened Barrier"}}, {"added": {"name": "Item Grade", "object": "Forged Barrier"}}, {"added": {"name": "Resource", "object": ""}}, {"added": {"name": "Resource", "object": ""}}, {"added": {"name": "Resource", "object": ""}}, {"added": {"name": "Resource", "object": ""}}, {"added": {"name": "Resource", "object": ""}}, {"added": {"name": "Resource", "object": ""}}]', 26, 1);
INSERT INTO public.django_admin_log VALUES (287, '2023-07-25 23:27:23.526491+00', '62', 'Ooph Barrier', 2, '[{"added": {"name": "Crafted Item", "object": ""}}, {"added": {"name": "Crafted Item", "object": ""}}]', 26, 1);
INSERT INTO public.django_admin_log VALUES (288, '2023-07-26 00:15:14.892591+00', '63', 'Mechanical Hull', 1, '[{"added": {}}, {"added": {"name": "item picture", "object": "static_images/mechanical_hull.jpg"}}, {"added": {"name": "Item Grade", "object": "Simple Mechanical Hull"}}, {"added": {"name": "Item Grade", "object": "Well-Crafted Mechanical hull"}}, {"added": {"name": "Item Grade", "object": "Superior Mechanical Hull"}}]', 26, 1);
INSERT INTO public.django_admin_log VALUES (289, '2023-07-26 00:15:37.35465+00', '63', 'Mechanical Hull', 2, '[{"added": {"name": "Crafted Item", "object": ""}}, {"added": {"name": "Crafted Item", "object": ""}}]', 26, 1);
INSERT INTO public.django_admin_log VALUES (290, '2023-07-26 00:16:59.587039+00', '63', 'Mechanical Hull', 2, '[{"added": {"name": "Resource", "object": ""}}, {"added": {"name": "Resource", "object": ""}}, {"added": {"name": "Resource", "object": ""}}, {"added": {"name": "Resource", "object": ""}}, {"added": {"name": "Resource", "object": ""}}, {"added": {"name": "Resource", "object": ""}}, {"added": {"name": "Resource", "object": ""}}, {"added": {"name": "Resource", "object": ""}}, {"added": {"name": "Resource", "object": ""}}]', 26, 1);
INSERT INTO public.django_admin_log VALUES (291, '2023-07-26 00:18:57.811841+00', '64', 'Heavycraf Punchers', 1, '[{"added": {}}]', 26, 1);
INSERT INTO public.django_admin_log VALUES (292, '2023-07-26 00:20:58.009855+00', '64', 'Heavycraf Punchers', 2, '[{"added": {"name": "item picture", "object": "static_images/heavycraf_punchers.jpg"}}, {"added": {"name": "Item Grade", "object": "Makeshift Punchers"}}, {"added": {"name": "Item Grade", "object": "Sturdy Punchers"}}, {"added": {"name": "Item Grade", "object": "Reinforced Punchers"}}, {"added": {"name": "Resource", "object": ""}}, {"added": {"name": "Resource", "object": ""}}, {"added": {"name": "Resource", "object": ""}}, {"added": {"name": "Resource", "object": ""}}, {"added": {"name": "Resource", "object": ""}}, {"added": {"name": "Resource", "object": ""}}, {"added": {"name": "Crafted Item", "object": ""}}, {"added": {"name": "Crafted Item", "object": ""}}]', 26, 1);
INSERT INTO public.django_admin_log VALUES (293, '2023-07-26 00:24:58.37478+00', '65', 'Heavycraf Electrowelder', 1, '[{"added": {}}, {"added": {"name": "item picture", "object": "static_images/heavycraf_electro_welder.jpg"}}, {"added": {"name": "Item Grade", "object": "Makeshift Electro-Welder"}}, {"added": {"name": "Item Grade", "object": "Sturdy Electro-Welder"}}, {"added": {"name": "Item Grade", "object": "Reinforced Electro-Welder"}}]', 26, 1);
INSERT INTO public.django_admin_log VALUES (294, '2023-07-26 00:25:38.31952+00', '65', 'Heavycraf Electrowelder', 2, '[{"added": {"name": "Resource", "object": ""}}, {"added": {"name": "Resource", "object": ""}}, {"added": {"name": "Resource", "object": ""}}, {"added": {"name": "Resource", "object": ""}}, {"added": {"name": "Resource", "object": ""}}, {"added": {"name": "Resource", "object": ""}}]', 26, 1);
INSERT INTO public.django_admin_log VALUES (295, '2023-07-26 00:25:56.657389+00', '65', 'Heavycraf Electrowelder', 2, '[{"added": {"name": "Crafted Item", "object": ""}}, {"added": {"name": "Crafted Item", "object": ""}}]', 26, 1);
INSERT INTO public.django_admin_log VALUES (296, '2023-07-26 00:28:50.286946+00', '66', 'Greenlight Cleaver', 1, '[{"added": {}}, {"added": {"name": "item picture", "object": "static_images/greenlight_cleaver.jpg"}}, {"added": {"name": "Item Grade", "object": "Makeshift Cleaver"}}, {"added": {"name": "Item Grade", "object": "Sturdy Cleaver"}}, {"added": {"name": "Item Grade", "object": "Reinforced Cleaver"}}]', 26, 1);
INSERT INTO public.django_admin_log VALUES (297, '2023-07-26 00:29:57.258181+00', '66', 'Greenlight Cleaver', 2, '[{"added": {"name": "Resource", "object": ""}}, {"added": {"name": "Resource", "object": ""}}, {"added": {"name": "Resource", "object": ""}}, {"added": {"name": "Resource", "object": ""}}, {"added": {"name": "Resource", "object": ""}}, {"added": {"name": "Resource", "object": ""}}, {"added": {"name": "Crafted Item", "object": ""}}, {"added": {"name": "Crafted Item", "object": ""}}]', 26, 1);
INSERT INTO public.django_admin_log VALUES (298, '2023-07-26 00:32:33.380759+00', '67', 'Goat Gear', 1, '[{"added": {}}, {"added": {"name": "item picture", "object": "static_images/goat_gear.jpg"}}, {"added": {"name": "Item Grade", "object": "Patchwork Goat Gear"}}, {"added": {"name": "Item Grade", "object": "Hardened Goat Gear"}}, {"added": {"name": "Item Grade", "object": "Forged Goat Gear"}}]', 26, 1);
INSERT INTO public.django_admin_log VALUES (299, '2023-07-26 00:33:31.000913+00', '67', 'Goat Gear', 2, '[{"added": {"name": "Resource", "object": ""}}, {"added": {"name": "Resource", "object": ""}}, {"added": {"name": "Resource", "object": ""}}, {"added": {"name": "Resource", "object": ""}}, {"added": {"name": "Resource", "object": ""}}, {"added": {"name": "Resource", "object": ""}}, {"added": {"name": "Crafted Item", "object": ""}}, {"added": {"name": "Crafted Item", "object": ""}}]', 26, 1);
INSERT INTO public.django_admin_log VALUES (300, '2023-07-26 00:37:22.661681+00', '68', 'Glitter Gulch Shotgun', 1, '[{"added": {}}, {"added": {"name": "item picture", "object": "static_images/glitter_gulch_shotgun.jpg"}}, {"added": {"name": "Item Grade", "object": "Makeshift GG Shotgun"}}, {"added": {"name": "Item Grade", "object": "Sturdy GG Shotgun"}}, {"added": {"name": "Item Grade", "object": "Reinforced GG Shotgun"}}]', 26, 1);
INSERT INTO public.django_admin_log VALUES (301, '2023-07-26 00:38:24.413098+00', '68', 'Glitter Gulch Shotgun', 2, '[{"added": {"name": "Resource", "object": ""}}, {"added": {"name": "Resource", "object": ""}}, {"added": {"name": "Resource", "object": ""}}, {"added": {"name": "Resource", "object": ""}}, {"added": {"name": "Resource", "object": ""}}, {"added": {"name": "Resource", "object": ""}}, {"added": {"name": "Crafted Item", "object": ""}}, {"added": {"name": "Crafted Item", "object": ""}}]', 26, 1);
INSERT INTO public.django_admin_log VALUES (302, '2023-07-26 00:39:36.403857+00', '69', 'Freeiron Guard', 1, '[{"added": {}}]', 26, 1);
INSERT INTO public.django_admin_log VALUES (303, '2023-07-26 00:42:09.984014+00', '69', 'Freeiron Guard', 2, '[{"changed": {"fields": ["Usage tree"]}}, {"added": {"name": "item picture", "object": "static_images/freeiron_guard.jpg"}}, {"added": {"name": "Item Grade", "object": "Patchwork Guard"}}, {"added": {"name": "Item Grade", "object": "Hardened Guard"}}, {"added": {"name": "Item Grade", "object": "Forged Guard"}}, {"added": {"name": "Resource", "object": ""}}, {"added": {"name": "Resource", "object": ""}}, {"added": {"name": "Resource", "object": ""}}, {"added": {"name": "Resource", "object": ""}}, {"added": {"name": "Resource", "object": ""}}, {"added": {"name": "Resource", "object": ""}}, {"added": {"name": "Crafted Item", "object": ""}}, {"added": {"name": "Crafted Item", "object": ""}}]', 26, 1);
INSERT INTO public.django_admin_log VALUES (304, '2023-07-26 00:44:24.174351+00', '70', 'Candlepin Flame Belcher', 1, '[{"added": {}}, {"added": {"name": "item picture", "object": "static_images/candlepin_flame_belcher.jpg"}}]', 26, 1);
INSERT INTO public.django_admin_log VALUES (305, '2023-07-26 00:48:00.25503+00', '70', 'Candlepin Flame Belcher', 2, '[{"added": {"name": "Item Grade", "object": "Makeshift Flame Belcher"}}, {"added": {"name": "Item Grade", "object": "Sturdy Flame Belcher"}}, {"added": {"name": "Item Grade", "object": "Reinforced Flame Belcher"}}, {"added": {"name": "Resource", "object": ""}}, {"added": {"name": "Resource", "object": ""}}, {"added": {"name": "Resource", "object": ""}}, {"added": {"name": "Resource", "object": ""}}, {"added": {"name": "Resource", "object": ""}}, {"added": {"name": "Crafted Item", "object": ""}}]', 26, 1);
INSERT INTO public.django_admin_log VALUES (306, '2023-07-26 00:48:24.108711+00', '70', 'Candlepin Flame Belcher', 2, '[{"added": {"name": "Crafted Item", "object": ""}}, {"added": {"name": "Crafted Item", "object": ""}}]', 26, 1);
INSERT INTO public.django_admin_log VALUES (307, '2023-07-27 09:36:40.380809+00', '1', 'First Game Wallet', 1, '[{"added": {}}, {"added": {"name": "wallet resource", "object": ""}}, {"added": {"name": "wallet item", "object": ""}}]', 43, 1);


--
-- TOC entry 3805 (class 0 OID 37243)
-- Dependencies: 222
-- Data for Name: django_content_type; Type: TABLE DATA; Schema: public; Owner: doadmin
--

INSERT INTO public.django_content_type VALUES (1, 'admin', 'logentry', NULL);
INSERT INTO public.django_content_type VALUES (2, 'auth', 'permission', NULL);
INSERT INTO public.django_content_type VALUES (3, 'auth', 'group', NULL);
INSERT INTO public.django_content_type VALUES (4, 'contenttypes', 'contenttype', NULL);
INSERT INTO public.django_content_type VALUES (5, 'sessions', 'session', NULL);
INSERT INTO public.django_content_type VALUES (6, 'password_history', 'passwordhistory', NULL);
INSERT INTO public.django_content_type VALUES (7, 'password_history', 'userpasswordhistoryconfig', NULL);
INSERT INTO public.django_content_type VALUES (8, 'taggit', 'tag', NULL);
INSERT INTO public.django_content_type VALUES (9, 'taggit', 'taggeditem', NULL);
INSERT INTO public.django_content_type VALUES (10, 'necrotopia', 'userprofile', NULL);
INSERT INTO public.django_content_type VALUES (11, 'necrotopia', 'chapter', NULL);
INSERT INTO public.django_content_type VALUES (12, 'necrotopia', 'gender', NULL);
INSERT INTO public.django_content_type VALUES (13, 'necrotopia', 'ratedskillitem', NULL);
INSERT INTO public.django_content_type VALUES (14, 'necrotopia', 'skillitem', NULL);
INSERT INTO public.django_content_type VALUES (15, 'necrotopia', 'title', NULL);
INSERT INTO public.django_content_type VALUES (16, 'necrotopia', 'group', NULL);
INSERT INTO public.django_content_type VALUES (17, 'necrotopia', 'usefullinks', NULL);
INSERT INTO public.django_content_type VALUES (18, 'necrotopia', 'skillratings', NULL);
INSERT INTO public.django_content_type VALUES (19, 'necrotopia', 'resourceitem', NULL);
INSERT INTO public.django_content_type VALUES (20, 'necrotopia', 'department', NULL);
INSERT INTO public.django_content_type VALUES (21, 'necrotopia', 'chapterstafftype', NULL);
INSERT INTO public.django_content_type VALUES (22, 'necrotopia', 'chapterstaff', NULL);
INSERT INTO public.django_content_type VALUES (23, 'necrotopia', 'rule', NULL);
INSERT INTO public.django_content_type VALUES (24, 'necrotopia', 'rulepicture', NULL);
INSERT INTO public.django_content_type VALUES (25, 'necrotopia', 'modulegraderesource', NULL);
INSERT INTO public.django_content_type VALUES (26, 'necrotopia', 'moduleassembly', NULL);
INSERT INTO public.django_content_type VALUES (27, 'necrotopia', 'modulegradesubassembly', NULL);
INSERT INTO public.django_content_type VALUES (28, 'necrotopia', 'itempicture', NULL);
INSERT INTO public.django_content_type VALUES (29, 'necrotopia', 'modulegrade', NULL);
INSERT INTO public.django_content_type VALUES (30, 'necrotopia', 'itempdf', NULL);
INSERT INTO public.django_content_type VALUES (31, 'necrotopia', 'character', NULL);
INSERT INTO public.django_content_type VALUES (32, 'necrotopia', 'financialinstitution', NULL);
INSERT INTO public.django_content_type VALUES (33, 'necrotopia', 'loottable', NULL);
INSERT INTO public.django_content_type VALUES (34, 'necrotopia', 'loottableitem', NULL);
INSERT INTO public.django_content_type VALUES (35, 'necrotopia', 'financialinvestment', NULL);
INSERT INTO public.django_content_type VALUES (36, 'necrotopia', 'financialinstitutionpicture', NULL);
INSERT INTO public.django_content_type VALUES (37, 'necrotopia', 'chapterpicture', NULL);
INSERT INTO public.django_content_type VALUES (38, 'necrotopia', 'institutionpicture', NULL);
INSERT INTO public.django_content_type VALUES (39, 'necrotopia', 'advertisement', NULL);
INSERT INTO public.django_content_type VALUES (40, 'necrotopia', 'advertisementx', NULL);
INSERT INTO public.django_content_type VALUES (41, 'tagging', 'tag', NULL);
INSERT INTO public.django_content_type VALUES (42, 'tagging', 'taggeditem', NULL);
INSERT INTO public.django_content_type VALUES (43, 'necrotopia', 'wallet', NULL);
INSERT INTO public.django_content_type VALUES (44, 'necrotopia', 'walletobjectbase', NULL);
INSERT INTO public.django_content_type VALUES (45, 'necrotopia', 'walletresource', NULL);
INSERT INTO public.django_content_type VALUES (46, 'necrotopia', 'walletitem', NULL);


--
-- TOC entry 3807 (class 0 OID 37249)
-- Dependencies: 224
-- Data for Name: django_migrations; Type: TABLE DATA; Schema: public; Owner: doadmin
--

INSERT INTO public.django_migrations VALUES (155, 'contenttypes', '0001_initial', '2023-07-20 01:22:47.610319+00');
INSERT INTO public.django_migrations VALUES (156, 'contenttypes', '0002_remove_content_type_name', '2023-07-20 01:23:51.964111+00');
INSERT INTO public.django_migrations VALUES (157, 'taggit', '0001_initial', '2023-07-20 01:25:25.533213+00');
INSERT INTO public.django_migrations VALUES (158, 'taggit', '0002_auto_20150616_2121', '2023-07-20 01:25:25.557321+00');
INSERT INTO public.django_migrations VALUES (159, 'taggit', '0003_taggeditem_add_unique_index', '2023-07-20 01:25:25.582212+00');
INSERT INTO public.django_migrations VALUES (160, 'taggit', '0004_alter_taggeditem_content_type_alter_taggeditem_tag', '2023-07-20 01:25:25.605431+00');
INSERT INTO public.django_migrations VALUES (161, 'taggit', '0005_auto_20220424_2025', '2023-07-20 01:25:25.629209+00');
INSERT INTO public.django_migrations VALUES (162, 'sessions', '0001_initial', '2023-07-20 01:25:40.454354+00');
INSERT INTO public.django_migrations VALUES (163, 'auth', '0001_initial', '2023-07-20 01:25:50.233076+00');
INSERT INTO public.django_migrations VALUES (164, 'auth', '0002_alter_permission_name_max_length', '2023-07-20 01:25:50.257068+00');
INSERT INTO public.django_migrations VALUES (165, 'auth', '0003_alter_user_email_max_length', '2023-07-20 01:25:50.281071+00');
INSERT INTO public.django_migrations VALUES (166, 'auth', '0004_alter_user_username_opts', '2023-07-20 01:25:50.305069+00');
INSERT INTO public.django_migrations VALUES (167, 'auth', '0005_alter_user_last_login_null', '2023-07-20 01:25:50.32907+00');
INSERT INTO public.django_migrations VALUES (168, 'auth', '0006_require_contenttypes_0002', '2023-07-20 01:25:50.353078+00');
INSERT INTO public.django_migrations VALUES (169, 'auth', '0007_alter_validators_add_error_messages', '2023-07-20 01:25:50.381073+00');
INSERT INTO public.django_migrations VALUES (170, 'auth', '0008_alter_user_username_max_length', '2023-07-20 01:25:50.404072+00');
INSERT INTO public.django_migrations VALUES (171, 'auth', '0009_alter_user_last_name_max_length', '2023-07-20 01:25:50.429075+00');
INSERT INTO public.django_migrations VALUES (172, 'auth', '0010_alter_group_name_max_length', '2023-07-20 01:25:50.455019+00');
INSERT INTO public.django_migrations VALUES (173, 'auth', '0011_update_proxy_permissions', '2023-07-20 01:25:50.485018+00');
INSERT INTO public.django_migrations VALUES (174, 'auth', '0012_alter_user_first_name_max_length', '2023-07-20 01:25:50.509021+00');
INSERT INTO public.django_migrations VALUES (175, 'necrotopia', '0001_initial', '2023-07-20 01:25:50.53303+00');
INSERT INTO public.django_migrations VALUES (176, 'password_history', '0001_initial', '2023-07-20 01:25:50.55602+00');
INSERT INTO public.django_migrations VALUES (177, 'password_history', '0002_auto_20180424_1422', '2023-07-20 01:25:50.58002+00');
INSERT INTO public.django_migrations VALUES (178, 'password_history', '0003_auto_20201206_1357', '2023-07-20 01:25:50.60602+00');
INSERT INTO public.django_migrations VALUES (179, 'admin', '0001_initial', '2023-07-20 01:27:23.673216+00');
INSERT INTO public.django_migrations VALUES (180, 'admin', '0002_logentry_remove_auto_add', '2023-07-20 01:27:23.726216+00');
INSERT INTO public.django_migrations VALUES (181, 'admin', '0003_logentry_add_action_flag_choices', '2023-07-20 01:27:23.785216+00');
INSERT INTO public.django_migrations VALUES (182, 'necrotopia', '0002_financialinstitution_institutionpicture_and_more', '2023-07-20 01:29:38.167516+00');
INSERT INTO public.django_migrations VALUES (183, 'necrotopia', '0003_remove_financialinvestment_character_and_more', '2023-07-20 01:35:02.480088+00');
INSERT INTO public.django_migrations VALUES (184, 'necrotopia', '0004_character_financialinvestment', '2023-07-20 01:37:02.625887+00');
INSERT INTO public.django_migrations VALUES (185, 'necrotopia', '0005_alter_moduleassembly_achievement_mechanics_and_more', '2023-07-20 04:10:16.350127+00');
INSERT INTO public.django_migrations VALUES (186, 'tagging', '0001_initial', '2023-07-21 01:49:31.983519+00');
INSERT INTO public.django_migrations VALUES (187, 'tagging', '0002_on_delete', '2023-07-21 01:49:32.068861+00');
INSERT INTO public.django_migrations VALUES (188, 'tagging', '0003_adapt_max_tag_length', '2023-07-21 01:49:32.11857+00');
INSERT INTO public.django_migrations VALUES (189, 'tagging', '0004_alter_tag_id_alter_taggeditem_id', '2023-07-21 01:49:32.359387+00');
INSERT INTO public.django_migrations VALUES (190, 'necrotopia', '0002_remove_moduleassembly_season_chapter_stub', '2023-07-24 02:35:05.619528+00');
INSERT INTO public.django_migrations VALUES (191, 'necrotopia', '0003_remove_chapter_chapter_pictures_chapter_chapter_logo_and_more', '2023-07-24 02:51:26.014029+00');
INSERT INTO public.django_migrations VALUES (192, 'necrotopia', '0004_remove_chapter_chapter_logo', '2023-07-24 03:16:51.012623+00');
INSERT INTO public.django_migrations VALUES (193, 'necrotopia', '0002_delete_character', '2023-07-24 03:30:25.339335+00');
INSERT INTO public.django_migrations VALUES (194, 'necrotopia', '0002_wallet_walletobjectbase_walletresource_walletitem_and_more', '2023-07-27 09:33:25.865125+00');
INSERT INTO public.django_migrations VALUES (195, 'necrotopia', '0003_alter_walletobjectbase_acquire_date', '2023-07-27 09:40:47.451665+00');


--
-- TOC entry 3809 (class 0 OID 37255)
-- Dependencies: 226
-- Data for Name: django_session; Type: TABLE DATA; Schema: public; Owner: doadmin
--

INSERT INTO public.django_session VALUES ('xdjk9l5y3tfsun6chw68zxtuml4kd2zj', '.eJxVjEEOwiAQRe8ya0MgwBS7dO8ZCGUGixowpU1qjHfXJt10-997_wO-cWu5Fs_rK09v6OUJfFjm0S-NJ58JelBw2IYQH1w2QPdQblXEWuYpD2JTxE6buFbi52V3DwdjaOO_dtp1xjIHFYaYECUaZB2VIW2N0RFNMjEqtgmTTM5JPjO6DglJWsIE3x8IND8p:1q6ykh:RfAbpgVfpHENET4WE7FUsT0563BiItkNVhqyqDsdvjM', '2023-06-21 19:23:27.978747+00');
INSERT INTO public.django_session VALUES ('0j5lx1abmwmhazjx89362jjc6l6as9cc', '.eJxVjEEOwiAQRe8ya0MgwBS7dO8ZCGUGixowpU1qjHfXJt10-997_wO-cWu5Fs_rK09v6OUJfFjm0S-NJ58JelBw2IYQH1w2QPdQblXEWuYpD2JTxE6buFbi52V3DwdjaOO_dtp1xjIHFYaYECUaZB2VIW2N0RFNMjEqtgmTTM5JPjO6DglJWsIE3x8IND8p:1q75Mr:AKIwfTDAnmv31ftHP4Aeb50iW7XPN5efJIx0cV1I8SY', '2023-06-22 02:27:17.759448+00');
INSERT INTO public.django_session VALUES ('jmj8njr4h8xip8ljugb4b8kf8ck04bbj', '.eJxVjEEOwiAQRe_C2hAIwxRduvcMBGYGqRqalHbVeHdt0oVu_3vvbyqmdalx7TLHkdVFWXX63XKip7Qd8CO1-6Rpass8Zr0r-qBd3yaW1_Vw_w5q6vVbBxcG8CLJpkwF0SCgOLLAzgM4QihAZMUXLKaEYOQsGAZkZOMZi3p_AN9JN-w:1q75Ts:msmZirIU1fo5NZkk1dYJGeS4WcU0PM7dNrxdCu0Xs60', '2023-06-22 02:34:32.0838+00');
INSERT INTO public.django_session VALUES ('2scr9dc2yuwu790zkmzopd2jtfd4aotz', '.eJxVjEEOwiAQRe_C2hAIwxRduvcMBGYGqRqalHbVeHdt0oVu_3vvbyqmdalx7TLHkdVFWXX63XKip7Qd8CO1-6Rpass8Zr0r-qBd3yaW1_Vw_w5q6vVbBxcG8CLJpkwF0SCgOLLAzgM4QihAZMUXLKaEYOQsGAZkZOMZi3p_AN9JN-w:1q97hz:jJeXq1qIsA35fV3vnsIPMh6Xn-lRiqN3Krr489fQ8XE', '2023-06-27 17:21:31.926547+00');
INSERT INTO public.django_session VALUES ('shhsmstf10yjyxi4npmzpwg0tpkkx5we', '.eJxVjEEOwiAQRe_C2hAIwxRduvcMBGYGqRqalHbVeHdt0oVu_3vvbyqmdalx7TLHkdVFWXX63XKip7Qd8CO1-6Rpass8Zr0r-qBd3yaW1_Vw_w5q6vVbBxcG8CLJpkwF0SCgOLLAzgM4QihAZMUXLKaEYOQsGAZkZOMZi3p_AN9JN-w:1q99xz:Z7PWfMo20mYnwE0DHFMacvbAcgT-xSnnwtPrclX_Uuc', '2023-06-27 19:46:11.25283+00');
INSERT INTO public.django_session VALUES ('q9uh8m8sz0lozwvla144l9xhrcpnc757', 'eyJ0ZXN0Y29va2llIjoid29ya2VkIn0:1q9GZN:2qTF7Aq0GfIzOCJmQ3X-M2Tcy578rYGFwf4uoWA3YPM', '2023-06-28 02:49:13.713596+00');
INSERT INTO public.django_session VALUES ('iqyf43ah2phdukf6p4l4vhphgjwtpk21', '.eJxVjEEOwiAURO_C2hALpYBL956BfPgfWzElARoXxrtLk246y3lv5ssa1RZyTguxG_vkkgjZhTnY2uy2SsUt2IE4dx5ConUH-IL1mXnIayuL57vCD1r5IyO974d7Opihzn0do0INqGWYSEewVmpjrQdEq4wAOYQwDQr9dRKD8lL1jNFi1MoYTyOw3x-AOD_b:1q9vcn:5W9u2g_o3JVfSsQh7Np8lLbV7fmrWLhKj_08fhGYz-I', '2023-06-29 22:39:29.003655+00');
INSERT INTO public.django_session VALUES ('l1ron237onkfebbpmzy0mzeku3vzz8mj', 'eyJ0ZXN0Y29va2llIjoid29ya2VkIn0:1qE1sj:bB6zQzlXsi24NgGFGSGij4lrfteqsLdwM8nuEFVYXLE', '2023-07-11 06:08:53.995362+00');
INSERT INTO public.django_session VALUES ('4kus3d9dlbks7t6rbudfx66pfpszoexu', 'eyJ0ZXN0Y29va2llIjoid29ya2VkIn0:1qEBA9:WeRU79dPT2ZkTEcAkrtRKPpsQqnjr5p9Gou1rwR6log', '2023-07-11 16:03:29.187206+00');
INSERT INTO public.django_session VALUES ('be56e4k9qoyy0wl5g3pvz9bvs1d5c456', 'eyJ0ZXN0Y29va2llIjoid29ya2VkIn0:1qJwjX:luaK-IsNAv4v3NVUrqLeggQSVApAHvHQBfo95P40U_U', '2023-07-27 13:51:51.155147+00');
INSERT INTO public.django_session VALUES ('64kicxdoknvbkaotuag9wu6azal93i6k', '.eJxVjEEOwiAQRe8ya0MgwBS7dO8ZCGUGixowpU1qjHfXJt10-997_wO-cWu5Fs_rK09v6OUJfFjm0S-NJ58JelBw2IYQH1w2QPdQblXEWuYpD2JTxE6buFbi52V3DwdjaOO_dtp1xjIHFYaYECUaZB2VIW2N0RFNMjEqtgmTTM5JPjO6DglJWsIE3x8IND8p:1qKA4G:z5Oa9Yns7DXWocfUY5Oi1cgeyoRxucBP3oHUxg576oc', '2023-07-28 04:06:08.054614+00');
INSERT INTO public.django_session VALUES ('21nucsv8your9n6b98ohdgt6ltgd2jdp', '.eJxVjEEOwiAQRe8ya0MgwBS7dO8ZCGUGixowpU1qjHfXJt10-997_wO-cWu5Fs_rK09v6OUJfFjm0S-NJ58JelBw2IYQH1w2QPdQblXEWuYpD2JTxE6buFbi52V3DwdjaOO_dtp1xjIHFYaYECUaZB2VIW2N0RFNMjEqtgmTTM5JPjO6DglJWsIE3x8IND8p:1qKn6L:6tUJ572WF-nK7Kh6nIKsagh_5OOOI3iEN2wcwzaywzM', '2023-07-29 21:46:53.398113+00');
INSERT INTO public.django_session VALUES ('e5nfonc4wb9y0wjjoqiimq3vf39ib65o', '.eJxVjEEOwiAQRe8ya0MgwBS7dO8ZCGUGixowpU1qjHfXJt10-997_wO-cWu5Fs_rK09v6OUJfFjm0S-NJ58JelBw2IYQH1w2QPdQblXEWuYpD2JTxE6buFbi52V3DwdjaOO_dtp1xjIHFYaYECUaZB2VIW2N0RFNMjEqtgmTTM5JPjO6DglJWsIE3x8IND8p:1qLQTe:01yYURqT2eCgaXyE9Vrul7Qy770Hlb683OpZ5h44naQ', '2023-07-31 15:49:34.407213+00');
INSERT INTO public.django_session VALUES ('if8u5m1vd15y7y8ov20tywfvwnb00a98', '.eJxVjEEOwiAQRe8ya0MgwBS7dO8ZCGUGixowpU1qjHfXJt10-997_wO-cWu5Fs_rK09v6OUJfFjm0S-NJ58JelBw2IYQH1w2QPdQblXEWuYpD2JTxE6buFbi52V3DwdjaOO_dtp1xjIHFYaYECUaZB2VIW2N0RFNMjEqtgmTTM5JPjO6DglJWsIE3x8IND8p:1qLm2t:Q6hmki3h9ps3rtVOMzZGgQBZ7t_7Xk6qchQDLNMelts', '2023-08-01 14:51:23.465529+00');
INSERT INTO public.django_session VALUES ('4alq44nhvy3t4pw8ullbem7odix2f253', '.eJxVjEEOwiAQRe8ya0MgwBS7dO8ZCGUGixowpU1qjHfXJt10-997_wO-cWu5Fs_rK09v6OUJfFjm0S-NJ58JelBw2IYQH1w2QPdQblXEWuYpD2JTxE6buFbi52V3DwdjaOO_dtp1xjIHFYaYECUaZB2VIW2N0RFNMjEqtgmTTM5JPjO6DglJWsIE3x8IND8p:1qLwXS:vxkz6uLmEfe_SJF9nazSz43Xsc4vC2-GF0YdFosWUJY', '2023-08-02 02:03:38.079101+00');
INSERT INTO public.django_session VALUES ('cen7pixoa645mnxvlxc02d5vn3koukd0', '.eJxVjEEOwiAQRe8ya0MgwBS7dO8ZCGUGixowpU1qjHfXJt10-997_wO-cWu5Fs_rK09v6OUJfFjm0S-NJ58JelBw2IYQH1w2QPdQblXEWuYpD2JTxE6buFbi52V3DwdjaOO_dtp1xjIHFYaYECUaZB2VIW2N0RFNMjEqtgmTTM5JPjO6DglJWsIE3x8IND8p:1qLx5C:u7bvcD3buTB0W4Os_mPE-C-e_TCW_xEDlCUKGmkNx_Q', '2023-08-02 02:38:30.541797+00');
INSERT INTO public.django_session VALUES ('a4te0ul8cqasz0luahp7ptktk74w4qzj', '.eJxVjEEOwiAQRe8ya0MgwBS7dO8ZCGUGixowpU1qjHfXJt10-997_wO-cWu5Fs_rK09v6OUJfFjm0S-NJ58JelBw2IYQH1w2QPdQblXEWuYpD2JTxE6buFbi52V3DwdjaOO_dtp1xjIHFYaYECUaZB2VIW2N0RFNMjEqtgmTTM5JPjO6DglJWsIE3x8IND8p:1qLy6Q:PTdcD80chKNp3y6oylOz9yu3xw5J81r3esraX2zcPR4', '2023-08-02 03:43:50.074571+00');
INSERT INTO public.django_session VALUES ('vulk0ribq9tjrubz1zpi9f3p0u3vp6jy', '.eJxVjEEOwiAQRe8ya0MgwBS7dO8ZCGUGixowpU1qjHfXJt10-997_wO-cWu5Fs_rK09v6OUJfFjm0S-NJ58JelBw2IYQH1w2QPdQblXEWuYpD2JTxE6buFbi52V3DwdjaOO_dtp1xjIHFYaYECUaZB2VIW2N0RFNMjEqtgmTTM5JPjO6DglJWsIE3x8IND8p:1qMEz2:ZiLxhD_Tv5jMgMmp9H-O02BcgQMbRJkIgzvGc9mWL6s', '2023-08-02 21:45:20.65417+00');
INSERT INTO public.django_session VALUES ('ubwc0wkqajhmcep6r13pj6dr029bl1g6', '.eJxVjEEOwiAQRe8ya0MgwBS7dO8ZCGUGixowpU1qjHfXJt10-997_wO-cWu5Fs_rK09v6OUJfFjm0S-NJ58JelBw2IYQH1w2QPdQblXEWuYpD2JTxE6buFbi52V3DwdjaOO_dtp1xjIHFYaYECUaZB2VIW2N0RFNMjEqtgmTTM5JPjO6DglJWsIE3x8IND8p:1qMHgs:2hovOdhLztHJWOkHouXRQBCSBilziAYWxkhLd-JpyFo', '2023-08-03 00:38:46.932993+00');
INSERT INTO public.django_session VALUES ('wmjtr52mbpso6u5jebjfv2i9uej0njsx', '.eJxVjEEOwiAQRe8ya0MgwBS7dO8ZCGUGixowpU1qjHfXJt10-997_wO-cWu5Fs_rK09v6OUJfFjm0S-NJ58JelBw2IYQH1w2QPdQblXEWuYpD2JTxE6buFbi52V3DwdjaOO_dtp1xjIHFYaYECUaZB2VIW2N0RFNMjEqtgmTTM5JPjO6DglJWsIE3x8IND8p:1qMIFX:Lw1KiOuKBf25onSnXf7umQPKwta1-IDIXChFOBb178E', '2023-08-03 01:14:35.970862+00');
INSERT INTO public.django_session VALUES ('kyl2vzgv5o2tk5bguv6r4qxz18dm466k', '.eJxVjEEOwiAQRe_C2hAIwxRduvcMBGYGqRqalHbVeHdt0oVu_3vvbyqmdalx7TLHkdVFWXX63XKip7Qd8CO1-6Rpass8Zr0r-qBd3yaW1_Vw_w5q6vVbBxcG8CLJpkwF0SCgOLLAzgM4QihAZMUXLKaEYOQsGAZkZOMZi3p_AN9JN-w:1qMWRY:PqcXOn3fQo4AbRWnzInuVPrjhpXKPUCrlI_oKLPhigM', '2023-08-03 16:23:56.391651+00');
INSERT INTO public.django_session VALUES ('b7zfjusrbmjkgtgwh7bjb5lhlwfzc6ka', '.eJxVjEEOwiAQRe_C2hAIwxRduvcMBGYGqRqalHbVeHdt0oVu_3vvbyqmdalx7TLHkdVFWXX63XKip7Qd8CO1-6Rpass8Zr0r-qBd3yaW1_Vw_w5q6vVbBxcG8CLJpkwF0SCgOLLAzgM4QihAZMUXLKaEYOQsGAZkZOMZi3p_AN9JN-w:1qMfVJ:EN7GHqxyCHKXVS6U-7bJB0eEvBXGVqpH9_UFnIz-oD4', '2023-08-04 02:04:25.98293+00');
INSERT INTO public.django_session VALUES ('1eoe0uxgoqwe8ku99j9giensvqs4yo70', '.eJxVjEEOwiAQRe_C2hAIwxRduvcMBGYGqRqalHbVeHdt0oVu_3vvbyqmdalx7TLHkdVFWXX63XKip7Qd8CO1-6Rpass8Zr0r-qBd3yaW1_Vw_w5q6vVbBxcG8CLJpkwF0SCgOLLAzgM4QihAZMUXLKaEYOQsGAZkZOMZi3p_AN9JN-w:1qMgSK:iwkJHeNAnZxeLom5qoytyuCDPu0N-7CGkCo6PD1tkCk', '2023-08-04 03:05:24.608865+00');
INSERT INTO public.django_session VALUES ('xb93r1b7szssjdcu0hmykblnf8o9hptf', 'eyJ0ZXN0Y29va2llIjoid29ya2VkIn0:1qNLJu:ACMJ3qYYoHT3l6SwQfdjCeTavVLYtfekAOS5nG6nnvc', '2023-08-05 22:43:26.489686+00');
INSERT INTO public.django_session VALUES ('5l9ndq4lfjl9zag8sfe5rs9ksg4m8kwt', '.eJxVjEEOwiAQRe8ya0MgwBS7dO8ZCGUGixowpU1qjHfXJt10-997_wO-cWu5Fs_rK09v6OUJfFjm0S-NJ58JelBw2IYQH1w2QPdQblXEWuYpD2JTxE6buFbi52V3DwdjaOO_dtp1xjIHFYaYECUaZB2VIW2N0RFNMjEqtgmTTM5JPjO6DglJWsIE3x8IND8p:1qNLK6:ElzFK2o8Rw07dtnhV5l0Ifd4Mno_UNsxoCdkg475p8s', '2023-08-05 22:43:38.867415+00');
INSERT INTO public.django_session VALUES ('douyee0vqvcs73n1ai3kouubpnc538cw', '.eJxVjEEOwiAQRe8ya0MgwBS7dO8ZCGUGixowpU1qjHfXJt10-997_wO-cWu5Fs_rK09v6OUJfFjm0S-NJ58JelBw2IYQH1w2QPdQblXEWuYpD2JTxE6buFbi52V3DwdjaOO_dtp1xjIHFYaYECUaZB2VIW2N0RFNMjEqtgmTTM5JPjO6DglJWsIE3x8IND8p:1qNiYc:kSv6uUGrjaZcxCmeIknTUpwSapd0HVnKirHQRrI3XfE', '2023-08-06 23:32:10.389124+00');
INSERT INTO public.django_session VALUES ('4yngu40kq734uo3ksnkbl5vhpfg7emvn', '.eJxVjDsOwjAQBe_iGln-O6akzxmsXduLA8iR4qRC3J1ESgHtm5n3ZhG2tcatlyVOmV2ZYZffDSE9SztAfkC7zzzNbV0m5IfCT9r5OOfyup3u30GFXvfaUqAgkjRugBJQkheKstUlCCIhjTK7oGy2oARo69B69KCRcFDZec0-X-UcN9s:1qNiZT:KCDOriftMjcwp0H1zfXeQ09TR44JMbyKOJC1EEVb18A', '2023-08-06 23:33:03.883632+00');
INSERT INTO public.django_session VALUES ('ansi5ne95uh8vq9mt9j6rre6k35qfzv9', '.eJxVjEEOwiAQRe_C2hAIwxRduvcMBGYGqRqalHbVeHdt0oVu_3vvbyqmdalx7TLHkdVFWXX63XKip7Qd8CO1-6Rpass8Zr0r-qBd3yaW1_Vw_w5q6vVbBxcG8CLJpkwF0SCgOLLAzgM4QihAZMUXLKaEYOQsGAZkZOMZi3p_AN9JN-w:1qNlOs:VR9a2JJi3GQ0gfKtYdHNEiw2fO5Lw0ajtA0nuELz1oo', '2023-08-07 02:34:18.697952+00');
INSERT INTO public.django_session VALUES ('xdaem0i9lu6dizx24wciqyeekurktpvi', '.eJxVjEEOwiAQRe8ya0MgwBS7dO8ZCGUGixowpU1qjHfXJt10-997_wO-cWu5Fs_rK09v6OUJfFjm0S-NJ58JelBw2IYQH1w2QPdQblXEWuYpD2JTxE6buFbi52V3DwdjaOO_dtp1xjIHFYaYECUaZB2VIW2N0RFNMjEqtgmTTM5JPjO6DglJWsIE3x8IND8p:1qO4ly:RAtFiuLejQAs8vmUw0gxVIFWnAaeVe35UqjSu8I4-lk', '2023-08-07 23:15:26.375741+00');


--
-- TOC entry 3810 (class 0 OID 37260)
-- Dependencies: 227
-- Data for Name: necrotopia_advertisement; Type: TABLE DATA; Schema: public; Owner: doadmin
--

INSERT INTO public.necrotopia_advertisement VALUES (1, 'Dystopia Rising: Maryland', '', 'https://www.dystopiarisingmaryland.com/', 'advertisements/dystopia_rising_md.webp', true, '2023-06-13 17:55:14+00', 1, '2023-08-13', '2023-06-13');
INSERT INTO public.necrotopia_advertisement VALUES (2, 'Dystopia Rising MD on Facebook', '', 'https://www.facebook.com/DRMaryland', 'advertisements/dystopia_rising_md_facebook_ChP7Mls.webp', true, '2023-06-13 19:53:21+00', 1, '2023-08-13', '2023-06-13');


--
-- TOC entry 3812 (class 0 OID 37266)
-- Dependencies: 229
-- Data for Name: necrotopia_chapter; Type: TABLE DATA; Schema: public; Owner: doadmin
--

INSERT INTO public.necrotopia_chapter VALUES (1, 'Dystopia Rising: Maryland', true, '2023-06-08 16:20:44+00', 1, NULL, NULL, 'DRMD');


--
-- TOC entry 3814 (class 0 OID 37270)
-- Dependencies: 231
-- Data for Name: necrotopia_chapterstaff; Type: TABLE DATA; Schema: public; Owner: doadmin
--



--
-- TOC entry 3816 (class 0 OID 37274)
-- Dependencies: 233
-- Data for Name: necrotopia_chapterstafftype; Type: TABLE DATA; Schema: public; Owner: doadmin
--

INSERT INTO public.necrotopia_chapterstafftype VALUES (1, 'Director', 'A director of a certain aspect of a branch''s operations', '2023-06-07 17:51:20+00', 1);
INSERT INTO public.necrotopia_chapterstafftype VALUES (2, 'Owner', 'One of the people who purchased franchise rights and own the chapter.', '2023-06-07 17:51:30+00', 1);
INSERT INTO public.necrotopia_chapterstafftype VALUES (3, 'Guide', 'An operations person who handles an aspect of the branch, such as rules guide or logistics guide.', '2023-06-07 17:51:40+00', 1);
INSERT INTO public.necrotopia_chapterstafftype VALUES (4, 'Writer', 'A person who writes plots and content for the branch', '2023-06-07 17:51:51+00', 1);


--
-- TOC entry 3818 (class 0 OID 37280)
-- Dependencies: 235
-- Data for Name: necrotopia_department; Type: TABLE DATA; Schema: public; Owner: doadmin
--

INSERT INTO public.necrotopia_department VALUES (1, 'Logistics', NULL, '2023-06-08 16:16:45+00', 1);
INSERT INTO public.necrotopia_department VALUES (2, 'Marketing', NULL, '2023-06-08 16:17:04+00', 1);
INSERT INTO public.necrotopia_department VALUES (3, 'Rules', NULL, '2023-06-08 16:23:34+00', 1);
INSERT INTO public.necrotopia_department VALUES (4, 'Ops', NULL, '2023-06-08 16:23:40+00', 1);
INSERT INTO public.necrotopia_department VALUES (5, 'Settings', NULL, '2023-06-08 16:23:47+00', 1);


--
-- TOC entry 3820 (class 0 OID 37286)
-- Dependencies: 237
-- Data for Name: necrotopia_financialinstitution; Type: TABLE DATA; Schema: public; Owner: doadmin
--

INSERT INTO public.necrotopia_financialinstitution VALUES (1, 'The State Farm', NULL, NULL, false, false, -3, '2023-07-20 01:44:52+00', 1, NULL, 1, '');
INSERT INTO public.necrotopia_financialinstitution VALUES (2, 'Open Vein Excavation', NULL, NULL, false, false, -3, '2023-07-20 01:45:36+00', 1, NULL, 1, '');
INSERT INTO public.necrotopia_financialinstitution VALUES (3, 'Luckheed Industries', NULL, NULL, false, false, -3, '2023-07-20 01:45:52+00', 1, NULL, 1, '');
INSERT INTO public.necrotopia_financialinstitution VALUES (4, 'The Harbor Masters', NULL, NULL, false, false, -3, '2023-07-20 01:46:06+00', 1, NULL, 1, '');
INSERT INTO public.necrotopia_financialinstitution VALUES (6, 'Last Hope Uni', NULL, NULL, false, false, -3, '2023-07-20 01:46:33+00', 1, NULL, 1, '');
INSERT INTO public.necrotopia_financialinstitution VALUES (7, 'The Advent-Treers Company', NULL, NULL, false, false, -3, '2023-07-20 01:46:43+00', 1, NULL, 1, '');
INSERT INTO public.necrotopia_financialinstitution VALUES (5, 'Beholders Supra Store', NULL, NULL, false, false, -3, '2023-07-20 01:46:19+00', 1, NULL, 1, '');


--
-- TOC entry 3822 (class 0 OID 37293)
-- Dependencies: 239
-- Data for Name: necrotopia_financialinvestment; Type: TABLE DATA; Schema: public; Owner: doadmin
--

INSERT INTO public.necrotopia_financialinvestment VALUES (1, 8, 6, -3, 3, '2023-07-24 00:01:27+00', 1, 5);


--
-- TOC entry 3824 (class 0 OID 37297)
-- Dependencies: 241
-- Data for Name: necrotopia_gender; Type: TABLE DATA; Schema: public; Owner: doadmin
--

INSERT INTO public.necrotopia_gender VALUES (1, 'Cisgender Male');
INSERT INTO public.necrotopia_gender VALUES (2, 'Cisgender Female');
INSERT INTO public.necrotopia_gender VALUES (3, 'Agender');
INSERT INTO public.necrotopia_gender VALUES (4, 'Androgynous');
INSERT INTO public.necrotopia_gender VALUES (5, 'Demiboy');
INSERT INTO public.necrotopia_gender VALUES (6, 'Demigirl');
INSERT INTO public.necrotopia_gender VALUES (7, 'Demigender');
INSERT INTO public.necrotopia_gender VALUES (8, 'Gender Apathetic');
INSERT INTO public.necrotopia_gender VALUES (9, 'Gender Fluid');
INSERT INTO public.necrotopia_gender VALUES (10, 'Gender Neutral');
INSERT INTO public.necrotopia_gender VALUES (11, 'Gender Noncomforming');
INSERT INTO public.necrotopia_gender VALUES (12, 'Gender Questioning');
INSERT INTO public.necrotopia_gender VALUES (13, 'Gender Variant');
INSERT INTO public.necrotopia_gender VALUES (14, 'Genderqueer');
INSERT INTO public.necrotopia_gender VALUES (15, 'Intergender');
INSERT INTO public.necrotopia_gender VALUES (16, 'Hermaphrodite');
INSERT INTO public.necrotopia_gender VALUES (17, 'Maverique');
INSERT INTO public.necrotopia_gender VALUES (18, 'Non-Binary');
INSERT INTO public.necrotopia_gender VALUES (19, 'Pangender');
INSERT INTO public.necrotopia_gender VALUES (20, 'Trans*');
INSERT INTO public.necrotopia_gender VALUES (21, 'Transmasculine');
INSERT INTO public.necrotopia_gender VALUES (22, 'Transfeminine');
INSERT INTO public.necrotopia_gender VALUES (23, 'Trans Man');
INSERT INTO public.necrotopia_gender VALUES (24, 'Trans Woman');


--
-- TOC entry 3826 (class 0 OID 37301)
-- Dependencies: 243
-- Data for Name: necrotopia_institutionpicture; Type: TABLE DATA; Schema: public; Owner: doadmin
--

INSERT INTO public.necrotopia_institutionpicture VALUES (1, 'institutions_images/the_beholders_nIVWoOx.webp', 5);


--
-- TOC entry 3828 (class 0 OID 37305)
-- Dependencies: 245
-- Data for Name: necrotopia_itempdf; Type: TABLE DATA; Schema: public; Owner: doadmin
--

INSERT INTO public.necrotopia_itempdf VALUES (1, 'pdf/Angry_Anchor_Mess_Kit_modded.pdf', 1);
INSERT INTO public.necrotopia_itempdf VALUES (5, 'pdf/angry_anchor_storage.pdf', 4);
INSERT INTO public.necrotopia_itempdf VALUES (6, 'pdf/fake_safe_harbor_0otwsKD.pdf', 2);
INSERT INTO public.necrotopia_itempdf VALUES (7, 'pdf/fake_slicker_healing_xYajTUp.pdf', 3);


--
-- TOC entry 3830 (class 0 OID 37309)
-- Dependencies: 247
-- Data for Name: necrotopia_itempicture; Type: TABLE DATA; Schema: public; Owner: doadmin
--

INSERT INTO public.necrotopia_itempicture VALUES (1, 'static_images/angry_anchor_mess_kit.jpg', 1);
INSERT INTO public.necrotopia_itempicture VALUES (2, 'static_images/safe_harbor_recovery_brew.jpg', 2);
INSERT INTO public.necrotopia_itempicture VALUES (3, 'static_images/slicker_healing_brew.jpg', 3);
INSERT INTO public.necrotopia_itempicture VALUES (4, 'static_images/angry_anchor_storage.jpg', 4);
INSERT INTO public.necrotopia_itempicture VALUES (5, 'static_images/dungeon.jpg', 5);
INSERT INTO public.necrotopia_itempicture VALUES (6, 'static_images/grinding_mill.jpg', 6);
INSERT INTO public.necrotopia_itempicture VALUES (7, 'static_images/mechanical_gear_systems_Bxqn3TN.jpg', 7);
INSERT INTO public.necrotopia_itempicture VALUES (9, 'static_images/monolith_of_terror.jpg', 9);
INSERT INTO public.necrotopia_itempicture VALUES (10, 'static_images/bigol_chain_gun_KudJqj3.jpg', 13);
INSERT INTO public.necrotopia_itempicture VALUES (11, 'static_images/bigol_sledge.jpg', 14);
INSERT INTO public.necrotopia_itempicture VALUES (12, 'static_images/mechanical_engines_TV9XSJn.jpg', 12);
INSERT INTO public.necrotopia_itempicture VALUES (13, 'static_images/candlepin_medical_kit.jpg', 15);
INSERT INTO public.necrotopia_itempicture VALUES (14, 'static_images/crystallin_biological_enhancer.jpg', 16);
INSERT INTO public.necrotopia_itempicture VALUES (15, 'static_images/daline_death_measure_osteotome.jpg', 17);
INSERT INTO public.necrotopia_itempicture VALUES (16, 'static_images/document_case_NqdYGTa.jpg', 18);
INSERT INTO public.necrotopia_itempicture VALUES (17, 'static_images/freeicon_field_journal.jpg', 19);
INSERT INTO public.necrotopia_itempicture VALUES (18, 'static_images/freeiron_dry_pack.jpg', 20);
INSERT INTO public.necrotopia_itempicture VALUES (19, 'static_images/freeiron_hawkbill.jpg', 21);
INSERT INTO public.necrotopia_itempicture VALUES (20, 'static_images/g_g_locksmithing_tools.jpg', 22);
INSERT INTO public.necrotopia_itempicture VALUES (21, 'static_images/warlords_faceplate.jpg', 23);
INSERT INTO public.necrotopia_itempicture VALUES (22, 'static_images/unerring_nimrod_sights.jpg', 24);
INSERT INTO public.necrotopia_itempicture VALUES (23, 'static_images/toothpiq_pigsticker_barb.jpg', 25);
INSERT INTO public.necrotopia_itempicture VALUES (24, 'static_images/toothpiq_box_trap.jpg', 26);
INSERT INTO public.necrotopia_itempicture VALUES (25, 'static_images/spicy_intoxication_brew.jpg', 27);
INSERT INTO public.necrotopia_itempicture VALUES (26, 'static_images/slappi_revolver.jpg', 28);
INSERT INTO public.necrotopia_itempicture VALUES (27, 'static_images/requiem_typewriter.jpg', 29);
INSERT INTO public.necrotopia_itempicture VALUES (28, 'static_images/rebels_ridiculous_receiver.jpg', 30);
INSERT INTO public.necrotopia_itempicture VALUES (29, 'static_images/paradigm_thick_encyclobook.jpg', 31);
INSERT INTO public.necrotopia_itempicture VALUES (30, 'static_images/o_faithful_rpg.jpg', 32);
INSERT INTO public.necrotopia_itempicture VALUES (31, 'static_images/mountain_trap_snapper_kit.jpg', 33);
INSERT INTO public.necrotopia_itempicture VALUES (32, 'static_images/generic_engineered_item.jpg', 34);
INSERT INTO public.necrotopia_itempicture VALUES (33, 'static_images/generic_handheld_item.jpg', 36);
INSERT INTO public.necrotopia_itempicture VALUES (34, 'static_images/glitter_gulch_dartgun.jpg', 37);
INSERT INTO public.necrotopia_itempicture VALUES (35, 'static_images/mechanical_drive_RoV2Yhl.jpg', 38);
INSERT INTO public.necrotopia_itempicture VALUES (36, 'static_images/greenlight_frying_pan.jpg', 39);
INSERT INTO public.necrotopia_itempicture VALUES (37, 'static_images/hellscape_security_sanctuary.jpg', 40);
INSERT INTO public.necrotopia_itempicture VALUES (38, 'static_images/helscape_deathmask.jpg', 41);
INSERT INTO public.necrotopia_itempicture VALUES (39, 'static_images/mountain_rifle.jpg', 42);
INSERT INTO public.necrotopia_itempicture VALUES (40, 'static_images/moulsen_ruse_security.jpg', 43);
INSERT INTO public.necrotopia_itempicture VALUES (41, 'static_images/mechanical_iron_alloy_EjoJG1X.jpg', 44);
INSERT INTO public.necrotopia_itempicture VALUES (42, 'static_images/moulen_can_can_candelabra.jpg', 45);
INSERT INTO public.necrotopia_itempicture VALUES (43, 'static_images/mechanical_fuel_system_azYC3TX.jpg', 46);
INSERT INTO public.necrotopia_itempicture VALUES (44, 'static_images/mechanical_crafting_area.jpg', 47);
INSERT INTO public.necrotopia_itempicture VALUES (45, 'static_images/mechanical_auto_frame_qyjMl66.jpg', 48);
INSERT INTO public.necrotopia_itempicture VALUES (46, 'static_images/mechanical_airship_framework.jpg', 49);
INSERT INTO public.necrotopia_itempicture VALUES (47, 'static_images/bigol_personal_zeppelin.jpg', 50);
INSERT INTO public.necrotopia_itempicture VALUES (48, 'static_images/glitter_gulch_raider_ride_UvyOC4m.jpg', 51);
INSERT INTO public.necrotopia_itempicture VALUES (49, 'static_images/goat_rough_cycle.jpg', 52);
INSERT INTO public.necrotopia_itempicture VALUES (50, 'static_images/wildwind_throwing_knife.jpg', 53);
INSERT INTO public.necrotopia_itempicture VALUES (51, 'static_images/toothpiq_cutter.jpg', 54);
INSERT INTO public.necrotopia_itempicture VALUES (52, 'static_images/toothpiq_chopper.jpg', 55);
INSERT INTO public.necrotopia_itempicture VALUES (53, 'static_images/three_eye_throwing_star.jpg', 56);
INSERT INTO public.necrotopia_itempicture VALUES (54, 'static_images/thempire_tenderizer.jpg', 57);
INSERT INTO public.necrotopia_itempicture VALUES (55, 'static_images/thempire_tanto.jpg', 58);
INSERT INTO public.necrotopia_itempicture VALUES (56, 'static_images/steelpaw_gauntlets.jpg', 59);
INSERT INTO public.necrotopia_itempicture VALUES (57, 'static_images/sosweet_smashstick.jpg', 60);
INSERT INTO public.necrotopia_itempicture VALUES (58, 'static_images/ooph_barrier.jpg', 62);
INSERT INTO public.necrotopia_itempicture VALUES (59, 'static_images/mechanical_hull.jpg', 63);
INSERT INTO public.necrotopia_itempicture VALUES (60, 'static_images/heavycraf_punchers.jpg', 64);
INSERT INTO public.necrotopia_itempicture VALUES (61, 'static_images/heavycraf_electro_welder.jpg', 65);
INSERT INTO public.necrotopia_itempicture VALUES (62, 'static_images/greenlight_cleaver.jpg', 66);
INSERT INTO public.necrotopia_itempicture VALUES (63, 'static_images/goat_gear.jpg', 67);
INSERT INTO public.necrotopia_itempicture VALUES (64, 'static_images/glitter_gulch_shotgun.jpg', 68);
INSERT INTO public.necrotopia_itempicture VALUES (65, 'static_images/freeiron_guard.jpg', 69);
INSERT INTO public.necrotopia_itempicture VALUES (66, 'static_images/candlepin_flame_belcher.jpg', 70);


--
-- TOC entry 3832 (class 0 OID 37313)
-- Dependencies: 249
-- Data for Name: necrotopia_loottable; Type: TABLE DATA; Schema: public; Owner: doadmin
--



--
-- TOC entry 3834 (class 0 OID 37317)
-- Dependencies: 251
-- Data for Name: necrotopia_loottableitem; Type: TABLE DATA; Schema: public; Owner: doadmin
--



--
-- TOC entry 3836 (class 0 OID 37322)
-- Dependencies: 253
-- Data for Name: necrotopia_moduleassembly; Type: TABLE DATA; Schema: public; Owner: doadmin
--

INSERT INTO public.necrotopia_moduleassembly VALUES (7, 'Mechanical Gear System', 3, 5, 3, 'n/a', 'Basic Education, 2x Basic Herb, 5 Mind, 20 Minutes', 'A component used in crafting projects', '2023-07-20 04:02:04+00', '2023-07-20 16:15:13.727565+00', 'Artisan', 'Mechanical Crafting Zone', 'n/a', false, 'A gear system used in a variety of crafting projects', false, false, NULL, 1, '');
INSERT INTO public.necrotopia_moduleassembly VALUES (9, 'Monolith Of Terror', 3, 5, 10, 'Shepherd of the Land - spend 1 Resolve. For the next hour, as long as the Shepherd of the Land remains in the agricultural zone, all interruptions to agriculture roleplaying pause the timer instead of cancelling the skill use, so long as the farmer also does not leave the zone', 'Basic Education, 2x Basic Scrap, 5 Mind, 20 Minutes', 'Cannot be moved once game begins. Cannot be moved between game branches. Guide must approve decorations and space. Must be placed in an agricultural zone.', '2023-07-20 04:18:24+00', '2023-07-20 16:15:44.559759+00', 'Artisan', 'Mechanical Crafting Zone', 'Agricultural', false, 'A truly horrifying rusted, metal structure of an apex predator, psionic crystals are set within it that resonate with the structure', false, false, NULL, 1, '');
INSERT INTO public.necrotopia_moduleassembly VALUES (11, 'Necroinfluencer', 1, 0, 3, 'n/a', 'Basic Education, 2x Basic Scrap, 5 Mind, 20 Minutes', 'A component used in grave scenes/procedures.', '2023-07-20 04:26:16+00', '2023-07-20 16:19:48.786605+00', 'Culinary', 'Culinary Crafting Zone', 'n/a', false, 'A liquid that ranges from blue to red to black that is used in grave procedures.', false, false, NULL, 1, '');
INSERT INTO public.necrotopia_moduleassembly VALUES (13, 'Bigol Chain Gun', 3, 5, 16, 'Gearhead: Spend 20 mind to call "Belt Fed 1 Minute." and skip all firearm reload pauses for this weapon for 1 minute. Cannot move at more than a slow walk while active.', 'Basic Education, 2x Basic Scrap, 5 Mind, 20 Minutes', 'Engages as per 2 handed firearm. May only use Exotic Weapon modifiers and skills with this weapon.', '2023-07-20 15:48:39+00', '2023-07-20 16:13:02.021585+00', 'Artisan', 'Mechanical Crafting Zone', 'Exotic Weapon', false, 'A fast-firing gun that deals in spraying bullets. Messy but effective way to deal with enemies', false, false, NULL, 1, '');
INSERT INTO public.necrotopia_moduleassembly VALUES (15, 'Candlepin Medical Kit', 6, 4, 3, 'Graverobber - Spend 20 Mind and 20 Minutes of active role-playing operating on two willing targets to transfer 1 Infection from one to the other. Target gaining infection must spend 10xp', 'Basic Education, 2x Basic Scrap, 5 Mind, 20 Minutes', 'a multi-use gizmo that requires a phys rep to use.', '2023-07-21 20:55:46+00', '2023-07-21 21:11:33.285369+00', 'Artisan', 'Mechanical Crafting Zone', 'Medical', false, 'A medical kit filled with bandages, scissors, gloves, operating tools, tubs and more', false, false, NULL, 1, 'mortis, grave, medical, gizmo, candlepin');
INSERT INTO public.necrotopia_moduleassembly VALUES (1, 'Angry Anchor Mess Kit', 9, 4, 3, 'n/a', 'Basic Education, 2x Basic Herb, 5x Mind, 20x Minutes', 'When created must be tagged with a character''s name and can only be used by that character. Must be phys repped appropriately.', '2023-06-08 17:09:06+00', '2023-07-19 02:06:27.721316+00', 'Artisan', 'Mechanical Crafting Zone', 'n/a', false, 'A plate, set of utensils, or other ''mess kit'' like items that the user has grown comfortable using for every meal.', true, false, NULL, 1, '');
INSERT INTO public.necrotopia_moduleassembly VALUES (6, 'Grinding Mill', 3, 5, 10, 'n/a', 'Basic Education, 2x Basic Herb, 5 Mind, 20 Minutes', 'Cannot be moved once game begins. Cannot be moved between game branches. Guide must approve decorations and space. Must be placed in a farming zone.', '2023-07-20 03:57:37+00', '2023-07-20 04:31:12.305598+00', 'Artisan', 'Mechanical Crafting Zone', 'n/a', false, 'A large, milling structure used to take herbs, oats and other farmed materials to make the resources more useful for cooking', false, false, NULL, 1, '');
INSERT INTO public.necrotopia_moduleassembly VALUES (14, 'Bigol Sledge', 3, 5, 2, 'Apocatastian Templar - spend 1 Resolve to call "Area of Effect: 20 body, Stun, Self immune''. User gains a fracture', 'Basic Education, 2x Basic Scrap, 5 Mind, 20 Minutes', 'Must meet melee two-handed requirements for physrep', '2023-07-20 16:01:03+00', '2023-07-20 16:13:41.545593+00', 'Artisan', 'Mechanical Crafting Zone', 'Melee Two-Handed', false, 'A big ole sledge for big deeds and for bashing in big heads', false, false, NULL, 1, '');
INSERT INTO public.necrotopia_moduleassembly VALUES (5, 'Dungeon', 3, 5, 10, 'Inquisitor - Spend 20 mind after saying something threatening to state "Area of Effect: 10 Body, Fear 5 Minutes, Self Immune"', 'Basic Education, 2x Basic Herb, 5 Mind, 20 Minutes', 'Cannot be moved once game begins. Cannot be moved between game branches. Guide must improve decorations and space.', '2023-07-20 03:49:43+00', '2023-07-20 16:14:01.465017+00', 'Artisan', 'Mechanical Crafting Zone', 'Malicious', false, 'A room meant for questioning and detaining prisoners fitted with chains and other items of incarceration', false, false, NULL, 1, '');
INSERT INTO public.necrotopia_moduleassembly VALUES (12, 'Mechanical Engine', 3, 5, 3, 'n/a', 'Basic Education, 2x Basic Scrap, 5 Mind, 20 Minutes', 'A component used in crafting projects', '2023-07-20 15:53:55+00', '2023-07-20 16:11:09.632863+00', 'Artisan', 'Mechanical Crafting Zone', 'n/a', false, 'a small motor used in a variety of crafting projects', false, false, NULL, 1, '');
INSERT INTO public.necrotopia_moduleassembly VALUES (10, 'Adhesive', 1, 0, 3, 'n/a', 'Basic Education, 2x Basic Scrap, 5 Mind, 20 Minutes', 'A component used in crafting projects', '2023-07-20 04:24:38+00', '2023-07-20 16:11:55.917856+00', 'Culinary', 'Culinary Crafting Zone', 'n/a', false, 'A sticky brew used in crafting projects.', false, false, NULL, 1, '');
INSERT INTO public.necrotopia_moduleassembly VALUES (4, 'Angry Anchor Storage', 1, 5, 3, 'Fiscal Mysticist: Spend 20 mind and 1 minute setting up a trap on the box. Place a card on the box that says ''Master Trap''. If the unlock skill is used on the boxs, Take 50 body damage. The character that set the trap can open the box safely.', 'Basic Education. 2x Basic Herb, 5 mind, 20 Minutes', 'A container used for storing items. Box physrep required.', '2023-07-15 21:47:07+00', '2023-07-20 16:12:38.138014+00', 'Artisan', 'Mechanical Crafting Zone', 'n/a', false, 'A solid box that can be used to store items in a public area. Comes with an impressive looking lock', false, false, NULL, 1, '');
INSERT INTO public.necrotopia_moduleassembly VALUES (3, 'Slicker Healing Brew', 6, 4, 5, 'n/a', 'Basic Education, 2x Basic Herb, 5 mind, 20 minutes', '12 oz bottle. A brew that townies can drink to regain body', '2023-07-15 00:06:51+00', '2023-07-24 04:03:35.6255+00', 'Culinary', 'Culinary Crafting Zone', 'n/a', false, 'A tart and murky red liquid that tastes like fresh plants and alcohol', false, false, NULL, 1, 'brew, townies, body');
INSERT INTO public.necrotopia_moduleassembly VALUES (2, 'Safe Harbor Recovery Brew', 6, 4, 5, 'n/a', 'Basic Education, 2x Basic Herb, 5 mind, 20 mins', '12oz bottle. A brew that townies can drink to regain mind', '2023-07-15 00:00:39+00', '2023-07-24 04:03:48.592827+00', 'Culinary', 'Culinary Crafting Zone', 'n/a', false, 'A clear red liquid that tastes tart and faintly floral', false, false, NULL, 1, 'brew, townies, mind');
INSERT INTO public.necrotopia_moduleassembly VALUES (17, 'Daline Death Measure Osteotome', 6, 4, 3, 'Grave Attuned - Spend 20 mind and 10 minutes of active role-play doing brain surgery on a target corpse to extract the answers to 3 questions from target when they were alive. Mental endurance does not negate.', 'Basic Education, 2x Basic Scrap, 5 Mind, 20 Minutes', 'A multiple use gizmo that requires a phys rep to use.', '2023-07-21 21:18:03+00', '2023-07-21 21:23:16.726738+00', 'Artisan', 'Mechanical Crafting Zone', 'Necrokinetics', false, 'a metal tool used for cutting and preparing bone. It looks like this one is meant for drilling into skulls.', false, false, NULL, 1, 'gizmo, daline, psionic');
INSERT INTO public.necrotopia_moduleassembly VALUES (16, 'Crystalline Biological Enhancer', 6, 4, 3, 'Thought Bender - spend 20 mind to make a psionic attack on a non-lineage undead to cause it to attack your enemies for 15 minutes or until dead. must state ''Attack My Enemies: 15 minutes". Damage to the undead does not break the command.', 'Basic Education, 2x Basic Scrap, 5 Mind, 20 Minutes', 'A multiple use gizmo that requires a phys rep to use.', '2023-07-21 21:12:17+00', '2023-07-21 21:31:32.957044+00', 'Artisan', 'Mechanical Crafting Zone', 'Telepathy', false, 'a bracer with jagged, crystalline fragments and wires on it that helps enhance the capabilities of an aberrant', false, false, NULL, 1, 'gizmo, psionic, undead');
INSERT INTO public.necrotopia_moduleassembly VALUES (48, 'Mechanical Auto Frame', 3, 5, 3, 'n/a', 'Basic Education, 2x Basic Herb, 5 Mind, 20 Minutes', 'A component used in crafting projects', '2023-07-25 15:45:26+00', '2023-07-25 15:48:18.227438+00', 'Artisan', 'Mechanical Crafting Zone', 'n/a', false, 'The frame of a vehicle used in various crafting projects', false, false, NULL, 1, 'gizmo, vehicle, crafting, component');
INSERT INTO public.necrotopia_moduleassembly VALUES (18, 'Document Case', 6, 4, 3, 'Doctrinarian - Spend 20 mind or 1 Resolve to place a card on this item that says "Anyone not of (User''s Religion or Society Membership) cannot open this document case. Lasts until the next 12''s"', 'Basic Education, 2x Basic Scrap, 5 Mind, 20 Minutes', 'A multiple use gizmo that requires a phys rep to use.', '2023-07-21 21:23:55+00', '2023-07-21 21:28:55.265662+00', 'Artisan', 'Mechanical Crafting Zone', 'n/a', false, 'a leather, oiled case used for protecting documents from the elements. It also appears to have a nifty catch that is hard to open.', false, false, NULL, 1, 'gizmo, religion, society');
INSERT INTO public.necrotopia_moduleassembly VALUES (19, 'Freeiron Field Journal', 6, 4, 3, 'Fiscal Mysticist - Spend 20 mind or 1 Resolve to go to the public works and roll the item randomizer. For 40 local currency, user may receive this item may receive this item. May use this advantage once per event regardless of the number of journals owned.', 'Basic Education, 2x Basic Scrap, 5 Mind, 20 Minutes', 'A multiple use gizmo, that requires a phys rep to use.', '2023-07-22 00:09:44+00', '2023-07-22 00:18:55.867103+00', 'Artisan', 'Mechanical Crafting Zone', 'Financial Influence', false, 'a journal used to keep track of transactions and payments.', false, false, NULL, 1, 'gizmo, freeiron, financial, econ');
INSERT INTO public.necrotopia_moduleassembly VALUES (20, 'Freeiron Dry Pack', 1, 5, 3, 'Scavenger - Spend 20 mind to cause a target who pickpockets the bag to receive a mangle on both arms and gain a fracture.', 'Basic Education, 2x Basic Scrap, 5 Mind, 20 Minutes', 'A bag used for carrying items.', '2023-07-22 00:19:50+00', '2023-07-22 00:27:26.801528+00', 'Artisan', 'Mechanical Crafting Zone', 'n/a', false, 'a pack meant for carrying multiple items with wiring attached to it to give a pickpocket a nasty surprise', false, false, NULL, 1, 'gizmo, freeiron, security');
INSERT INTO public.necrotopia_moduleassembly VALUES (21, 'Freeiron Hawkbill', 3, 5, 2, 'Mercenary - Spend 20 mind or 1 resolve to do ''50 undead bane, murder undead'' on next attempted strike to an undead enemy.', 'Basic Education, 2x Basic Scrap, 5 Mind, 20 Minutes', 'Must meet melee small requirements for phys rep. Cannot be paired with shields.', '2023-07-22 00:27:37+00', '2023-07-22 00:31:49.414797+00', 'Artisan', 'Mechanical Crafting Zone', 'Florentine', false, 'A small and highly curved blade that is perfect for stabbing', false, false, NULL, 1, 'melee, florentine, freeiron, undead');
INSERT INTO public.necrotopia_moduleassembly VALUES (25, 'Toothpiq Pigsticker Barbs', 3, 4, 11, 'n/a', 'Proficient Education, 2x Basic Scrap, 10 Mind, 20 Minutes', 'Augments any thrown weapon. To attach an augment to an item, spend two minutes of full engagement active roleplay with both the intended item and the augment. After attachment have logistics mark the augment card to indicate which item it is attached to. The same process will remove an augment but will destroy it in the process. an item can only have one augment', '2023-07-24 20:16:23+00', '2023-07-24 20:19:38.967285+00', 'Proficient Artisan', 'Mechanical Crafting Zone', 'Throwing', false, 'A combination of hooked barbs and long spikes that tend to lodge in whatever is hit and whatever is on the other side.', false, false, NULL, 1, 'augment, thrown');
INSERT INTO public.necrotopia_moduleassembly VALUES (22, 'G.G Locksmithing Tools', 1, 5, 3, 'Shadow - Spend 20 mind or 1 Resolve to state "Area of Effect: Knockout, Self Immune" Immediately after using this item to unlock a door and entering the room beyond.', 'Basic Education, 2x Basic Scrap, 5 Mind, 20 Minutes', 'Single use gizmo', '2023-07-24 03:57:13+00', '2023-07-24 04:02:36.330272+00', 'Artisan', 'Mechanical Crafting Zone', 'Larceny', false, 'A series of tools that allow a person to quickly gain entry to a locked room or box.', false, false, NULL, 1, 'gizmo, single user, shady, larceny');
INSERT INTO public.necrotopia_moduleassembly VALUES (23, 'Warlords Faceplate', 6, 4, 3, 'Overlord - Spend 1 resolve. For the next hour you may spend 1 Mind to point at an ally within arms reach and call "Overlords Privilege - Steal Upsurge" to transfer one upsurge effect from the ally to yourself. May be used once per 10 seconds. Target ally must be wearing Warlord''s Faceplate <Society>', 'Basic Education, 2x Basic Scrap, 5 Mind, 20 Minutes', 'Society membership must be marked on the card at creation. Requires physrep', '2023-07-24 20:03:44+00', '2023-07-24 20:09:21.652864+00', 'Artisan', 'Mechanical Crafting Zone', 'n/a', false, 'A faceplate that can take the form of a mask or visor that partially covers the face. Made of metal or other hard materials.', false, false, NULL, 1, 'gizmo');
INSERT INTO public.necrotopia_moduleassembly VALUES (24, 'Unerring Nimrod Sights', 3, 4, 11, 'n/a', 'Proficient Education, 2x Basic Herb, 10 mind, 20 minutes', 'Augments Mountain Rifle or Helscape Arbalest - To attach an augment, spend two minutes of full engagement roleplay with both the intended item and the augment. After attachment have logistics mark the augment card to note which item it is attached to. The same process will remove an augment but destroys it in the process. An item can only have one augment attached.', '2023-07-24 20:11:42+00', '2023-07-24 20:16:13.756382+00', 'Proficient Artisan', 'Mechanical Crafting Zone', 'n/a', false, 'A sighting mechanism that gives the shooter the unparalleled ability to strike their target', false, false, NULL, 1, 'augment, firearm, bow');
INSERT INTO public.necrotopia_moduleassembly VALUES (26, 'Toothpiq Box-Trap', 1, 5, 14, 'Combat Veteran - Spend 20 mind to set the trap. Trap effect becomes: Target Opening Container take 50 Damage', 'Basic Education, 2x Basic Scrap, 5 Mind, 20 Minutes', 'a trap that requires a physrep', '2023-07-24 20:19:48+00', '2023-07-24 20:24:16.782223+00', 'Artisan', 'Mechanical Crafting Zone', 'n/a', false, 'A containr trap no smaller than 1ft x 1ft that goes off when an individual opens it. Normally has wires inside as part of the trigger mechanism.', false, false, NULL, 1, 'trap, container');
INSERT INTO public.necrotopia_moduleassembly VALUES (27, 'Spicy Intoxication Brew', 1, 5, 5, 'n/a', 'Basic Education, 2x Basic Scrap, 5 Mind, 20 Minutes', 'A brew that all lineages can drink to become intoxicated', '2023-07-24 20:24:33+00', '2023-07-24 20:28:58.097384+00', 'Culinary', 'Culinary Crafting Zone', 'n/a', false, 'A clear alcohol that packs a powerful, spicy, punch flavored with morning regret', false, false, NULL, 1, 'brew, ingested, hooch');
INSERT INTO public.necrotopia_moduleassembly VALUES (28, 'Slappi Revolver', 3, 5, 2, 'Battlefield Commander - Can spend 5 extra mind when using Scattershot with this weapon to add ''No Defend'' to the call.', 'Basic Education, 2x Basic Scrap, 5 Mind, 20 Minutes', 'Must meet firearm requirements for phys rep', '2023-07-24 20:29:27+00', '2023-07-24 20:32:55.502709+00', 'Artisan', 'Mechanical Crafting Zone', 'Projectile', false, 'a stylish revolver that looks like it could be shot from the hip.', false, false, NULL, 1, 'firearm, slappi');
INSERT INTO public.necrotopia_moduleassembly VALUES (29, 'Requiem Typewriter', 1, 5, 2, 'Marksman - Spend 1 resolve to call "Area of Effect: Knockback 20, Self Immune'' can only be used once every 5 minutes', 'Basic Education, 2x Basic Scrap, 5 Mind, 20 Minutes', 'Must me phys rep guidelines for two handed firearm', '2023-07-24 20:35:42+00', '2023-07-24 20:40:37.905878+00', 'Artisan', 'Mechanical Crafting Zone', 'Projectile', false, 'A large firearm with an underslung magazine meant to throw out a huge amount of smaller bullets', false, false, NULL, 1, 'firearm, 2h, two handed, overpower');
INSERT INTO public.necrotopia_moduleassembly VALUES (30, 'Rebel''s Ridiculous Receiver', 3, 4, 11, 'n/a', 'Basic Education, 2x Basic Scrap, 5 Mind, 20 Minutes', 'Augments any firearm. To attach an augment to an item, spend 2 minutes of full engagement active roleplay with both the intended item and the augment. After attachment have logistics mark the augment card to indicate which item it is attached to. The same process will remove an augment but it is destroyed in the process. An item can only have one augment at at time.', '2023-07-24 20:41:26+00', '2023-07-24 20:44:58.515825+00', 'Artisan', 'Mechanical Crafting Zone', 'n/a', false, 'This modified gun is just.... big. Really big. Huge. Really. You feel pretty confident holding such a big gun. Honestly.', false, false, NULL, 1, 'augment, firearm');
INSERT INTO public.necrotopia_moduleassembly VALUES (31, 'Paradigm Thick Encylobook', 6, 4, 3, 'Sage - Spend 20 mind and 30 minutes of active role-play to create Gizmo <Skill> Book. Expires in 1 year. This book teaches <Skill> to a Target who reads it with basic education. Must have phys rep. The skill that the book teaches must be a skill known by the person creating the Gizmo <Skill> Book', 'Basic Education, 2x Basic Scrap, 5 Mind, 20 Minutes', 'A multiple use gizmo that requires a phys rep to use.', '2023-07-24 20:50:48+00', '2023-07-24 20:58:43.727897+00', 'Artisan', 'Mechanical Crafting Zone', 'Education', false, 'A thick book containing knowledge of the wasteland normally written by hand with illustrations.', false, false, NULL, 1, 'gizmo, paradigm');
INSERT INTO public.necrotopia_moduleassembly VALUES (40, 'Hellscape Security Sanctuary', 1, 5, 3, 'Friend To All - Spend 20 mind or 1 Resolve in a sanctuary. Point to 8 targets in the room and state "Bolt Hole. Exit the door OOG and take 10 steps OOG away from the building." this does not work on self. Targets must agree to leave willingly.', 'Basic Education, 2x Basic Scrap, 5 Mind, 20 Minutes', 'card should be placed on all entrances.', '2023-07-25 00:19:11+00', '2023-07-25 00:23:59.171704+00', 'Artisan', 'Mechanical Crafting Zone', 'n/a', false, 'A solid door, lock, and security used to keep out intruders. Includes small exit doors for easier escape.', false, false, NULL, 1, 'gizmo, helscape, security');
INSERT INTO public.necrotopia_moduleassembly VALUES (32, 'O Faithful R.P.G', 3, 5, 2, 'Violence Technician - Spend 1 Resolve to make a ranged strike - Select up to 5 targets within 10 feet of the original target and call 20 Damage along with two of the following: No Defend, Horde Bane, Undead Bane, Stun, Knockback 10 Pages. Requires 1 minute reload pause immediately after. Must remain stationary while reloading.', 'Basic Education, 2x Basic Scrap, 5 Mind, 20 Minutes', 'No effect until activated. May only use exotic weapon modifiers and skills with this weapon', '2023-07-24 21:00:03+00', '2023-07-24 21:07:56.838124+00', 'Artisan', 'Mechanical Crafting Zone', 'Exotic Weapons', false, 'A large tube-like weapon that fires short ranged unstable explosive rockets.', false, false, NULL, 1, 'exotic, OF, overpower, RPG');
INSERT INTO public.necrotopia_moduleassembly VALUES (33, 'Mountain Trap Snapper Kit', 1, 5, 3, 'Inner Circle - May spend 1 Resolve when using any of this item''s mechanics to recover the trap after disarming.', 'Basic Education, 2x Basic Scrap, 5 Mind, 20 Minutes', 'Single use gizmo', '2023-07-24 23:04:46+00', '2023-07-24 23:08:20.343847+00', 'Artisan', 'Mechanical Crafting Zone', 'Criminal Influence', false, 'A series of tools used to disarm traps, including wire cutters and more.', false, false, NULL, 1, 'gizmo, mountain, single-use');
INSERT INTO public.necrotopia_moduleassembly VALUES (34, 'Generic Engineered Item', 3, 5, 10, 'n/a', 'Basic Education, 2x Basic Scrap, 5 Mind, 20 Minutes', 'Requires phys rep', '2023-07-24 23:52:09+00', '2023-07-24 23:57:21.538582+00', 'Artisan', 'Mechanical Crafting Zone', 'n/a', false, 'Statuary, picture frames, chairs, and other furnishings and engineered items for a specific room or location', false, false, NULL, 1, 'generic, room, augment');
INSERT INTO public.necrotopia_moduleassembly VALUES (35, 'Generic Genre Motorized Gizmo', 1, 5, 3, 'n/a', 'Basic Education, 2x Basic Scrap, 5 Mind, 20 Minutes', 'A generic gizmo within genre limitations, requires phys rep.', '2023-07-24 23:57:45+00', '2023-07-25 00:03:10.137569+00', 'Artisan', 'Mechanical Crafting Zone', 'n/a', false, 'a motorized item that ranges from small toys to larger items such as motorized fans', false, false, NULL, 1, 'generic, gizmo');
INSERT INTO public.necrotopia_moduleassembly VALUES (37, 'Glitter Gulch Dartgun', 3, 5, 2, 'Violence Technician - Spend 20 mind or 1 Resolve to target self and call "Overload: Immune to Stun, Fear, Knockout 1 minute" or 2 minutes if you spent resolve to activate this ability.', 'Basic Education, 2x Basic Scrap, 5 Mind, 20 Minutes', 'engages as per a two handed firearm. May only use exotic weapon modifiers and skills with this weapon', '2023-07-25 00:07:51+00', '2023-07-25 00:13:49.397741+00', 'Artisan', 'Mechanical Crafting Zone', 'Exotic Weapon', false, 'a firearm that uses liquid cartridges and coated darts that ammo', false, false, NULL, 1, 'exotic, gg');
INSERT INTO public.necrotopia_moduleassembly VALUES (36, 'Generic Handheld Item', 1, 5, 3, 'n/a', 'Basic Education, 2x Basic Scrap, 5 Mind, 20 Minutes', 'A generic gizmo within genre limitations, requires physrep', '2023-07-25 00:04:01+00', '2023-07-25 00:07:24.757052+00', 'Artisan', 'Mechanical Crafting Zone', 'n/a', false, 'An item that comes in various sizes.', false, false, NULL, 1, 'generic, gizmo');
INSERT INTO public.necrotopia_moduleassembly VALUES (41, 'Helscape Deathmake', 6, 4, 3, 'Grave Robber - Spend 1 Resolve during a sunless garden, mortis amarantine, or any realm beyond scenario to allow the grave robber and one additional target to remain within for 10 minutes longer than maximum time allowed by scene mechanics.', 'Basic Education, 2x Basic Scrap, 5 Mind, 20 Minutes', 'A multiple use gizmo that requires a phys rep to use.', '2023-07-25 00:25:06+00', '2023-07-25 00:32:27.690029+00', 'Artisan', 'Mechanical Crafting Zone', 'n/a', false, 'A helmet that includes eye and mouth coverage often stylized i morbid themes.', false, false, NULL, 1, 'gizmo, helscape, mortis, gravemind');
INSERT INTO public.necrotopia_moduleassembly VALUES (38, 'Mechanical Drive', 3, 5, 3, 'n/a', 'Basic Education, 2x Basic Scrap, 5 Mind, 20 Minutes', 'a component used in crafting projects', '2023-07-25 00:12:45+00', '2023-07-25 00:16:40.72658+00', 'Artisan', 'Mechanical Crafting Zone', 'n/a', false, 'A flexible belt or chain used in various crafting projects.', false, false, NULL, 1, 'gizmo, resource, component, crafting');
INSERT INTO public.necrotopia_moduleassembly VALUES (39, 'Greenlight Frying Pan', 1, 5, 3, 'n/a', 'Basic Education, 2x Basic Scrap, 5 Mind, 20 Minutes', 'When this item is created a specific lineage must be chosen and noted upon the item card.', '2023-07-25 00:16:52+00', '2023-07-25 00:19:05.49767+00', 'Artisan', 'Mechanical Crafting Zone', 'Culinary', false, 'A custom-built frying pan made to match a specific cooking style''s specific needs', false, false, NULL, 1, 'gizmo, GL, greenlight, cooking, culinary, econ');
INSERT INTO public.necrotopia_moduleassembly VALUES (42, 'Mountain Rifle', 3, 5, 2, 'Marksman - Spend 20 mind or 1 Resolve to call "Line of Sight, 30 damage. No Defend"', 'Basic Education, 2x Basic Scrap, 5 Mind, 20 Minutes', 'Must meet firearm requirements for phys rep', '2023-07-25 15:06:21+00', '2023-07-25 15:10:45.333576+00', 'Artisan', 'Mechanical Crafting Zone', 'Projectile', false, 'A powerful rifle used to shoot at targets from a vast distance.', false, false, NULL, 1, 'firearm, 2h, two, handed, mountain, overpower');
INSERT INTO public.necrotopia_moduleassembly VALUES (44, 'Mechanical Iron Alloy', 3, 5, 3, 'n/a', 'Basic Education, 2x Basic Scrap, 5 Mind, 20 Minutes', 'A component used in crafting projects', '2023-07-25 15:14:52+00', '2023-07-25 15:19:16.749012+00', 'Artisan', 'Mechanical Crafting Zone', 'n/a', false, 'A metal alloy used in various crafting projects', false, false, NULL, 1, 'gizmo, crafting, component');
INSERT INTO public.necrotopia_moduleassembly VALUES (43, 'Moulen Ruse Security', 1, 5, 3, 'Overlord - Spend 20 mind if attacked in this room and state "Deus Ex Machina" overlord then puts the OOG symbol over their head and goes to logistics to respawn in another location per guide discretion.', 'Basic Education, 2x Basic Scrap, 5 Mind, 20 Minutes', 'Card should be placed on entrance', '2023-07-25 15:10:53+00', '2023-07-25 15:15:33.329432+00', 'Artisan', 'Mechanical Crafting Zone', 'n/a', false, 'A solid door, lock, and security used to keep out intruders', false, false, NULL, 1, 'moulen, ruse, mr, security');
INSERT INTO public.necrotopia_moduleassembly VALUES (45, 'Moulen Can-Can Candelabra', 3, 4, 10, 'n/a', 'Master Education and Lore: Wasteland Science, 2x Basic Herb, 15 Mind, 20 Minutes', 'augments moulen ruse security', '2023-07-25 15:21:05+00', '2023-07-25 15:25:03.872994+00', 'Artisan', 'Mechanical Crafting Zone', 'n/a', false, 'A luxurious electric lighting feature that ensures even the darkest corners of the room have light.', false, false, NULL, 1, 'augment, room, moulen, ruse, mr');
INSERT INTO public.necrotopia_moduleassembly VALUES (61, 'Slappi Offhand', 3, 5, 2, 'Mercenary - Spend 1 resolve after a target performs a ranged attack on the user to call "No effect" and then point to the target and re-state the effects of the ranged attack for them to receive the effects.', 'Basic Education, 2x Basic Herb, 5 Mind, 20 Minutes', 'Must meet melee small requirements for phys rep. Cannot be paired with shield.', '2023-07-25 22:39:44+00', '2023-07-25 22:43:49.498732+00', 'Artisan', 'Mechanical Crafting Zone', 'Florentine', false, 'A flat blade used for blocking blows and slapping away projectiles', false, false, NULL, 1, 'melee, florentine, slappi, nopes');
INSERT INTO public.necrotopia_moduleassembly VALUES (46, 'Mechanical Fuel System', 3, 5, 3, 'n/a', 'Basic Education, 2x Basic Herb, 5 Mind, 20 Minutes', 'A component used in crafting projects', '2023-07-25 15:31:38+00', '2023-07-25 15:36:27.353494+00', 'Artisan', 'Mechanical Crafting Zone', 'n/a', false, 'A fuel system used in a variety of crafting projects.', false, false, NULL, 1, 'gizmo, resource, component, crafting');
INSERT INTO public.necrotopia_moduleassembly VALUES (47, 'Mechanical Crafting Area', 3, 5, 10, 'Techno-Savant - Spend 1 Resolve and 30 Minutes of active role-play to examine a carded artisan crafting item and receive its corresponding blueprint. If the item does not have a blueprint (local plot item). Player is rewarded with information about the item or plot kit instead', 'Basic Education, 2x Basic Herb, 5 Mind, 20 Minutes', 'Cannot be moved once games begin. Cannot be moved between game branches. Guide must approve decorations and space. Must be placed in an artisan zone.', '2023-07-25 15:36:50+00', '2023-07-25 15:45:02.326232+00', 'Artisan', 'Mechanical Crafting Zone', 'Artisan', false, 'A workshop with metal, nails, tools, workbenches and other items needed for crafting all sorts of things', false, false, NULL, 1, 'room, augment, crafting, mechanical');
INSERT INTO public.necrotopia_moduleassembly VALUES (49, 'Mechanical Airship Framework', 3, 5, 3, 'n/a', 'Basic Education, 2x Basic Herb, 5 Mind, 20 Minutes', 'a component used in crafting projects', '2023-07-25 15:51:00+00', '2023-07-25 15:53:46.358306+00', 'Artisan', 'Mechanical Crafting Zone', 'n/a', false, 'the framework of a ship used in various crafting projects', false, false, NULL, 1, 'gizmo, resource, crafting, component, vehicle');
INSERT INTO public.necrotopia_moduleassembly VALUES (50, 'Bigol Personal Zeppelin', 3, 5, 9, 'Techno-Savant: Spend 20 mind or 1 Resolve and speak with a Staff Member to learn 3 facts about the weekend''s plot that you would have observed from the air.', 'Basic Education, 2x Basic Herb, 5 Mind, 20 Minutes', 'an airship for any aspiring pilot', '2023-07-25 15:53:56+00', '2023-07-25 16:00:44.81546+00', 'Artisan', 'Mechanical Crafting Zone', 'Trailblazing or Sailing', false, 'A small zeppelin meant for scouting or ferrying people slowly through the air. Made of lightweight materials for maximum height', false, false, NULL, 1, 'vehicle, air, bigol');
INSERT INTO public.necrotopia_moduleassembly VALUES (54, 'Toothpiq Cutter', 3, 5, 2, 'Flanker - Spend 20 mind to do 50 Raider Bane on next attempted strike', 'Basic Education, 2x Basic Herb, 5 Mind, 20 Minutes', 'Must meet melee small requirements for phys rep', '2023-07-25 16:25:34+00', '2023-07-25 16:29:11.683595+00', 'Artisan', 'Mechanical Crafting Zone', 'Melee Small', false, 'a small weapon with a saw-like edge on one side and a honed blade on the other side, perfect for cutting through brush or raiders', false, false, NULL, 1, 'melee, small, toothpiq, raider, bane');
INSERT INTO public.necrotopia_moduleassembly VALUES (51, 'Glitter Gulch Raider Ride', 3, 5, 9, 'Gear Head - Spend 20 mind to choose a local casted character group (trade or antagonist) to impact with artillery. Casted character group will be hampered or lose trade ability during the event that this advantage is used. Must register action during play with logistics and the group will be aware of who took this action.', 'Basic Education, 2x Basic Herb, 5 Mind, 20 Minutes', 'A ride for any aspiring road warrior. Always keep the keys onhand.', '2023-07-25 16:01:46+00', '2023-07-25 16:09:10.681446+00', 'Artisan', 'Mechanical Crafting Zone', 'Trailblazing', false, 'An armored vehicle meant for firing heavy artillery and ramming into other vehicles.', false, false, NULL, 1, 'glitter, gulch, gg, vehicle, ground');
INSERT INTO public.necrotopia_moduleassembly VALUES (52, 'Goat Rough Cycle', 3, 5, 9, 'Avontuur - Spend 1 Resolve and go to public works. Receive 1 randomized armor, shield or brew. Guide may choose to give a story with the item. Cannot use more than once per event even with multiple cycles.', 'Basic Education, 2x Basic Herb, 5 Mind, 20 Minutes', 'a fast and furious ride for the adventurous type', '2023-07-25 16:09:18+00', '2023-07-25 16:15:47.109285+00', 'Artisan', 'Mechanical Crafting Zone', 'Trailblazing', false, 'a jacked up motorcycle meant for travelling through rough terrain and exploring new territories', false, false, NULL, 1, 'vehicle, land, sg, goat');
INSERT INTO public.necrotopia_moduleassembly VALUES (55, 'Toothpiq Chopper', 3, 5, 2, 'Bad-Ass - spend 20 mind or 1 resolve to gain <Lineage> Bane for 2 minutes. 5 minutes when resolve is spent to activate this ability. Only one lineage can be chosen when this ability is used.', 'Basic Education, 2x Basic Herb, 5 Mind, 20 Minutes', 'Must meet melee standard requirements for phys rep', '2023-07-25 16:29:21+00', '2023-07-25 16:33:04.011728+00', 'Artisan', 'Mechanical Crafting Zone', 'Melee Standard', false, 'A sharp piece of metal that is perfect for chopping up any', false, false, NULL, 1, 'melee, standard, weapon, toothpiq, lineage, bane');
INSERT INTO public.necrotopia_moduleassembly VALUES (53, 'Wildwind Throwing Knife', 3, 5, 2, 'Shadow - When utilizing Master Stealth, you may speak to the guide on scene to be put back into the scene in a more advantageous position said position being at the guide discretion.', 'Basic Education, 2x Basic Herb, 5 Mind, 20 Minutes', 'Must meet thrown weapon requirements for phys rep', '2023-07-25 16:19:47+00', '2023-07-25 16:25:04.463294+00', 'Artisan', 'Mechanical Crafting Zone', 'Throwing', false, 'A deadly and aerodynamic knife to strike at enemies from a distance.', false, false, NULL, 1, 'thrown, weapon, aberrant, bane');
INSERT INTO public.necrotopia_moduleassembly VALUES (56, 'Three Eye Throwing Star', 3, 5, 2, 'Mentalist - Spend 1 resolve and drop a psionic packet at your feet. So long as you remain within one foot of this packet, you may freely throw white packets with a call of ''Psionic: 5 damage''', 'Basic Education, 2x Basic Herb, 5 Mind, 20 Minutes', 'Must meet throw weapon requirements for physrep', '2023-07-25 16:33:15+00', '2023-07-25 16:42:17.270435+00', 'Artisan', 'Mechanical Crafting Zone', 'Throw Weapon', false, 'a large throwing star used to strike at enemies from a distance.', false, false, NULL, 1, 'thrown, psionic');
INSERT INTO public.necrotopia_moduleassembly VALUES (57, 'Thempire Tenderizer', 3, 5, 2, 'Pernicious Savior - Spend 1 resolve to call "Sound of my Voice: All Undead 10 body"', 'Basic Education, 2x Basic Herb, 5 Mind, 20 Minutes', 'Must meet melee two-handed requirements for phys rep', '2023-07-25 16:43:52+00', '2023-07-25 16:48:02.513534+00', 'Artisan', 'Mechanical Crafting Zone', 'Melee Two-Handed', false, 'a massive, hammer-like weapon that''s perfect for tenderizing the decaying flesh of zombies.', false, false, NULL, 1, 'melee, 2h, two, handed, thempire, faith, overpower, undead, bane');
INSERT INTO public.necrotopia_moduleassembly VALUES (58, 'Thempire Tanto', 3, 5, 2, 'Flanker - Spend 20 mind to call "Upsurge: Next 5 strikes, Stun" must call "Stun" with the next 5 strikes with this weapon.', 'Basic Education, 2x Basic Herb, 5 Mind, 20 Minutes', 'Must meet melee small requirements for a phys rep. Cannot be paired with shields.', '2023-07-25 16:48:11+00', '2023-07-25 16:54:01.308915+00', 'Artisan', 'Mechanical Crafting Zone', 'Florentine', false, 'A short slightly curved blade that is great for anyone moving at high speeds.', false, false, NULL, 1, 'melee, weapon, florentine, thempire');
INSERT INTO public.necrotopia_moduleassembly VALUES (59, 'Steelpaw Gauntlets', 3, 5, 2, 'Pernicious Savior - Spend 1 resolve to call ''Area of Effect: Self and Allies Heal one Mangle''', 'Basic Education, 2x Basic Herb, 5 Mind, 20 Minutes', 'must meet brawling weapon requirements for phys rep.', '2023-07-25 22:28:51+00', '2023-07-25 22:35:02.786809+00', 'Artisan', 'Mechanical Crafting Zone', 'Unarmed Combat', false, 'a pair of gauntlets with claw-like points on the knuckles, perfect for punching and slashing.', false, false, NULL, 1, 'knucks, steelpaw, faith');
INSERT INTO public.necrotopia_moduleassembly VALUES (60, 'Sosweet Smashstick', 3, 5, 2, 'Life-Binder - Spend 1 resolve and choose up to 5 targets within 10'' to call "<User''s Faith>, Heal 20"', 'Basic Education, 2x Basic Herb, 5 Mind, 20 Minutes', 'must meet melee two-handed requirements for phys rep', '2023-07-25 22:35:25+00', '2023-07-25 22:39:08.148778+00', 'Artisan', 'Mechanical Crafting Zone', 'Melee Two-Handed', false, 'a piece of wood that is totally sweet for bashing in the heads of your enemies. Covered in faith markings', false, false, NULL, 1, 'melee, 2h, two, handed, sosweet, faith, overpower');
INSERT INTO public.necrotopia_moduleassembly VALUES (62, 'Ooph Barrier', 3, 5, 19, 'Phalanx Doyen - Spend 1 resolve and form a shield line with 4-9 others to call "PHALANX". All members are immune to effects that would target or effect multiple players except by guide call. Lasts 15 minutes but ends for any member that moves out of arms reach of one other', 'Basic Education, 2x Basic Herb, 5 Mind, 20 Minutes', 'Requires shield phys rep', '2023-07-25 23:21:45+00', '2023-07-25 23:27:23.469212+00', 'Artisan', 'Mechanical Crafting Zone', 'Shield', false, 'A patchwork shield made out of various materials meant for blocking blows and taking down enemies', false, false, NULL, 1, 'shield, ooph, nopes, phalanx');
INSERT INTO public.necrotopia_moduleassembly VALUES (63, 'Mechanical Hull', 3, 5, 3, 'n/a', 'Basic Education, 2x Basic Herb, 5 Mind, 20 Minutes', 'A component used in crafting projects', '2023-07-26 00:13:27+00', '2023-07-26 00:16:59.541109+00', 'Artisan', 'Mechanical Crafting Zone', 'n/a', false, 'The hull of a ship used in various crafting projects', false, false, NULL, 1, 'gizmo, resource, crafting, component');
INSERT INTO public.necrotopia_moduleassembly VALUES (64, 'Heavycraf Punchers', 3, 5, 18, 'Bone Breaker - Spend 20 mind or 1 Resolve to point at target within 5 feet and call "Drop Shield: No Avoid"', 'Basic Education, 2x Basic Herb, 5 Mind, 20 Minutes', 'Must meet brawling weapon requirements for phys rep.', '2023-07-26 00:17:12+00', '2023-07-26 00:20:57.796392+00', 'Artisan', 'Mechanical Crafting Zone', 'Unarmed Combat', false, 'A pair of weighty knucks meant for pounding flesh and causing bruises.', false, false, NULL, 1, 'knucks, heavycraf, unarmed');
INSERT INTO public.necrotopia_moduleassembly VALUES (69, 'Freeiron Guard', 3, 5, 19, 'Wasteland Mentor - Spend 20 mind or 1 resolve to say "Area of Effect: All allies immune to stun for 1 Minute" 2 minutes of you spent a resolve', 'Basic Education, 2x Basic Herb, 5 Mind, 20 Minutes', 'Requires a shield phys rep', '2023-07-26 00:38:31+00', '2023-07-26 00:42:09.784053+00', 'Artisan', 'Mechanical Crafting Zone', 'Shield', false, 'a scrap metal shield that looks sturdy, reliable and is meant for blocking attacks', false, false, NULL, 1, 'shield, freeiron');
INSERT INTO public.necrotopia_moduleassembly VALUES (65, 'Heavycraf Electrowelder', 3, 5, 2, 'Techno-Savant - Spend 1 resolve plus normal blueprint costs to complete an item on an artisan blueprint to any level in 5 minutes.', 'Basic Education, 2x Basic Herb, 5 Mind, 20 Minutes', 'No effect until activated. May only use exotic weapon modifiers and skills with this weapon', '2023-07-26 00:21:03+00', '2023-07-26 00:25:56.59748+00', 'Artisan', 'Mechanical Crafting Zone', 'Exotic Weapon', false, 'a massive welder with a powerful electromagnetic head that can be used to launch shrapnel.', false, false, NULL, 1, 'exotic, heavycraf, overpower, crafting,');
INSERT INTO public.necrotopia_moduleassembly VALUES (66, 'Greenlight Cleaver', 3, 5, 2, 'Scavenger - After picking up a forage card from where it was seeded, Upsurge 5 mind.', 'Basic Education, 2x Basic Herb, 5 Mind, 20 Minutes', 'Must meet melee small requirements for phys rep', '2023-07-26 00:26:02+00', '2023-07-26 00:29:57.225305+00', 'Artisan', 'Mechanical Crafting Zone', 'Melee Small', false, 'A weapon with a curved edge that is great for slashing and prying up interesting scavenged materials', false, false, NULL, 1, 'melee, small, GL, greenlight, scavenging');
INSERT INTO public.necrotopia_moduleassembly VALUES (67, 'Goat Gear', 3, 5, 8, 'Free Radical - spend 1 Resolve to call "Radiation Immune" to be immune to all ill effects and damage from radiation modified damage for 10 minutes.', 'Basic Education, 2x Basic Herb, 5 Mind, 20 Minutes', 'Armor must be repaired after taking damage', '2023-07-26 00:30:03+00', '2023-07-26 00:33:30.966336+00', 'Artisan', 'Mechanical Crafting Zone', 'any', false, 'a protective patchwork armor made up of metal and cloth perfect for protecting against that pesky radiation', false, false, NULL, 1, 'armor, sg, radiation');
INSERT INTO public.necrotopia_moduleassembly VALUES (68, 'Glitter Gulch Shotgun', 3, 5, 2, 'Natural Leader - Spend 1 Resolve and point at four allies within arm''s reach and state "Upsurge: Your next 4 ranged attacks to 10 damage"', 'Basic Education, 2x Basic Herb, 5 Mind, 20 Minutes', 'Must meet firearm requirements for phys rep.', '2023-07-26 00:33:39+00', '2023-07-26 00:38:24.373958+00', 'Artisan', 'Mechanical Crafting Zone', 'Projectile', false, 'A shotgun that''ll show your enemies that they''ve stepped on the wrong lawn.', false, false, NULL, 1, 'firear, gg, glitter, gulch');
INSERT INTO public.necrotopia_moduleassembly VALUES (70, 'Candlepin Flame Belcher', 3, 5, 0, 'Incinerator - Spend 1 resolve instead of the mind and hooch requirements to activate the Basic, Proficient or Master abilities of this weapon', 'Basic Education, 2x Basic Herb, 5 Mind, 20 Minutes', 'no effect until activated. May only use exotic weapon modifiers and skills with this weapon', '2023-07-26 00:42:55+00', '2023-07-26 00:48:24.049429+00', 'Artisan', 'Mechanical Crafting Zone', 'Exotic Weapon', false, 'A literal firearm that is usually attached to a backpack filled with flammable liquid.', false, false, NULL, 1, 'exotic, candlepin, cp, flame, fire');


--
-- TOC entry 3838 (class 0 OID 37329)
-- Dependencies: 255
-- Data for Name: necrotopia_modulegrade; Type: TABLE DATA; Schema: public; Owner: doadmin
--

INSERT INTO public.necrotopia_modulegrade VALUES (1, 1, '<Name''s> Mess Kit', 5, 20, 'When eatin ga meal, this gizmo increases either the amount of body or mind restored by the mean by 5. If the meal restores both, the user decides which to increase. But they cannot increase something the meal does not already restore.', 1, NULL, NULL);
INSERT INTO public.necrotopia_modulegrade VALUES (2, 1, 'Safe Harbor Serum', 5, 20, 'spend 1 minute drinking, Townies regain 20 mind. 1 serving', 2, NULL, NULL);
INSERT INTO public.necrotopia_modulegrade VALUES (3, 2, 'Safe Harbor Exlir', 10, 20, 'Spend 1 minute drinking. Townies regain 40 mind.  Replaces the benefits of basic crafting.', 2, NULL, NULL);
INSERT INTO public.necrotopia_modulegrade VALUES (4, 3, 'Safe Harbor Tincture', 15, 20, 'Spend 1 minute drinking. Townies regain 80 mind. Replaces the benefits of basic and proficient crafting.', 2, NULL, NULL);
INSERT INTO public.necrotopia_modulegrade VALUES (5, 1, 'Slicker Healing Serum', 5, 20, 'Spend 1 minute drinking. Townies regain 10 body', 3, NULL, NULL);
INSERT INTO public.necrotopia_modulegrade VALUES (6, 2, 'Slicker Healing Elixir', 10, 20, 'Spend 1 minute drinking. Townies regain 40 body. Replaces the benefits of basic crafting', 3, NULL, NULL);
INSERT INTO public.necrotopia_modulegrade VALUES (7, 3, 'Slicker Healing Tincture', 15, 20, 'Spend 1 minute drinking. Townies regain 80 body. Replaces the benefits of basic and proficient crafting.', 3, NULL, NULL);
INSERT INTO public.necrotopia_modulegrade VALUES (8, 1, 'Simple Storage Box', 5, 20, 'Counts as having a basic lock. List up to 3 characters and player numbers on a card who can open it.', 4, NULL, NULL);
INSERT INTO public.necrotopia_modulegrade VALUES (9, 2, 'Well-Crafted Storage Box', 10, 20, 'Counts as having a proficient lock. List up to 3 characters and player numbers who can open it. Replaces benefits of basic crafting.', 4, NULL, NULL);
INSERT INTO public.necrotopia_modulegrade VALUES (10, 3, 'Superior Storage Box', 15, 20, 'Counts as having a master lock. List 3 characters and player numbers on a card who can open it. Replaces the benefits of proficient crafting.', 4, NULL, NULL);
INSERT INTO public.necrotopia_modulegrade VALUES (11, 1, 'Patchwork Dungeon', 5, 20, 'May ask 2 questions instead of 1 when using Basic Malicious skill in this room.', 5, NULL, NULL);
INSERT INTO public.necrotopia_modulegrade VALUES (12, 2, 'Hardened Dungeon', 10, 20, 'When tying someone up in the dungeon with Basic Malicious the binds count as having Gizmo: Basic Lock on them with the only ''key'' being possessed by the user.', 5, NULL, NULL);
INSERT INTO public.necrotopia_modulegrade VALUES (13, 3, 'Superior Dungeon', 15, 20, 'Spend 10 mind and use active role-play to act in a threatening manner for 1 minute before asking a question. State "Area of Effect: Interrogate"', 5, NULL, NULL);
INSERT INTO public.necrotopia_modulegrade VALUES (14, 1, 'Grinding Mill', 5, 20, 'Spend 1 Resolve and 20 Minutes of active role-play and full engagement to convert 1 infectious material into 1 fungal flour', 6, NULL, NULL);
INSERT INTO public.necrotopia_modulegrade VALUES (15, 1, 'Spur Gear System', 5, 20, 'Used in minor crafting projects', 7, NULL, NULL);
INSERT INTO public.necrotopia_modulegrade VALUES (16, 2, 'Spiral Bebel Gear Set', 10, 20, 'Used in intermediate crafting projects. Replaces the benefits of basic crafting', 7, NULL, NULL);
INSERT INTO public.necrotopia_modulegrade VALUES (17, 3, 'Herringbone Gear Ratio', 15, 20, 'Used in complex crafting projects. Replaces the benefits of basic and proficient crafting.', 7, NULL, NULL);
INSERT INTO public.necrotopia_modulegrade VALUES (19, 1, 'Patchwork Monolith', 5, 20, 'Spend 10 mind while touching the monolith of horror to call "Area of Effect: Terror, All Critters Flee for 30 Seconds"', 9, NULL, NULL);
INSERT INTO public.necrotopia_modulegrade VALUES (20, 2, 'Hardened Monolith', 10, 20, 'Spend 10 mind while touching the monolith of horror to call "Area of Effect: Terror, All Undead Flee for 30 Seconds."', 9, NULL, NULL);
INSERT INTO public.necrotopia_modulegrade VALUES (21, 3, 'Forged Monolith', 15, 20, 'Spend 20 Mind while touching the monolith of horror to call "By My Voice Attract (Threat) 1 Minute" where the Treat can be defined as Critters, Undead, or Raiders.', 9, NULL, NULL);
INSERT INTO public.necrotopia_modulegrade VALUES (22, 1, 'Makeshift Chain Gun', 5, 20, '5 damage', 13, NULL, NULL);
INSERT INTO public.necrotopia_modulegrade VALUES (23, 2, 'Sturdy chain Gun', 10, 20, 'Spend 5 mind to call "Belt Fed One" and skip a single firearm combat reload pause for this weapon', 13, NULL, NULL);
INSERT INTO public.necrotopia_modulegrade VALUES (24, 3, 'Reinforced Chain Gun', 15, 20, 'Spend 10 mind and point at up to 5 targets within 10 feet of the initial target of a successful ranged attack and call ''5 damage''. A target may be selected multiple times, activating this ability counts as a reload. May only be activated once per minute', 13, NULL, NULL);
INSERT INTO public.necrotopia_modulegrade VALUES (25, 1, 'Makeshift Sledge', 5, 20, '2 damage', 14, NULL, NULL);
INSERT INTO public.necrotopia_modulegrade VALUES (26, 2, 'Sturdy Sledge', 10, 20, 'Spend 5 Mind to do 5 Damage on next attempted strike', 14, NULL, NULL);
INSERT INTO public.necrotopia_modulegrade VALUES (27, 3, 'Reinforced Sledge', 15, 20, 'spend 10 mind to do 15 damage on next attempted strike', 14, NULL, NULL);
INSERT INTO public.necrotopia_modulegrade VALUES (28, 1, 'Basic Adhesive', 5, 20, 'Used in minor crafting projects.', 10, NULL, NULL);
INSERT INTO public.necrotopia_modulegrade VALUES (29, 2, 'Proficient Adhesive', 10, 20, 'Used in intermediate crafting projects. Replaces benefits of Basic crafting.', 10, NULL, NULL);
INSERT INTO public.necrotopia_modulegrade VALUES (30, 3, 'Master Adhesive', 15, 20, 'Used in complex crafting projects. Replaces benefits of Basic and Proficient crafting', 10, NULL, NULL);
INSERT INTO public.necrotopia_modulegrade VALUES (31, 1, 'Two Cylinder Engine', 5, 20, 'Used in minor crafting projects.', 12, NULL, NULL);
INSERT INTO public.necrotopia_modulegrade VALUES (32, 2, 'Straight Six Engine', 10, 20, 'Used in intermediate crafting projects. Replaces benefits of Basic crafting.', 12, NULL, NULL);
INSERT INTO public.necrotopia_modulegrade VALUES (33, 3, 'V8 Engine', 15, 20, 'Used in complex crafting projects. Replaces benefits of Basic and Proficient crafting', 12, NULL, NULL);
INSERT INTO public.necrotopia_modulegrade VALUES (34, 1, 'Basic Necroinfluencer', 5, 20, 'used in minor grave scenes/procedures', 11, NULL, NULL);
INSERT INTO public.necrotopia_modulegrade VALUES (35, 2, 'Proficient Necroinfluencer', 10, 20, 'used in intermedia grave scenes/procedures. Replaces the benefits of basic crafting', 11, NULL, NULL);
INSERT INTO public.necrotopia_modulegrade VALUES (36, 3, 'Master Necroinfluencer', 15, 20, 'Used in complex grave scenes/procedures. Replaces the benefits of basic and proficient crafting', 11, NULL, NULL);
INSERT INTO public.necrotopia_modulegrade VALUES (37, 1, 'Simple Medical Kit', 5, 20, 'Requires medical to use. After 5 minutes of active role-play, the person using basic medical skill may use 0 mind points to allow the person they operated on to regain 5 Body.', 15, NULL, NULL);
INSERT INTO public.necrotopia_modulegrade VALUES (38, 2, 'Well-crafted Medical Kit', 10, 20, 'Requires proficient medical to use. Spend 10 mind points and 15 minutes of active role-play operating on a target. Bleedout timer is extended from 5 minutes to 10 minutes for the next time they enter bleedout this event. Must update sheet with info and time.', 15, NULL, NULL);
INSERT INTO public.necrotopia_modulegrade VALUES (39, 3, 'Superior Medical Kit', 15, 20, 'When using Master Medical to heal 15 body, you may expend a hooch to reduce the time down to 10 seconds.', 15, NULL, NULL);
INSERT INTO public.necrotopia_modulegrade VALUES (40, 1, 'Simple Bio-Enhancer', 5, 20, 'Requires basic telepathy to use. Wearer may use basic telepathy on a raider.', 16, NULL, NULL);
INSERT INTO public.necrotopia_modulegrade VALUES (41, 2, 'Well-Crafted Bio-Enhancer', 10, 20, 'Requires proficient telepathy to use. Wearer may spend 5 mind in addition to the cost for basic telepathy to use basic telepathy on a non-lineage undead', 16, NULL, NULL);
INSERT INTO public.necrotopia_modulegrade VALUES (42, 3, 'Superior Bio-Enhancer', 15, 20, 'Requires master telepathy. When activating master telepathy, may activate twice immediately instead of once at no additional cost.', 16, NULL, NULL);
INSERT INTO public.necrotopia_modulegrade VALUES (43, 1, 'Simple Osteotome', 5, 20, 'Spend 5 mind and 10 minutes of active role-play doing brain surgery on a subdued to willing target to extract information of 1 yes or no question. Mental endurance does not negate.', 17, NULL, NULL);
INSERT INTO public.necrotopia_modulegrade VALUES (168, 1, 'Patchwork Barrier', 5, 20, 'Blocks melee, brawling, bow and thrown weapons', 62, NULL, NULL);
INSERT INTO public.necrotopia_modulegrade VALUES (44, 2, 'Well-Crafted Osteotome', 10, 20, 'Spend 5 mind and 10 minutes of active role-play doing brain surgery of a subdued or willing target to extract information of 1 full question. Mental endurance does not negate.', 17, NULL, NULL);
INSERT INTO public.necrotopia_modulegrade VALUES (45, 3, 'Superior Osteotome', 15, 20, 'Spend 10 mind and 10 minutes of active role-playing doing brain surgery on a subdued or willing target to extract information of 2 full questions. Mental endurance does not negate.', 17, NULL, NULL);
INSERT INTO public.necrotopia_modulegrade VALUES (46, 1, 'Simple Document Case', 5, 20, 'Protects up to 25 blueprints in a single case from being affected by pick pocket.', 18, NULL, NULL);
INSERT INTO public.necrotopia_modulegrade VALUES (47, 2, 'Well-Crafted Document Case', 10, 20, 'Protects up to 25 blueprints in a single case from being affected by pick pocket, area of effect, and sound of my voice calls that may damage blueprints. Replaces basic effect.', 18, NULL, NULL);
INSERT INTO public.necrotopia_modulegrade VALUES (48, 3, 'Superior Document Case', 15, 20, 'Spend 10 mind: Document case may not be moved by anyone not of the user''s religion or society membership (of their choice) until the next 12''s. Note must be placed on item to indicate this', 18, NULL, NULL);
INSERT INTO public.necrotopia_modulegrade VALUES (49, 1, 'Simple Field Journal', 5, 20, 'Requires basic financial influence. Reduces the cost of basic financial to 0 mind and 30 seconds so long as the character references the journal during the role play.', 19, NULL, NULL);
INSERT INTO public.necrotopia_modulegrade VALUES (50, 2, 'Well-Crafted Field Journal', 10, 20, 'Requires proficient financial influence. Spend 5 mind instead of 10 mind to invest in a second financial institution as per proficient financial influence. Can be used once per event regardless of number of bookkeeper journals owned.', 19, NULL, NULL);
INSERT INTO public.necrotopia_modulegrade VALUES (51, 3, 'Superior Field Journal', 15, 20, 'Requires master financial influence. May receive up to 15 local currency rather than 10 local currency if successful in a master financial influence mission.', 19, NULL, NULL);
INSERT INTO public.necrotopia_modulegrade VALUES (52, 1, 'Herb Dry Pack', 5, 20, 'Acts as a supply bag. If the bag is pickpocketed the owner can choose to give the oldest unexpired herb hard from their pack as the stolen item.', 20, NULL, NULL);
INSERT INTO public.necrotopia_modulegrade VALUES (53, 2, 'Long Road Dry Pack', 10, 20, 'Acts as a supply bag. Spend 5 mind to cause a target who pickpockets the bag to lose 5 body.', 20, NULL, NULL);
INSERT INTO public.necrotopia_modulegrade VALUES (54, 3, 'Shouldered Life Dry Pack', 15, 20, 'Acts as a supply bag. Spend 10 mind to cause a target who pickpockets the bag to receive mangle on the arm they used.', 20, NULL, NULL);
INSERT INTO public.necrotopia_modulegrade VALUES (55, 1, 'Makeshift Hawkbill', 5, 20, '2 damage', 21, NULL, NULL);
INSERT INTO public.necrotopia_modulegrade VALUES (56, 2, 'Sturdy Hawkbill', 10, 20, 'Spend 5 mind to do 10 Undead Bane on the next attempted strike', 21, NULL, NULL);
INSERT INTO public.necrotopia_modulegrade VALUES (57, 3, 'Reinforced Hawkbill', 15, 20, 'Spend 10 Mind to do 20 Undead Bane on the next attempted strike.', 21, NULL, NULL);
INSERT INTO public.necrotopia_modulegrade VALUES (58, 1, 'Simple Lockpicks', 5, 20, 'When using Basic Larceny to pick a lock reduce the time to 30 seconds.', 22, NULL, NULL);
INSERT INTO public.necrotopia_modulegrade VALUES (59, 2, 'Well-Crafted Lockpicks', 10, 20, 'When using Proficient Larceny to pick a lock reduce the time to 30 seconds.', 22, NULL, NULL);
INSERT INTO public.necrotopia_modulegrade VALUES (60, 3, 'Superior Lockpicks', 15, 20, 'When using Master Larceny to pick a lock reduce the time to 30 seconds.', 22, NULL, NULL);
INSERT INTO public.necrotopia_modulegrade VALUES (61, 1, 'Simple Faceplate', 5, 20, 'Affected by Proficient Master and PFA faceplate effects as long as you possess the same society membership', 23, NULL, NULL);
INSERT INTO public.necrotopia_modulegrade VALUES (62, 2, 'Well-Crafted Faceplate', 10, 20, 'Spend 5 mind to call "Area of Effect: Upsurge 5 Armor, all <Society> with masks" Targets must be wearing Basic Warlord''s Faceplate <society> to gain advantage and removing the mask ends the effect.', 23, NULL, NULL);
INSERT INTO public.necrotopia_modulegrade VALUES (63, 3, 'Superior Faceplate', 15, 20, 'Spend 10 Mind to give "Upsurge 5 Mind" to 3 targets of <Society> within arms reach. Targets must be wearing Basic Warlord''s Faceplate <Society> to gain advantage and removing the mask ends the effect.', 23, NULL, NULL);
INSERT INTO public.necrotopia_modulegrade VALUES (64, 0, 'Unerring Nimrod Sights', 20, 20, 'The wielder of the augmented weapon may use the Overpower call with the PFA ability of the weapon at the cost of 5 mind', 24, NULL, NULL);
INSERT INTO public.necrotopia_modulegrade VALUES (65, 0, 'Toothpiq Pigsticker Barbs', 20, 20, 'The wielder of the agumented weapon may spend 5 mind on their next attempted ranged attack with the weapon to call "Nail"', 25, NULL, NULL);
INSERT INTO public.necrotopia_modulegrade VALUES (66, 1, 'simple Box-Trap', 5, 20, 'Once the container is opened by target: Take takes 10 damage', 26, NULL, NULL);
INSERT INTO public.necrotopia_modulegrade VALUES (67, 2, 'Well-Crafted Box Trap', 10, 20, 'Once the container is opened by the target, Target takes 20 damage. Replaces benefits of basic crafting.', 26, NULL, NULL);
INSERT INTO public.necrotopia_modulegrade VALUES (68, 3, 'Superior Box Trap', 15, 20, 'Once the container is opened by a target, target takes 30 damage. Replaces the benefits of Basic and Proficient crafting.', 26, NULL, NULL);
INSERT INTO public.necrotopia_modulegrade VALUES (69, 1, 'Spicy Hooch', 5, 20, 'Spend 1 Minute Drinking. All lineages intoxicated for 30 minutes. Creates 2 servings', 27, NULL, NULL);
INSERT INTO public.necrotopia_modulegrade VALUES (70, 2, 'Spicy Booze', 10, 20, 'Spend 1 minute drinking. All lineages Intoxication 60 minutes. Creates 3 servings. Replaces benefits of basic crafting', 27, NULL, NULL);
INSERT INTO public.necrotopia_modulegrade VALUES (71, 3, 'Spicy Liquor', 15, 20, 'Spend 1 minute drinking. All lineages intoxicated for 120 minutes. Creates 6 services. Replaces the benefits of basic and proficient crafting', 27, NULL, NULL);
INSERT INTO public.necrotopia_modulegrade VALUES (72, 1, 'Makeshift Revolver', 5, 20, '5 damage', 28, NULL, NULL);
INSERT INTO public.necrotopia_modulegrade VALUES (73, 2, 'Sturdy Revolver', 10, 20, 'Spend 5 mind to do 10 damage on next attempted ranged stike', 28, NULL, NULL);
INSERT INTO public.necrotopia_modulegrade VALUES (74, 3, 'Reinforced Resolver', 15, 20, 'Spend 10 mind to do 20 damage on next attempted ranged strike', 28, NULL, NULL);
INSERT INTO public.necrotopia_modulegrade VALUES (75, 1, 'Makeshift Typewriter', 5, 20, '5 damage. Once per reload call Knockback 5 in place of damage', 29, NULL, NULL);
INSERT INTO public.necrotopia_modulegrade VALUES (76, 2, 'Sturdy Typewriter', 10, 20, 'When using Proficient Combat Tactics to target multiple targets, may spend 5 additional mind to add ''Knockback 10'' to the attack', 29, NULL, NULL);
INSERT INTO public.necrotopia_modulegrade VALUES (77, 3, 'Reinforced Typewriter', 15, 20, 'Spend 10 mind. For the next reload with this weapon, you may call ''5 Damage, Knockback 5'' these attacks may not be further augmented in any way.', 29, NULL, NULL);
INSERT INTO public.necrotopia_modulegrade VALUES (78, 0, 'Rebel''s ridiculous receiver', 10, 20, 'Once per hour, the weilder of the augmented firearm may spend 1 mind to call ''No Effect: Big Fucking Gun'' in Response to a Fear Effect, and may repeat the call to any further Fear effects for 1 minute.', 30, NULL, NULL);
INSERT INTO public.necrotopia_modulegrade VALUES (79, 1, 'Simple Encyclo-Book', 5, 20, 'Requires Basic Education to use. Spend 5 mind to half the amount of time it takes to teach a single skill to a single target that the user already possesses', 31, NULL, NULL);
INSERT INTO public.necrotopia_modulegrade VALUES (80, 2, 'Well-Crafted Encyclo-book', 10, 20, 'Requires Proficient Education to use. You may teach a skill to someone while performing active role-play and full engagement for the same or different skill.', 31, NULL, NULL);
INSERT INTO public.necrotopia_modulegrade VALUES (81, 3, 'Superior Encyclo-Book', 15, 20, 'Requires Master Education to use. Spend 1 resolve to instruct up to 10 actively engaged targets about a battle plan to be carried out. After 5 minutes, targets gain "Upsurge 5 Mind"', 31, NULL, NULL);
INSERT INTO public.necrotopia_modulegrade VALUES (123, 1, 'Patchwork Crafting Area', 5, 20, 'When using basic artisan to repair in this area, the time required to repair an item is reduced to 10 minutes', 47, NULL, NULL);
INSERT INTO public.necrotopia_modulegrade VALUES (82, 1, 'Makeshift RPG', 5, 20, 'Spend 5 Mind and expend 1 Uncommon Scrap to make a ranged attack. Select up to 2 targets within 10 feet of the original target to receive 10 damage. Requires 6 second reload paus immediately after. Must remain stationary while reloading.', 32, NULL, NULL);
INSERT INTO public.necrotopia_modulegrade VALUES (83, 2, 'Sturdy RPG', 10, 20, 'Spend 5 mind and expend 1 Rare Scrap to make a ranged attack, select up to 3 targets within 10 feet of the original target to receive 15 damage. Requries 30 seconds reloading pause immediately after. Must remain stationary while reloading.', 32, NULL, NULL);
INSERT INTO public.necrotopia_modulegrade VALUES (84, 3, 'Reinforced RPG', 15, 20, 'Spend 10 mind and expend 1 Combustable Material to make a ranged attack. Select up to 5 targets within 10 feet of that location to receive 20 damage. Requires 1 minute reloading pause immediately after. Must remain stationary while reloading.', 32, NULL, NULL);
INSERT INTO public.necrotopia_modulegrade VALUES (85, 1, 'Simple Trap Kit', 5, 20, 'Requires Basic Criminal Influence to use. Spend 5 Mind to instantly disarm a Basic Trap. Does not recover trap', 33, NULL, NULL);
INSERT INTO public.necrotopia_modulegrade VALUES (86, 2, 'Well-Crafted Trap Kit', 10, 20, 'Requires Proficient Criminal Influence to use. Spend 5 Mind to instantly disarm a proficient trap. Does not recover trap.', 33, NULL, NULL);
INSERT INTO public.necrotopia_modulegrade VALUES (87, 3, 'Superior Trap Kit', 15, 20, 'Requires Master Criminal Influence to use, spend 10 mind to instantly disarm a master trap. Does not recover trap.', 33, NULL, NULL);
INSERT INTO public.necrotopia_modulegrade VALUES (88, 1, 'Generic Engineered Item <Name>', 5, 20, 'Single structure 36 inches to 300 inches cubed.', 34, NULL, NULL);
INSERT INTO public.necrotopia_modulegrade VALUES (89, 2, 'Generic Engineered Item <Name>', 10, 20, 'Single structure 300 inches to 600 inches cubed', 34, NULL, NULL);
INSERT INTO public.necrotopia_modulegrade VALUES (90, 3, 'Generic Engineered Item <Name>', 15, 20, 'Single structure 600 inches to 1200 inches cubed', 34, NULL, NULL);
INSERT INTO public.necrotopia_modulegrade VALUES (91, 1, 'Genre Motorized Gizmo <Name>', 5, 20, NULL, 35, NULL, NULL);
INSERT INTO public.necrotopia_modulegrade VALUES (92, 2, 'Genre Motorized Gizmo <Name>', 5, 20, NULL, 35, NULL, NULL);
INSERT INTO public.necrotopia_modulegrade VALUES (93, 3, 'Genre Motorized Gizmo <Name>', 5, 20, NULL, 35, NULL, NULL);
INSERT INTO public.necrotopia_modulegrade VALUES (94, 1, 'Generic Handheld Item <Name>', 5, 20, 'A single item under 12 inches cubed', 36, NULL, NULL);
INSERT INTO public.necrotopia_modulegrade VALUES (95, 2, 'Generic Handheld Item <Name>', 10, 20, 'A single item under 24 inches cubed', 36, NULL, NULL);
INSERT INTO public.necrotopia_modulegrade VALUES (96, 3, 'Generic Handheld Item <Name>', 15, 20, 'Single item under 36 inches cubed', 36, NULL, NULL);
INSERT INTO public.necrotopia_modulegrade VALUES (97, 1, 'Makeshift Dartgun', 5, 20, '5 damage. Applied poisons may be used on ranged strikes with this weapon', 37, NULL, NULL);
INSERT INTO public.necrotopia_modulegrade VALUES (98, 2, 'Sturdy Dartgun', 10, 20, 'Spend 5 mind to expend an injected brew and administer the injection as a ranged attack', 37, NULL, NULL);
INSERT INTO public.necrotopia_modulegrade VALUES (99, 3, 'Reinforced Dartgun', 15, 20, 'Spend 10 mind to expend an injected brew and administer the injection via Line of Sight.', 37, NULL, NULL);
INSERT INTO public.necrotopia_modulegrade VALUES (100, 1, 'Simple Mech Drive', 5, 20, 'Used in minor crafting projects.', 38, NULL, NULL);
INSERT INTO public.necrotopia_modulegrade VALUES (101, 2, 'Well-Crafted Mech Drive', 10, 20, 'Used in intermediate crafting projects. Replaces benefits of Basic crafting.', 38, NULL, NULL);
INSERT INTO public.necrotopia_modulegrade VALUES (102, 3, 'Superior Mech Drive', 15, 20, 'Used in complex crafting projects. Replaces benefits of Basic and Proficient crafting', 38, NULL, NULL);
INSERT INTO public.necrotopia_modulegrade VALUES (103, 1, '<Lineage> Frying Pan', 5, 20, 'When crafted must choose a lineage to be noted on the card. When utilized  while cooking a lineage meal that matches the lineage of the frying pan cut cooking time in half.', 39, NULL, NULL);
INSERT INTO public.necrotopia_modulegrade VALUES (104, 1, 'Simple Sanctuary', 5, 20, 'Counts as having a Gizmo: Basic Lock on all entrances into the room. Anyone who is staying in the room is considered to have access to the space. List of character names may be kept if needed.', 40, NULL, NULL);
INSERT INTO public.necrotopia_modulegrade VALUES (105, 2, 'Well-Crafted Sanctuary', 10, 20, 'Counts as having a Gizmo: Proficient Lock on all entrances into the room. Anyone who is staying in the room is considered to have access to the space. List of character names may be kept if needed. Replaces the benefits of basic crafting.', 40, NULL, NULL);
INSERT INTO public.necrotopia_modulegrade VALUES (106, 3, 'Superior Sanctuary', 15, 20, 'Counts as having a Gizmo: Master Lock on all entrances into the room. Anyone who is staying in the room is considered to have access to the space. List of character names may be kept if needed. Replaces the benefits of Basic and Proficient crafting.', 40, NULL, NULL);
INSERT INTO public.necrotopia_modulegrade VALUES (107, 1, 'Simple Deathmask', 5, 20, 'Spend 5 mind to call "Deathmask: No effect" to a single environmental call related to poison, disease or radiation. Guide''s call if this works on plot mechanics.', 41, NULL, NULL);
INSERT INTO public.necrotopia_modulegrade VALUES (108, 2, 'Well-Crafted Deathmask', 10, 20, 'spend 10 mind to state "Deathmask: No effect" to a single area of effect or airborne transmitted disease. Some plot kits state that this mask will not work due to the nature of how it is transmitted', 41, NULL, NULL);
INSERT INTO public.necrotopia_modulegrade VALUES (109, 3, 'Superior Deathmask', 15, 20, 'Spend 10 mind to state "Deathmask: No Effect" to defend against effects that target the user with a cost of a loss of a resolve during a pallor mortis scene.', 41, NULL, NULL);
INSERT INTO public.necrotopia_modulegrade VALUES (110, 1, 'Makeshift Mountain Rifle', 5, 20, '5 damage', 42, NULL, NULL);
INSERT INTO public.necrotopia_modulegrade VALUES (111, 2, 'Sturdy Mountain Rifle', 15, 20, 'Spend 5 Mind to 10 Damage on next attempted ranged strike', 42, NULL, NULL);
INSERT INTO public.necrotopia_modulegrade VALUES (112, 3, 'Reinforced Mountain Rifle', 15, 20, 'Spend 10 mind to do 20 damage on next attempted ranged strike', 42, NULL, NULL);
INSERT INTO public.necrotopia_modulegrade VALUES (113, 1, 'Basic Room Security', 5, 20, 'Counts as having a Gizmo: Basic Lock on all entrances into the room. Anyone who is staying in the room is considered to have access to the space. List of character names may be kept if needed.', 43, NULL, NULL);
INSERT INTO public.necrotopia_modulegrade VALUES (114, 2, 'Reliable Room Security', 10, 20, 'Counts as having a Gizmo: Proficient Lock on all entrances into the room. Anyone who is staying in the room is considered to have access to the space. List of character names may be kept if needed. Replaces the benefits of basic crafting.', 43, NULL, NULL);
INSERT INTO public.necrotopia_modulegrade VALUES (115, 3, 'Red-Iculous Room Security', 15, 20, 'Counts as having a Gizmo: Master Lock on all entrances into the room. Anyone who is staying in the room is considered to have access to the space. List of character names may be kept if needed. Replaces the benefits of Basic and Proficient crafting.', 43, NULL, NULL);
INSERT INTO public.necrotopia_modulegrade VALUES (116, 1, 'Cast Iron Alloy', 5, 20, 'Used in minor crafting projects.', 44, NULL, NULL);
INSERT INTO public.necrotopia_modulegrade VALUES (117, 2, 'Tool Steel Alloy', 10, 20, 'Used in intermediate crafting projects. Replaces benefits of Basic crafting.', 44, NULL, NULL);
INSERT INTO public.necrotopia_modulegrade VALUES (118, 3, 'Stainless Steel Alloy', 15, 20, 'Used in complex crafting projects. Replaces benefits of Basic and Proficient crafting', 44, NULL, NULL);
INSERT INTO public.necrotopia_modulegrade VALUES (119, 0, 'Moulen Can-Can Caldelabra', 30, 20, 'Any uses of Basic Awareness by someone within the room enhance by the augment costs 0 mind. Anyone in the augmented room that knows the Basic Awareness skill gains access to this benefit.', 45, NULL, NULL);
INSERT INTO public.necrotopia_modulegrade VALUES (120, 1, 'Simple Fuel System', 5, 20, 'Used in minor crafting projects.', 46, NULL, NULL);
INSERT INTO public.necrotopia_modulegrade VALUES (121, 2, 'Well-Crafted Fuel System', 10, 20, 'Used in intermediate crafting projects. Replaces benefits of Basic crafting.', 46, NULL, NULL);
INSERT INTO public.necrotopia_modulegrade VALUES (122, 3, 'Superior Fuel System', 15, 20, 'Used in complex crafting projects. Replaces benefits of Basic and Proficient crafting', 46, NULL, NULL);
INSERT INTO public.necrotopia_modulegrade VALUES (124, 2, 'Hardened Crafting Area', 15, 20, 'Spend 1 Resolve. For the next 15 minutes, so long as you do not leave the artisan area, any use of Basic Artisan to repair an item costs 1 Mind and only takes 2 minutes to complete.', 47, NULL, NULL);
INSERT INTO public.necrotopia_modulegrade VALUES (125, 3, 'Forged Crafting Area', 15, 20, 'Any use of Artisan to craft an item in this area is reduced by 10 minutes to a minimum of 5 minutes. If an item is being crafted up multiple levels the reduction applies to each level.', 47, NULL, NULL);
INSERT INTO public.necrotopia_modulegrade VALUES (126, 1, 'Auto X-Frame', 5, 20, 'Used in minor crafting projects.', 48, NULL, NULL);
INSERT INTO public.necrotopia_modulegrade VALUES (127, 2, 'Auto Ladder Frame', 10, 20, 'Used in intermediate crafting projects. Replaces benefits of Basic crafting.', 48, NULL, NULL);
INSERT INTO public.necrotopia_modulegrade VALUES (128, 3, 'Auto Unibody Frame', 15, 20, 'Used in complex crafting projects. Replaces benefits of Basic and Proficient crafting', 48, NULL, NULL);
INSERT INTO public.necrotopia_modulegrade VALUES (129, 1, 'Simple Airship Framework', 5, 20, 'Used in minor crafting projects.', 49, NULL, NULL);
INSERT INTO public.necrotopia_modulegrade VALUES (130, 2, 'well-Crafted Airship Framework', 10, 20, 'Used in intermediate crafting projects. Replaces benefits of Basic crafting.', 49, NULL, NULL);
INSERT INTO public.necrotopia_modulegrade VALUES (131, 3, 'Superior Airship Framework', 15, 20, 'Used in complex crafting projects. Replaces benefits of Basic and Proficient crafting', 49, NULL, NULL);
INSERT INTO public.necrotopia_modulegrade VALUES (132, 1, 'Makeshift Zeppelin', 5, 20, 'No point point cost. May register zeppelin with a staff member at an event to find out what will be the majority of combat during the weekend (zombies, raiders, critters, strains)', 50, NULL, NULL);
INSERT INTO public.necrotopia_modulegrade VALUES (133, 2, 'Sturdy Zeppelin', 10, 20, 'Add 1 more year to the expiration date. Spend 5 mind to get an additional item from the basic or proficient trailblazing list. Must have the appropriate level of trailblazing. May be used once per game. Multiple zeppelins do not provide additional uses.', 50, NULL, NULL);
INSERT INTO public.necrotopia_modulegrade VALUES (134, 3, 'Reinforced Zeppelin', 15, 20, 'Add 1 More Year to Expiration Date. Spend 10 mind to get an additional item from the basic, proficient or master trailblazing list. Must have appropriate level of trailblazing. May be used once per game, in addition to the proficient level. Multiple zeppelins do not provide additional uses.', 50, NULL, NULL);
INSERT INTO public.necrotopia_modulegrade VALUES (135, 1, 'Lead Sled Raider-Ride', 5, 20, 'Requires Trailblazing skill. For no mind point cost may register Lead Sled with a staff member before the event to be featured as an extra rumor gained by those with basic social influence.', 51, NULL, NULL);
INSERT INTO public.necrotopia_modulegrade VALUES (136, 2, 'Mobile Homestead Raider-Ride', 10, 20, 'Add 1 more year to the expiration. Requires trailblazing skill. Spend 5 mind and 1 Resolve to launch an RPG and call "Area of Effect: 10 Body, self immune" Benefit does not increase even if you have more than one mobile homestead raider-ride', 51, NULL, NULL);
INSERT INTO public.necrotopia_modulegrade VALUES (137, 3, 'Road Raider Ride', 15, 20, 'add 1 more year to expiration date. Requires trailblazing skill. Spend 10 mind to destroy 1 Vehicle (Must name vehicle and owner) of another character who is in play. Must register with logistics during play. Counts as CvC action. Owner will know who destroyed their vehicle.', 51, NULL, NULL);
INSERT INTO public.necrotopia_modulegrade VALUES (138, 1, 'Makeshift Rough-Cycle', 5, 20, 'Spend 5 mind and go to public works to receive 1 randomized herb once per event. Guide may choose to give you a story in how you got it. Cannot use more than once per event even with multiple cycles', 52, NULL, NULL);
INSERT INTO public.necrotopia_modulegrade VALUES (139, 2, 'Sturdy Rough-Cycle', 10, 20, 'add 1 more year to expiration date. Spend 5 mind and visit public works to receive 1 randomized scrap once per event. Guide may choose to give you a story in how you got it. Cannot use more than once per event even with multiple cycles.', 52, NULL, NULL);
INSERT INTO public.necrotopia_modulegrade VALUES (140, 3, 'Reinforced Rough-Cycle', 15, 20, 'Add 1 more year to expiration date. Spend 10 mind and visit public works to receive 1 randomized blueprint once per event. Guide may give you a story in how you got it. Cannot use more than once per event even with multiple cycles.', 52, NULL, NULL);
INSERT INTO public.necrotopia_modulegrade VALUES (141, 1, 'Makeshift Throwing Knife', 5, 20, '5 Aberrant Bane', 53, NULL, NULL);
INSERT INTO public.necrotopia_modulegrade VALUES (142, 2, 'Sturdy Throwing Knife', 10, 20, 'Spend 5 Mind to do 10 Aberrant Bane on next attempted ranged attack.', 53, NULL, NULL);
INSERT INTO public.necrotopia_modulegrade VALUES (143, 3, 'Reinforced Throwing Knife', 15, 20, 'Spend 10 mind to do 20 Aberrant Bane on the next attempted ranged attack.', 53, NULL, NULL);
INSERT INTO public.necrotopia_modulegrade VALUES (144, 1, 'Makeshift Cutter', 5, 20, '2 damage', 54, NULL, NULL);
INSERT INTO public.necrotopia_modulegrade VALUES (145, 2, 'Sturdy Cutter', 10, 20, 'spend 5 mind to do 5 Raider Bane on the next attempted strike.', 54, NULL, NULL);
INSERT INTO public.necrotopia_modulegrade VALUES (146, 3, 'Reinforced Cutter', 15, 20, 'spend 10 mind to do 20 Raider Bane on the next attempted strike.', 54, NULL, NULL);
INSERT INTO public.necrotopia_modulegrade VALUES (147, 1, 'Makeshift Chopper', 5, 20, '2 damage', 55, NULL, NULL);
INSERT INTO public.necrotopia_modulegrade VALUES (148, 2, 'Sturdy Chopper', 10, 20, 'Spend 5 mind to do 5 damage on next attempted strike', 55, NULL, NULL);
INSERT INTO public.necrotopia_modulegrade VALUES (149, 3, 'Reinforced Chopper', 15, 20, 'spend 10 mind to do 15 damage on next attempted strike', 55, NULL, NULL);
INSERT INTO public.necrotopia_modulegrade VALUES (150, 1, 'Makeshift Throwing Star', 5, 20, '5 damage', 56, NULL, NULL);
INSERT INTO public.necrotopia_modulegrade VALUES (151, 2, 'Sturdy Throwing Star', 10, 20, 'spend 5 mind to do 10 damage on next attempted ranged strike.', 56, NULL, NULL);
INSERT INTO public.necrotopia_modulegrade VALUES (152, 3, 'Reinforced Throwing Star', 15, 20, 'spend 10 mind to do 20 damage on next attempted ranged strike.', 56, NULL, NULL);
INSERT INTO public.necrotopia_modulegrade VALUES (153, 1, 'Makeshift Tenderizer', 5, 20, '2 damage', 57, NULL, NULL);
INSERT INTO public.necrotopia_modulegrade VALUES (154, 2, 'Sturdy Tenderizer', 10, 20, 'Spend 5 mind to do 5 Undead Bane on the next attempted stirke.', 57, NULL, NULL);
INSERT INTO public.necrotopia_modulegrade VALUES (155, 3, 'Reinforced Tenderizer', 15, 20, 'Spend 10 mind to do 15 Undead Bane on the next attempted stirke.', 57, NULL, NULL);
INSERT INTO public.necrotopia_modulegrade VALUES (156, 1, 'Makeshift Tanto', 5, 20, '2 damage', 58, NULL, NULL);
INSERT INTO public.necrotopia_modulegrade VALUES (157, 2, 'Sturdy Tanto', 10, 20, 'Spend 5 mind to do 10 damage on your next attempted attack', 58, NULL, NULL);
INSERT INTO public.necrotopia_modulegrade VALUES (158, 3, 'Reinforced Tanto', 15, 20, 'Spend 10 mind to do 20 damage on the next attempted strike', 58, NULL, NULL);
INSERT INTO public.necrotopia_modulegrade VALUES (159, 1, 'Makeshift SP Gauntlets', 5, 20, '2 damage', 59, NULL, NULL);
INSERT INTO public.necrotopia_modulegrade VALUES (160, 2, 'Sturdy SP Gauntlets', 10, 20, 'Spend 5 mind to do 5 damage on the next attempted strike', 59, NULL, NULL);
INSERT INTO public.necrotopia_modulegrade VALUES (161, 3, 'Reinforced SP Gauntlets', 15, 20, 'spend 10 mind to do 15 damage on the next attempted strike', 59, NULL, NULL);
INSERT INTO public.necrotopia_modulegrade VALUES (162, 1, 'Makeshift Smashstick', 5, 20, '2 damage', 60, NULL, NULL);
INSERT INTO public.necrotopia_modulegrade VALUES (163, 2, 'Sturdy Smashstick', 10, 20, 'Spend 5 mind to do 5 damage on next attempted strike', 60, NULL, NULL);
INSERT INTO public.necrotopia_modulegrade VALUES (164, 3, 'Reinforced Smashstick', 15, 20, 'spend 10 mind to do 15 damage on next attempted strike.', 60, NULL, NULL);
INSERT INTO public.necrotopia_modulegrade VALUES (165, 0, 'Makeshift Offhand', 5, 20, '2 damage', 61, NULL, NULL);
INSERT INTO public.necrotopia_modulegrade VALUES (166, 0, 'Sturdy Offhand', 10, 20, 'Spend 5 mind to do 10 damage on the next attempted strike.', 61, NULL, NULL);
INSERT INTO public.necrotopia_modulegrade VALUES (167, 0, 'Reinforced Offhand', 15, 20, 'Spend 10 mind to do 20 damage on the next strike.', 61, NULL, NULL);
INSERT INTO public.necrotopia_modulegrade VALUES (169, 2, 'Hardened Barrier', 10, 20, 'Spend 5 mind to call "Knockback 10 paces" to an enemy in front of your shield.', 62, NULL, NULL);
INSERT INTO public.necrotopia_modulegrade VALUES (170, 3, 'Forged Barrier', 15, 20, 'Spend 15 mind to call "Area of Effect: All non-allies Knockback 5 paces"', 62, NULL, NULL);
INSERT INTO public.necrotopia_modulegrade VALUES (171, 1, 'Simple Mechanical Hull', 5, 20, 'Used in minor crafting projects.', 63, NULL, NULL);
INSERT INTO public.necrotopia_modulegrade VALUES (172, 2, 'Well-Crafted Mechanical hull', 10, 20, 'Used in intermediate crafting projects. Replaces benefits of Basic crafting.', 63, NULL, NULL);
INSERT INTO public.necrotopia_modulegrade VALUES (173, 3, 'Superior Mechanical Hull', 15, 20, 'Used in complex crafting projects. Replaces benefits of Basic and Proficient crafting', 63, NULL, NULL);
INSERT INTO public.necrotopia_modulegrade VALUES (174, 1, 'Makeshift Punchers', 5, 20, '2 damage', 64, NULL, NULL);
INSERT INTO public.necrotopia_modulegrade VALUES (175, 2, 'Sturdy Punchers', 10, 20, 'Spend 5 mind to do 5 damage next attempted strike.', 64, NULL, NULL);
INSERT INTO public.necrotopia_modulegrade VALUES (176, 3, 'Reinforced Punchers', 15, 20, 'Spend 10 mind to do 15 damage on next attempted strike.', 64, NULL, NULL);
INSERT INTO public.necrotopia_modulegrade VALUES (177, 1, 'Makeshift Electro-Welder', 5, 20, 'Expend 1 basic scrap to activate the electro-welder for 30 minutes. During this time the electro-welder works as a two-handed firearm and does 5 Raider Bane', 65, NULL, NULL);
INSERT INTO public.necrotopia_modulegrade VALUES (178, 2, 'Sturdy Electro-Welder', 10, 20, 'Expend 1 uncommon scrap and 5 mind to point to someone within 10 feet and call "Stun: No Defend."', 65, NULL, NULL);
INSERT INTO public.necrotopia_modulegrade VALUES (179, 3, 'Reinforced Electro-Welder', 15, 20, 'Expend 1 Conductive Metal and 10 mind to point at 2 targets. Spend 30 seconds of active role-play and call "Jury: Rig Repair armor for 1 hour." Armor is now fully repaired until broken again or one hour passes.', 65, NULL, NULL);
INSERT INTO public.necrotopia_modulegrade VALUES (180, 1, 'Makeshift Cleaver', 5, 20, '2 damage', 66, NULL, NULL);
INSERT INTO public.necrotopia_modulegrade VALUES (181, 2, 'Sturdy Cleaver', 10, 20, 'Spend 5 mind to do 10 damage on the next attempted strike. Within 5 minutes of first picking up a Forage card from where it was seeded, you may use this ability for only 1 mind.', 66, NULL, NULL);
INSERT INTO public.necrotopia_modulegrade VALUES (182, 3, 'Reinforced Cleaver', 15, 20, 'Spend 10 mind to do 15 damage on the next attempted strike. Within 5 minutes of first picking up a Forage card from where it was seeded you may use this ability for only 2 mind.', 66, NULL, NULL);
INSERT INTO public.necrotopia_modulegrade VALUES (183, 1, 'Patchwork Goat Gear', 5, 20, 'Provides 10 Armor Health', 67, NULL, NULL);
INSERT INTO public.necrotopia_modulegrade VALUES (184, 2, 'Hardened Goat Gear', 10, 20, 'Provides 15 armor health. Replaces benefits of basic crafting', 67, NULL, NULL);
INSERT INTO public.necrotopia_modulegrade VALUES (185, 3, 'Forged Goat Gear', 15, 20, 'Provides 20 armor health. Replaces benefits of proficient and basic crafting.', 67, NULL, NULL);
INSERT INTO public.necrotopia_modulegrade VALUES (186, 1, 'Makeshift GG Shotgun', 5, 20, '5 damage', 68, NULL, NULL);
INSERT INTO public.necrotopia_modulegrade VALUES (187, 2, 'Sturdy GG Shotgun', 10, 20, 'Spend 5 mind to do 10 Damage on the next attempted ranged attack.', 68, NULL, NULL);
INSERT INTO public.necrotopia_modulegrade VALUES (188, 3, 'Reinforced GG Shotgun', 15, 20, 'Spend 10 mind to do 20 damage on the next attempted ranged attack.', 68, NULL, NULL);
INSERT INTO public.necrotopia_modulegrade VALUES (189, 1, 'Patchwork Guard', 5, 20, 'Blocks melee, brawling, bow and thrown weapons', 69, NULL, NULL);
INSERT INTO public.necrotopia_modulegrade VALUES (190, 2, 'Hardened Guard', 10, 20, 'Spend 5 mind to give a target immunity to Fear for 1 minute', 69, NULL, NULL);
INSERT INTO public.necrotopia_modulegrade VALUES (191, 3, 'Forged Guard', 15, 20, 'Spend 10 Mind to hit your shield to negate the Stun effect on a single target. Does not work on self.', 69, NULL, NULL);
INSERT INTO public.necrotopia_modulegrade VALUES (192, 1, 'Makeshift Flame Belcher', 5, 20, 'Expend 1 Hooch (Any) to activate the Flame Belcher for 30 minutes. During this time the flame belcher works as a firearm and does 5 Body Damage', 70, NULL, NULL);
INSERT INTO public.necrotopia_modulegrade VALUES (193, 2, 'Sturdy Flame Belcher', 10, 20, 'Spend 5 mind and Expend 1 Hooch (Proficient or Higher). To activate the flame belcher for the next 18 shots (3 reloads). During this time the flame belcher acts as a firearm and does 5 Horde Bane', 70, NULL, NULL);
INSERT INTO public.necrotopia_modulegrade VALUES (194, 3, 'Reinforced Flame Belcher', 15, 20, 'Spend 10 Mind and expend 1 Master Hooch to activate the flame belcher for the next 12 shots (2 reloads) during this time the flame belcher works as a firearm and does 10 Horde Bane', 70, NULL, NULL);


--
-- TOC entry 3840 (class 0 OID 37335)
-- Dependencies: 257
-- Data for Name: necrotopia_modulegraderesource; Type: TABLE DATA; Schema: public; Owner: doadmin
--

INSERT INTO public.necrotopia_modulegraderesource VALUES (1, 10, 1, 4);
INSERT INTO public.necrotopia_modulegraderesource VALUES (2, 3, 2, 23);
INSERT INTO public.necrotopia_modulegraderesource VALUES (3, 3, 3, 24);
INSERT INTO public.necrotopia_modulegraderesource VALUES (4, 1, 4, 23);
INSERT INTO public.necrotopia_modulegraderesource VALUES (5, 1, 4, 24);
INSERT INTO public.necrotopia_modulegraderesource VALUES (6, 3, 4, 25);
INSERT INTO public.necrotopia_modulegraderesource VALUES (7, 2, 5, 23);
INSERT INTO public.necrotopia_modulegraderesource VALUES (8, 2, 6, 24);
INSERT INTO public.necrotopia_modulegraderesource VALUES (9, 1, 7, 23);
INSERT INTO public.necrotopia_modulegraderesource VALUES (10, 1, 7, 24);
INSERT INTO public.necrotopia_modulegraderesource VALUES (11, 2, 7, 25);
INSERT INTO public.necrotopia_modulegraderesource VALUES (12, 5, 8, 4);
INSERT INTO public.necrotopia_modulegraderesource VALUES (13, 1, 8, 15);
INSERT INTO public.necrotopia_modulegraderesource VALUES (14, 5, 9, 5);
INSERT INTO public.necrotopia_modulegraderesource VALUES (15, 1, 9, 20);
INSERT INTO public.necrotopia_modulegraderesource VALUES (16, 5, 10, 6);
INSERT INTO public.necrotopia_modulegraderesource VALUES (17, 1, 10, 7);
INSERT INTO public.necrotopia_modulegraderesource VALUES (18, 10, 11, 4);
INSERT INTO public.necrotopia_modulegraderesource VALUES (19, 3, 11, 13);
INSERT INTO public.necrotopia_modulegraderesource VALUES (20, 10, 12, 5);
INSERT INTO public.necrotopia_modulegraderesource VALUES (21, 3, 12, 15);
INSERT INTO public.necrotopia_modulegraderesource VALUES (22, 10, 13, 6);
INSERT INTO public.necrotopia_modulegraderesource VALUES (23, 3, 13, 18);
INSERT INTO public.necrotopia_modulegraderesource VALUES (24, 3, 15, 18);
INSERT INTO public.necrotopia_modulegraderesource VALUES (25, 1, 15, 7);
INSERT INTO public.necrotopia_modulegraderesource VALUES (26, 1, 15, 9);
INSERT INTO public.necrotopia_modulegraderesource VALUES (27, 2, 16, 18);
INSERT INTO public.necrotopia_modulegraderesource VALUES (28, 1, 16, 7);
INSERT INTO public.necrotopia_modulegraderesource VALUES (29, 1, 16, 9);
INSERT INTO public.necrotopia_modulegraderesource VALUES (30, 2, 17, 18);
INSERT INTO public.necrotopia_modulegraderesource VALUES (31, 1, 17, 7);
INSERT INTO public.necrotopia_modulegraderesource VALUES (32, 1, 17, 9);
INSERT INTO public.necrotopia_modulegraderesource VALUES (35, 10, 19, 4);
INSERT INTO public.necrotopia_modulegraderesource VALUES (36, 1, 19, 17);
INSERT INTO public.necrotopia_modulegraderesource VALUES (37, 10, 20, 5);
INSERT INTO public.necrotopia_modulegraderesource VALUES (38, 1, 20, 15);
INSERT INTO public.necrotopia_modulegraderesource VALUES (39, 10, 21, 6);
INSERT INTO public.necrotopia_modulegraderesource VALUES (40, 10, 14, 4);
INSERT INTO public.necrotopia_modulegraderesource VALUES (41, 1, 14, 12);
INSERT INTO public.necrotopia_modulegraderesource VALUES (42, 7, 22, 4);
INSERT INTO public.necrotopia_modulegraderesource VALUES (43, 4, 23, 5);
INSERT INTO public.necrotopia_modulegraderesource VALUES (44, 2, 23, 9);
INSERT INTO public.necrotopia_modulegraderesource VALUES (45, 4, 24, 6);
INSERT INTO public.necrotopia_modulegraderesource VALUES (46, 2, 24, 18);
INSERT INTO public.necrotopia_modulegraderesource VALUES (47, 7, 25, 4);
INSERT INTO public.necrotopia_modulegraderesource VALUES (48, 2, 25, 15);
INSERT INTO public.necrotopia_modulegraderesource VALUES (49, 7, 26, 5);
INSERT INTO public.necrotopia_modulegraderesource VALUES (50, 2, 26, 21);
INSERT INTO public.necrotopia_modulegraderesource VALUES (51, 7, 27, 6);
INSERT INTO public.necrotopia_modulegraderesource VALUES (52, 2, 27, 20);
INSERT INTO public.necrotopia_modulegraderesource VALUES (53, 2, 28, 1);
INSERT INTO public.necrotopia_modulegraderesource VALUES (54, 2, 29, 2);
INSERT INTO public.necrotopia_modulegraderesource VALUES (55, 3, 30, 3);
INSERT INTO public.necrotopia_modulegraderesource VALUES (56, 3, 31, 9);
INSERT INTO public.necrotopia_modulegraderesource VALUES (57, 1, 31, 18);
INSERT INTO public.necrotopia_modulegraderesource VALUES (58, 1, 31, 21);
INSERT INTO public.necrotopia_modulegraderesource VALUES (59, 2, 32, 9);
INSERT INTO public.necrotopia_modulegraderesource VALUES (60, 1, 32, 18);
INSERT INTO public.necrotopia_modulegraderesource VALUES (61, 1, 32, 21);
INSERT INTO public.necrotopia_modulegraderesource VALUES (62, 2, 33, 9);
INSERT INTO public.necrotopia_modulegraderesource VALUES (63, 1, 33, 18);
INSERT INTO public.necrotopia_modulegraderesource VALUES (64, 1, 33, 21);
INSERT INTO public.necrotopia_modulegraderesource VALUES (65, 2, 34, 68);
INSERT INTO public.necrotopia_modulegraderesource VALUES (66, 2, 35, 61);
INSERT INTO public.necrotopia_modulegraderesource VALUES (67, 2, 36, 17);
INSERT INTO public.necrotopia_modulegraderesource VALUES (68, 5, 37, 4);
INSERT INTO public.necrotopia_modulegraderesource VALUES (69, 3, 38, 5);
INSERT INTO public.necrotopia_modulegraderesource VALUES (70, 3, 39, 6);
INSERT INTO public.necrotopia_modulegraderesource VALUES (71, 5, 40, 4);
INSERT INTO public.necrotopia_modulegraderesource VALUES (72, 1, 40, 17);
INSERT INTO public.necrotopia_modulegraderesource VALUES (73, 3, 41, 5);
INSERT INTO public.necrotopia_modulegraderesource VALUES (74, 1, 41, 17);
INSERT INTO public.necrotopia_modulegraderesource VALUES (75, 3, 42, 6);
INSERT INTO public.necrotopia_modulegraderesource VALUES (76, 1, 42, 17);
INSERT INTO public.necrotopia_modulegraderesource VALUES (77, 5, 43, 4);
INSERT INTO public.necrotopia_modulegraderesource VALUES (78, 2, 43, 18);
INSERT INTO public.necrotopia_modulegraderesource VALUES (79, 3, 44, 5);
INSERT INTO public.necrotopia_modulegraderesource VALUES (80, 2, 44, 21);
INSERT INTO public.necrotopia_modulegraderesource VALUES (81, 3, 45, 6);
INSERT INTO public.necrotopia_modulegraderesource VALUES (82, 1, 45, 18);
INSERT INTO public.necrotopia_modulegraderesource VALUES (83, 1, 45, 21);
INSERT INTO public.necrotopia_modulegraderesource VALUES (84, 5, 46, 4);
INSERT INTO public.necrotopia_modulegraderesource VALUES (85, 3, 47, 5);
INSERT INTO public.necrotopia_modulegraderesource VALUES (86, 3, 48, 6);
INSERT INTO public.necrotopia_modulegraderesource VALUES (87, 5, 49, 4);
INSERT INTO public.necrotopia_modulegraderesource VALUES (88, 3, 50, 5);
INSERT INTO public.necrotopia_modulegraderesource VALUES (89, 3, 51, 6);
INSERT INTO public.necrotopia_modulegraderesource VALUES (90, 5, 52, 4);
INSERT INTO public.necrotopia_modulegraderesource VALUES (91, 1, 52, 16);
INSERT INTO public.necrotopia_modulegraderesource VALUES (92, 5, 53, 5);
INSERT INTO public.necrotopia_modulegraderesource VALUES (93, 1, 53, 21);
INSERT INTO public.necrotopia_modulegraderesource VALUES (94, 5, 54, 6);
INSERT INTO public.necrotopia_modulegraderesource VALUES (95, 1, 54, 10);
INSERT INTO public.necrotopia_modulegraderesource VALUES (96, 5, 55, 4);
INSERT INTO public.necrotopia_modulegraderesource VALUES (97, 1, 55, 18);
INSERT INTO public.necrotopia_modulegraderesource VALUES (98, 5, 56, 5);
INSERT INTO public.necrotopia_modulegraderesource VALUES (99, 1, 56, 19);
INSERT INTO public.necrotopia_modulegraderesource VALUES (100, 5, 57, 6);
INSERT INTO public.necrotopia_modulegraderesource VALUES (101, 1, 57, 17);
INSERT INTO public.necrotopia_modulegraderesource VALUES (102, 2, 58, 4);
INSERT INTO public.necrotopia_modulegraderesource VALUES (103, 1, 58, 8);
INSERT INTO public.necrotopia_modulegraderesource VALUES (104, 2, 59, 5);
INSERT INTO public.necrotopia_modulegraderesource VALUES (105, 2, 60, 6);
INSERT INTO public.necrotopia_modulegraderesource VALUES (106, 5, 61, 4);
INSERT INTO public.necrotopia_modulegraderesource VALUES (107, 1, 61, 7);
INSERT INTO public.necrotopia_modulegraderesource VALUES (108, 3, 62, 5);
INSERT INTO public.necrotopia_modulegraderesource VALUES (109, 1, 62, 7);
INSERT INTO public.necrotopia_modulegraderesource VALUES (110, 3, 63, 6);
INSERT INTO public.necrotopia_modulegraderesource VALUES (111, 1, 63, 7);
INSERT INTO public.necrotopia_modulegraderesource VALUES (112, 3, 64, 5);
INSERT INTO public.necrotopia_modulegraderesource VALUES (113, 2, 64, 21);
INSERT INTO public.necrotopia_modulegraderesource VALUES (114, 3, 65, 5);
INSERT INTO public.necrotopia_modulegraderesource VALUES (115, 4, 65, 20);
INSERT INTO public.necrotopia_modulegraderesource VALUES (116, 2, 66, 4);
INSERT INTO public.necrotopia_modulegraderesource VALUES (117, 2, 66, 12);
INSERT INTO public.necrotopia_modulegraderesource VALUES (118, 2, 66, 18);
INSERT INTO public.necrotopia_modulegraderesource VALUES (119, 2, 67, 5);
INSERT INTO public.necrotopia_modulegraderesource VALUES (120, 2, 67, 12);
INSERT INTO public.necrotopia_modulegraderesource VALUES (121, 2, 67, 18);
INSERT INTO public.necrotopia_modulegraderesource VALUES (122, 2, 68, 6);
INSERT INTO public.necrotopia_modulegraderesource VALUES (123, 1, 68, 12);
INSERT INTO public.necrotopia_modulegraderesource VALUES (124, 2, 68, 18);
INSERT INTO public.necrotopia_modulegraderesource VALUES (125, 1, 69, 1);
INSERT INTO public.necrotopia_modulegraderesource VALUES (126, 1, 70, 1);
INSERT INTO public.necrotopia_modulegraderesource VALUES (127, 1, 71, 1);
INSERT INTO public.necrotopia_modulegraderesource VALUES (128, 1, 71, 24);
INSERT INTO public.necrotopia_modulegraderesource VALUES (129, 5, 72, 4);
INSERT INTO public.necrotopia_modulegraderesource VALUES (130, 2, 72, 18);
INSERT INTO public.necrotopia_modulegraderesource VALUES (131, 5, 73, 5);
INSERT INTO public.necrotopia_modulegraderesource VALUES (132, 2, 73, 7);
INSERT INTO public.necrotopia_modulegraderesource VALUES (133, 5, 74, 6);
INSERT INTO public.necrotopia_modulegraderesource VALUES (134, 2, 74, 8);
INSERT INTO public.necrotopia_modulegraderesource VALUES (135, 5, 75, 4);
INSERT INTO public.necrotopia_modulegraderesource VALUES (136, 3, 75, 18);
INSERT INTO public.necrotopia_modulegraderesource VALUES (137, 5, 76, 5);
INSERT INTO public.necrotopia_modulegraderesource VALUES (138, 3, 76, 21);
INSERT INTO public.necrotopia_modulegraderesource VALUES (139, 5, 77, 6);
INSERT INTO public.necrotopia_modulegraderesource VALUES (140, 3, 77, 9);
INSERT INTO public.necrotopia_modulegraderesource VALUES (141, 3, 78, 4);
INSERT INTO public.necrotopia_modulegraderesource VALUES (142, 2, 78, 18);
INSERT INTO public.necrotopia_modulegraderesource VALUES (143, 1, 78, 20);
INSERT INTO public.necrotopia_modulegraderesource VALUES (144, 5, 79, 4);
INSERT INTO public.necrotopia_modulegraderesource VALUES (145, 2, 79, 1);
INSERT INTO public.necrotopia_modulegraderesource VALUES (146, 3, 80, 5);
INSERT INTO public.necrotopia_modulegraderesource VALUES (147, 2, 80, 1);
INSERT INTO public.necrotopia_modulegraderesource VALUES (148, 3, 81, 6);
INSERT INTO public.necrotopia_modulegraderesource VALUES (149, 2, 81, 1);
INSERT INTO public.necrotopia_modulegraderesource VALUES (150, 7, 82, 4);
INSERT INTO public.necrotopia_modulegraderesource VALUES (151, 4, 83, 5);
INSERT INTO public.necrotopia_modulegraderesource VALUES (152, 2, 83, 8);
INSERT INTO public.necrotopia_modulegraderesource VALUES (153, 4, 84, 6);
INSERT INTO public.necrotopia_modulegraderesource VALUES (154, 2, 84, 21);
INSERT INTO public.necrotopia_modulegraderesource VALUES (155, 2, 85, 4);
INSERT INTO public.necrotopia_modulegraderesource VALUES (156, 1, 85, 9);
INSERT INTO public.necrotopia_modulegraderesource VALUES (157, 2, 86, 5);
INSERT INTO public.necrotopia_modulegraderesource VALUES (158, 2, 87, 6);
INSERT INTO public.necrotopia_modulegraderesource VALUES (159, 2, 88, 73);
INSERT INTO public.necrotopia_modulegraderesource VALUES (160, 2, 88, 4);
INSERT INTO public.necrotopia_modulegraderesource VALUES (161, 2, 89, 73);
INSERT INTO public.necrotopia_modulegraderesource VALUES (162, 2, 89, 5);
INSERT INTO public.necrotopia_modulegraderesource VALUES (163, 2, 90, 73);
INSERT INTO public.necrotopia_modulegraderesource VALUES (164, 2, 90, 6);
INSERT INTO public.necrotopia_modulegraderesource VALUES (165, 2, 91, 4);
INSERT INTO public.necrotopia_modulegraderesource VALUES (166, 2, 92, 5);
INSERT INTO public.necrotopia_modulegraderesource VALUES (167, 2, 93, 6);
INSERT INTO public.necrotopia_modulegraderesource VALUES (168, 3, 94, 4);
INSERT INTO public.necrotopia_modulegraderesource VALUES (169, 3, 95, 5);
INSERT INTO public.necrotopia_modulegraderesource VALUES (170, 3, 96, 6);
INSERT INTO public.necrotopia_modulegraderesource VALUES (171, 7, 97, 4);
INSERT INTO public.necrotopia_modulegraderesource VALUES (172, 0, 97, NULL);
INSERT INTO public.necrotopia_modulegraderesource VALUES (173, 4, 98, 5);
INSERT INTO public.necrotopia_modulegraderesource VALUES (174, 2, 98, 18);
INSERT INTO public.necrotopia_modulegraderesource VALUES (175, 4, 99, 6);
INSERT INTO public.necrotopia_modulegraderesource VALUES (176, 2, 99, 22);
INSERT INTO public.necrotopia_modulegraderesource VALUES (177, 3, 100, 19);
INSERT INTO public.necrotopia_modulegraderesource VALUES (178, 2, 100, 20);
INSERT INTO public.necrotopia_modulegraderesource VALUES (179, 1, 100, 11);
INSERT INTO public.necrotopia_modulegraderesource VALUES (180, 2, 101, 19);
INSERT INTO public.necrotopia_modulegraderesource VALUES (181, 2, 101, 11);
INSERT INTO public.necrotopia_modulegraderesource VALUES (182, 2, 102, 19);
INSERT INTO public.necrotopia_modulegraderesource VALUES (183, 2, 102, 11);
INSERT INTO public.necrotopia_modulegraderesource VALUES (184, 5, 103, 4);
INSERT INTO public.necrotopia_modulegraderesource VALUES (185, 2, 103, 10);
INSERT INTO public.necrotopia_modulegraderesource VALUES (186, 5, 104, 4);
INSERT INTO public.necrotopia_modulegraderesource VALUES (187, 1, 104, 13);
INSERT INTO public.necrotopia_modulegraderesource VALUES (188, 5, 105, 5);
INSERT INTO public.necrotopia_modulegraderesource VALUES (189, 5, 106, 6);
INSERT INTO public.necrotopia_modulegraderesource VALUES (190, 5, 107, 4);
INSERT INTO public.necrotopia_modulegraderesource VALUES (191, 3, 108, 5);
INSERT INTO public.necrotopia_modulegraderesource VALUES (192, 3, 109, 6);
INSERT INTO public.necrotopia_modulegraderesource VALUES (193, 5, 110, 4);
INSERT INTO public.necrotopia_modulegraderesource VALUES (194, 2, 110, 9);
INSERT INTO public.necrotopia_modulegraderesource VALUES (195, 5, 111, 5);
INSERT INTO public.necrotopia_modulegraderesource VALUES (196, 2, 111, 21);
INSERT INTO public.necrotopia_modulegraderesource VALUES (197, 5, 112, 6);
INSERT INTO public.necrotopia_modulegraderesource VALUES (198, 2, 112, 22);
INSERT INTO public.necrotopia_modulegraderesource VALUES (199, 5, 113, 4);
INSERT INTO public.necrotopia_modulegraderesource VALUES (200, 1, 113, 13);
INSERT INTO public.necrotopia_modulegraderesource VALUES (201, 5, 114, 5);
INSERT INTO public.necrotopia_modulegraderesource VALUES (202, 5, 115, 6);
INSERT INTO public.necrotopia_modulegraderesource VALUES (203, 3, 116, 9);
INSERT INTO public.necrotopia_modulegraderesource VALUES (204, 2, 116, 12);
INSERT INTO public.necrotopia_modulegraderesource VALUES (205, 2, 117, 7);
INSERT INTO public.necrotopia_modulegraderesource VALUES (206, 1, 117, 9);
INSERT INTO public.necrotopia_modulegraderesource VALUES (207, 1, 117, 11);
INSERT INTO public.necrotopia_modulegraderesource VALUES (208, 2, 118, 7);
INSERT INTO public.necrotopia_modulegraderesource VALUES (209, 1, 118, 9);
INSERT INTO public.necrotopia_modulegraderesource VALUES (210, 1, 118, 11);
INSERT INTO public.necrotopia_modulegraderesource VALUES (211, 3, 119, 6);
INSERT INTO public.necrotopia_modulegraderesource VALUES (212, 3, 119, 7);
INSERT INTO public.necrotopia_modulegraderesource VALUES (213, 1, 119, 22);
INSERT INTO public.necrotopia_modulegraderesource VALUES (214, 2, 119, 12);
INSERT INTO public.necrotopia_modulegraderesource VALUES (215, 2, 119, 19);
INSERT INTO public.necrotopia_modulegraderesource VALUES (216, 3, 120, 12);
INSERT INTO public.necrotopia_modulegraderesource VALUES (217, 1, 120, 16);
INSERT INTO public.necrotopia_modulegraderesource VALUES (218, 1, 120, 71);
INSERT INTO public.necrotopia_modulegraderesource VALUES (219, 2, 121, 12);
INSERT INTO public.necrotopia_modulegraderesource VALUES (220, 1, 121, 16);
INSERT INTO public.necrotopia_modulegraderesource VALUES (221, 1, 121, 71);
INSERT INTO public.necrotopia_modulegraderesource VALUES (222, 2, 122, 12);
INSERT INTO public.necrotopia_modulegraderesource VALUES (223, 1, 122, 16);
INSERT INTO public.necrotopia_modulegraderesource VALUES (224, 1, 122, 71);
INSERT INTO public.necrotopia_modulegraderesource VALUES (225, 10, 123, 4);
INSERT INTO public.necrotopia_modulegraderesource VALUES (226, 3, 123, 13);
INSERT INTO public.necrotopia_modulegraderesource VALUES (227, 10, 124, 5);
INSERT INTO public.necrotopia_modulegraderesource VALUES (228, 3, 124, 15);
INSERT INTO public.necrotopia_modulegraderesource VALUES (229, 10, 125, 6);
INSERT INTO public.necrotopia_modulegraderesource VALUES (230, 3, 125, 20);
INSERT INTO public.necrotopia_modulegraderesource VALUES (231, 3, 126, 7);
INSERT INTO public.necrotopia_modulegraderesource VALUES (232, 2, 126, 18);
INSERT INTO public.necrotopia_modulegraderesource VALUES (233, 2, 126, 22);
INSERT INTO public.necrotopia_modulegraderesource VALUES (234, 1, 127, 7);
INSERT INTO public.necrotopia_modulegraderesource VALUES (235, 1, 127, 18);
INSERT INTO public.necrotopia_modulegraderesource VALUES (236, 1, 127, 22);
INSERT INTO public.necrotopia_modulegraderesource VALUES (237, 1, 128, 7);
INSERT INTO public.necrotopia_modulegraderesource VALUES (238, 1, 128, 18);
INSERT INTO public.necrotopia_modulegraderesource VALUES (239, 1, 128, 22);
INSERT INTO public.necrotopia_modulegraderesource VALUES (240, 3, 129, 20);
INSERT INTO public.necrotopia_modulegraderesource VALUES (241, 2, 129, 7);
INSERT INTO public.necrotopia_modulegraderesource VALUES (242, 2, 129, 22);
INSERT INTO public.necrotopia_modulegraderesource VALUES (243, 1, 130, 20);
INSERT INTO public.necrotopia_modulegraderesource VALUES (244, 1, 130, 7);
INSERT INTO public.necrotopia_modulegraderesource VALUES (245, 2, 130, 22);
INSERT INTO public.necrotopia_modulegraderesource VALUES (246, 1, 131, 20);
INSERT INTO public.necrotopia_modulegraderesource VALUES (247, 2, 131, 7);
INSERT INTO public.necrotopia_modulegraderesource VALUES (248, 2, 131, 22);
INSERT INTO public.necrotopia_modulegraderesource VALUES (249, 5, 132, 4);
INSERT INTO public.necrotopia_modulegraderesource VALUES (250, 5, 133, 5);
INSERT INTO public.necrotopia_modulegraderesource VALUES (251, 5, 134, 6);
INSERT INTO public.necrotopia_modulegraderesource VALUES (252, 5, 135, 4);
INSERT INTO public.necrotopia_modulegraderesource VALUES (253, 5, 136, 5);
INSERT INTO public.necrotopia_modulegraderesource VALUES (254, 5, 137, 6);
INSERT INTO public.necrotopia_modulegraderesource VALUES (255, 5, 138, 4);
INSERT INTO public.necrotopia_modulegraderesource VALUES (256, 5, 139, 5);
INSERT INTO public.necrotopia_modulegraderesource VALUES (257, 5, 140, 6);
INSERT INTO public.necrotopia_modulegraderesource VALUES (258, 5, 141, 4);
INSERT INTO public.necrotopia_modulegraderesource VALUES (259, 1, 141, 11);
INSERT INTO public.necrotopia_modulegraderesource VALUES (260, 5, 142, 5);
INSERT INTO public.necrotopia_modulegraderesource VALUES (261, 1, 142, 20);
INSERT INTO public.necrotopia_modulegraderesource VALUES (262, 5, 143, 6);
INSERT INTO public.necrotopia_modulegraderesource VALUES (263, 1, 143, 19);
INSERT INTO public.necrotopia_modulegraderesource VALUES (264, 3, 144, 4);
INSERT INTO public.necrotopia_modulegraderesource VALUES (265, 2, 144, 8);
INSERT INTO public.necrotopia_modulegraderesource VALUES (266, 3, 145, 5);
INSERT INTO public.necrotopia_modulegraderesource VALUES (267, 2, 145, 11);
INSERT INTO public.necrotopia_modulegraderesource VALUES (268, 3, 146, 6);
INSERT INTO public.necrotopia_modulegraderesource VALUES (269, 2, 146, 19);
INSERT INTO public.necrotopia_modulegraderesource VALUES (270, 5, 147, 4);
INSERT INTO public.necrotopia_modulegraderesource VALUES (271, 2, 147, 7);
INSERT INTO public.necrotopia_modulegraderesource VALUES (272, 5, 148, 5);
INSERT INTO public.necrotopia_modulegraderesource VALUES (273, 2, 148, 11);
INSERT INTO public.necrotopia_modulegraderesource VALUES (274, 5, 149, 6);
INSERT INTO public.necrotopia_modulegraderesource VALUES (275, 2, 149, 19);
INSERT INTO public.necrotopia_modulegraderesource VALUES (276, 5, 150, 4);
INSERT INTO public.necrotopia_modulegraderesource VALUES (277, 1, 150, 17);
INSERT INTO public.necrotopia_modulegraderesource VALUES (278, 5, 151, 5);
INSERT INTO public.necrotopia_modulegraderesource VALUES (279, 1, 151, 10);
INSERT INTO public.necrotopia_modulegraderesource VALUES (280, 5, 152, 6);
INSERT INTO public.necrotopia_modulegraderesource VALUES (281, 1, 152, 22);
INSERT INTO public.necrotopia_modulegraderesource VALUES (282, 7, 153, 4);
INSERT INTO public.necrotopia_modulegraderesource VALUES (283, 2, 153, 8);
INSERT INTO public.necrotopia_modulegraderesource VALUES (284, 7, 154, 5);
INSERT INTO public.necrotopia_modulegraderesource VALUES (285, 2, 154, 22);
INSERT INTO public.necrotopia_modulegraderesource VALUES (286, 7, 155, 6);
INSERT INTO public.necrotopia_modulegraderesource VALUES (287, 2, 155, 10);
INSERT INTO public.necrotopia_modulegraderesource VALUES (288, 5, 156, 4);
INSERT INTO public.necrotopia_modulegraderesource VALUES (289, 1, 156, 8);
INSERT INTO public.necrotopia_modulegraderesource VALUES (290, 5, 157, 5);
INSERT INTO public.necrotopia_modulegraderesource VALUES (291, 1, 157, 20);
INSERT INTO public.necrotopia_modulegraderesource VALUES (292, 5, 158, 6);
INSERT INTO public.necrotopia_modulegraderesource VALUES (293, 1, 158, 10);
INSERT INTO public.necrotopia_modulegraderesource VALUES (294, 5, 159, 4);
INSERT INTO public.necrotopia_modulegraderesource VALUES (295, 1, 159, 16);
INSERT INTO public.necrotopia_modulegraderesource VALUES (296, 5, 160, 5);
INSERT INTO public.necrotopia_modulegraderesource VALUES (297, 1, 160, 1);
INSERT INTO public.necrotopia_modulegraderesource VALUES (298, 5, 161, 6);
INSERT INTO public.necrotopia_modulegraderesource VALUES (299, 1, 161, 7);
INSERT INTO public.necrotopia_modulegraderesource VALUES (300, 7, 162, 4);
INSERT INTO public.necrotopia_modulegraderesource VALUES (301, 2, 162, 15);
INSERT INTO public.necrotopia_modulegraderesource VALUES (302, 7, 163, 5);
INSERT INTO public.necrotopia_modulegraderesource VALUES (303, 2, 163, 11);
INSERT INTO public.necrotopia_modulegraderesource VALUES (304, 7, 164, 6);
INSERT INTO public.necrotopia_modulegraderesource VALUES (305, 2, 164, 20);
INSERT INTO public.necrotopia_modulegraderesource VALUES (306, 5, 165, 4);
INSERT INTO public.necrotopia_modulegraderesource VALUES (307, 5, 166, 5);
INSERT INTO public.necrotopia_modulegraderesource VALUES (308, 1, 166, 20);
INSERT INTO public.necrotopia_modulegraderesource VALUES (309, 5, 167, 6);
INSERT INTO public.necrotopia_modulegraderesource VALUES (310, 1, 167, 11);
INSERT INTO public.necrotopia_modulegraderesource VALUES (311, 5, 168, 4);
INSERT INTO public.necrotopia_modulegraderesource VALUES (312, 2, 168, 16);
INSERT INTO public.necrotopia_modulegraderesource VALUES (313, 5, 169, 5);
INSERT INTO public.necrotopia_modulegraderesource VALUES (314, 2, 169, 20);
INSERT INTO public.necrotopia_modulegraderesource VALUES (315, 5, 170, 6);
INSERT INTO public.necrotopia_modulegraderesource VALUES (316, 2, 170, 11);
INSERT INTO public.necrotopia_modulegraderesource VALUES (317, 3, 171, 15);
INSERT INTO public.necrotopia_modulegraderesource VALUES (318, 2, 171, 18);
INSERT INTO public.necrotopia_modulegraderesource VALUES (319, 2, 171, 22);
INSERT INTO public.necrotopia_modulegraderesource VALUES (320, 1, 172, 15);
INSERT INTO public.necrotopia_modulegraderesource VALUES (321, 1, 172, 18);
INSERT INTO public.necrotopia_modulegraderesource VALUES (322, 1, 172, 22);
INSERT INTO public.necrotopia_modulegraderesource VALUES (323, 1, 173, 15);
INSERT INTO public.necrotopia_modulegraderesource VALUES (324, 1, 173, 18);
INSERT INTO public.necrotopia_modulegraderesource VALUES (325, 1, 173, 22);
INSERT INTO public.necrotopia_modulegraderesource VALUES (326, 5, 174, 4);
INSERT INTO public.necrotopia_modulegraderesource VALUES (327, 1, 174, 16);
INSERT INTO public.necrotopia_modulegraderesource VALUES (328, 5, 175, 5);
INSERT INTO public.necrotopia_modulegraderesource VALUES (329, 1, 175, 13);
INSERT INTO public.necrotopia_modulegraderesource VALUES (330, 5, 176, 6);
INSERT INTO public.necrotopia_modulegraderesource VALUES (331, 2, 176, 21);
INSERT INTO public.necrotopia_modulegraderesource VALUES (332, 7, 177, 4);
INSERT INTO public.necrotopia_modulegraderesource VALUES (333, 1, 177, 22);
INSERT INTO public.necrotopia_modulegraderesource VALUES (334, 4, 178, 5);
INSERT INTO public.necrotopia_modulegraderesource VALUES (335, 2, 178, 8);
INSERT INTO public.necrotopia_modulegraderesource VALUES (336, 4, 179, 6);
INSERT INTO public.necrotopia_modulegraderesource VALUES (337, 2, 179, 20);
INSERT INTO public.necrotopia_modulegraderesource VALUES (338, 3, 180, 4);
INSERT INTO public.necrotopia_modulegraderesource VALUES (339, 2, 180, 15);
INSERT INTO public.necrotopia_modulegraderesource VALUES (340, 3, 181, 5);
INSERT INTO public.necrotopia_modulegraderesource VALUES (341, 2, 181, 10);
INSERT INTO public.necrotopia_modulegraderesource VALUES (342, 3, 182, 6);
INSERT INTO public.necrotopia_modulegraderesource VALUES (343, 2, 182, 19);
INSERT INTO public.necrotopia_modulegraderesource VALUES (344, 10, 183, 4);
INSERT INTO public.necrotopia_modulegraderesource VALUES (345, 2, 183, 19);
INSERT INTO public.necrotopia_modulegraderesource VALUES (346, 10, 184, 5);
INSERT INTO public.necrotopia_modulegraderesource VALUES (347, 2, 184, 11);
INSERT INTO public.necrotopia_modulegraderesource VALUES (348, 10, 185, 6);
INSERT INTO public.necrotopia_modulegraderesource VALUES (349, 2, 185, 7);
INSERT INTO public.necrotopia_modulegraderesource VALUES (350, 5, 186, 4);
INSERT INTO public.necrotopia_modulegraderesource VALUES (351, 2, 186, 9);
INSERT INTO public.necrotopia_modulegraderesource VALUES (352, 5, 187, 5);
INSERT INTO public.necrotopia_modulegraderesource VALUES (353, 2, 187, 18);
INSERT INTO public.necrotopia_modulegraderesource VALUES (354, 5, 188, 6);
INSERT INTO public.necrotopia_modulegraderesource VALUES (355, 2, 188, 19);
INSERT INTO public.necrotopia_modulegraderesource VALUES (356, 5, 189, 4);
INSERT INTO public.necrotopia_modulegraderesource VALUES (357, 2, 189, 16);
INSERT INTO public.necrotopia_modulegraderesource VALUES (358, 5, 190, 5);
INSERT INTO public.necrotopia_modulegraderesource VALUES (359, 2, 190, 11);
INSERT INTO public.necrotopia_modulegraderesource VALUES (360, 5, 191, 6);
INSERT INTO public.necrotopia_modulegraderesource VALUES (361, 2, 191, 9);
INSERT INTO public.necrotopia_modulegraderesource VALUES (362, 7, 192, 4);
INSERT INTO public.necrotopia_modulegraderesource VALUES (363, 4, 193, 5);
INSERT INTO public.necrotopia_modulegraderesource VALUES (364, 2, 193, 21);
INSERT INTO public.necrotopia_modulegraderesource VALUES (365, 4, 194, 6);
INSERT INTO public.necrotopia_modulegraderesource VALUES (366, 2, 194, 12);


--
-- TOC entry 3842 (class 0 OID 37339)
-- Dependencies: 259
-- Data for Name: necrotopia_modulegradesubassembly; Type: TABLE DATA; Schema: public; Owner: doadmin
--

INSERT INTO public.necrotopia_modulegradesubassembly VALUES (2, 1, 1, 10, 19);
INSERT INTO public.necrotopia_modulegradesubassembly VALUES (3, 1, 2, 10, 20);
INSERT INTO public.necrotopia_modulegradesubassembly VALUES (4, 1, 3, 11, 21);
INSERT INTO public.necrotopia_modulegradesubassembly VALUES (5, 1, 3, 10, 21);
INSERT INTO public.necrotopia_modulegradesubassembly VALUES (6, 1, 1, 7, 14);
INSERT INTO public.necrotopia_modulegradesubassembly VALUES (7, 1, 1, 12, 22);
INSERT INTO public.necrotopia_modulegradesubassembly VALUES (8, 1, 1, 12, 32);
INSERT INTO public.necrotopia_modulegradesubassembly VALUES (9, 1, 2, 12, 33);
INSERT INTO public.necrotopia_modulegradesubassembly VALUES (11, 1, 1, 10, 29);
INSERT INTO public.necrotopia_modulegradesubassembly VALUES (12, 1, 2, 10, 30);
INSERT INTO public.necrotopia_modulegradesubassembly VALUES (13, 1, 1, 4, 9);
INSERT INTO public.necrotopia_modulegradesubassembly VALUES (14, 1, 2, 4, 10);
INSERT INTO public.necrotopia_modulegradesubassembly VALUES (15, 1, 1, 13, 23);
INSERT INTO public.necrotopia_modulegradesubassembly VALUES (16, 1, 2, 13, 24);
INSERT INTO public.necrotopia_modulegradesubassembly VALUES (17, 1, 1, 14, 26);
INSERT INTO public.necrotopia_modulegradesubassembly VALUES (18, 1, 2, 14, 27);
INSERT INTO public.necrotopia_modulegradesubassembly VALUES (19, 1, 1, 5, 12);
INSERT INTO public.necrotopia_modulegradesubassembly VALUES (20, 1, 2, 5, 13);
INSERT INTO public.necrotopia_modulegradesubassembly VALUES (21, 1, 1, 7, 16);
INSERT INTO public.necrotopia_modulegradesubassembly VALUES (22, 1, 2, 7, 17);
INSERT INTO public.necrotopia_modulegradesubassembly VALUES (23, 1, 1, 9, 20);
INSERT INTO public.necrotopia_modulegradesubassembly VALUES (24, 1, 2, 9, 21);
INSERT INTO public.necrotopia_modulegradesubassembly VALUES (25, 1, 1, 11, 35);
INSERT INTO public.necrotopia_modulegradesubassembly VALUES (26, 1, 2, 11, 36);
INSERT INTO public.necrotopia_modulegradesubassembly VALUES (27, 1, 1, 2, 3);
INSERT INTO public.necrotopia_modulegradesubassembly VALUES (28, 1, 2, 2, 4);
INSERT INTO public.necrotopia_modulegradesubassembly VALUES (29, 1, 1, 3, 6);
INSERT INTO public.necrotopia_modulegradesubassembly VALUES (30, 1, 2, 3, 7);
INSERT INTO public.necrotopia_modulegradesubassembly VALUES (31, 1, 2, 15, 38);
INSERT INTO public.necrotopia_modulegradesubassembly VALUES (32, 1, 2, 15, 39);
INSERT INTO public.necrotopia_modulegradesubassembly VALUES (33, 1, 1, 16, 41);
INSERT INTO public.necrotopia_modulegradesubassembly VALUES (34, 1, 2, 16, 42);
INSERT INTO public.necrotopia_modulegradesubassembly VALUES (35, 1, 1, 17, 44);
INSERT INTO public.necrotopia_modulegradesubassembly VALUES (36, 1, 2, 17, 45);
INSERT INTO public.necrotopia_modulegradesubassembly VALUES (37, 1, 1, 18, 47);
INSERT INTO public.necrotopia_modulegradesubassembly VALUES (38, 1, 2, 18, 48);
INSERT INTO public.necrotopia_modulegradesubassembly VALUES (39, 1, 1, 19, 50);
INSERT INTO public.necrotopia_modulegradesubassembly VALUES (40, 1, 2, 19, 51);
INSERT INTO public.necrotopia_modulegradesubassembly VALUES (41, 1, 2, 20, 53);
INSERT INTO public.necrotopia_modulegradesubassembly VALUES (42, 1, 2, 20, 54);
INSERT INTO public.necrotopia_modulegradesubassembly VALUES (43, 1, 1, 21, 56);
INSERT INTO public.necrotopia_modulegradesubassembly VALUES (44, 1, 2, 21, 57);
INSERT INTO public.necrotopia_modulegradesubassembly VALUES (45, 1, 1, 22, 59);
INSERT INTO public.necrotopia_modulegradesubassembly VALUES (46, 1, 2, 22, 60);
INSERT INTO public.necrotopia_modulegradesubassembly VALUES (47, 1, 1, 23, 62);
INSERT INTO public.necrotopia_modulegradesubassembly VALUES (48, 1, 2, 23, 63);
INSERT INTO public.necrotopia_modulegradesubassembly VALUES (49, 1, 2, 26, 67);
INSERT INTO public.necrotopia_modulegradesubassembly VALUES (50, 1, 2, 26, 68);
INSERT INTO public.necrotopia_modulegradesubassembly VALUES (52, 1, 1, 27, 70);
INSERT INTO public.necrotopia_modulegradesubassembly VALUES (51, 1, 2, 27, 71);
INSERT INTO public.necrotopia_modulegradesubassembly VALUES (53, 1, 2, 28, 73);
INSERT INTO public.necrotopia_modulegradesubassembly VALUES (54, 1, 2, 28, 74);
INSERT INTO public.necrotopia_modulegradesubassembly VALUES (55, 1, 1, 29, 76);
INSERT INTO public.necrotopia_modulegradesubassembly VALUES (56, 1, 2, 29, 77);
INSERT INTO public.necrotopia_modulegradesubassembly VALUES (57, 1, 1, 31, 80);
INSERT INTO public.necrotopia_modulegradesubassembly VALUES (58, 1, 2, 31, 81);
INSERT INTO public.necrotopia_modulegradesubassembly VALUES (59, 1, 1, 7, 82);
INSERT INTO public.necrotopia_modulegradesubassembly VALUES (60, 1, 1, 32, 83);
INSERT INTO public.necrotopia_modulegradesubassembly VALUES (62, 1, 2, 32, 84);
INSERT INTO public.necrotopia_modulegradesubassembly VALUES (63, 1, 1, 34, 89);
INSERT INTO public.necrotopia_modulegradesubassembly VALUES (64, 1, 2, 34, 90);
INSERT INTO public.necrotopia_modulegradesubassembly VALUES (65, 1, 1, 35, 92);
INSERT INTO public.necrotopia_modulegradesubassembly VALUES (66, 1, 2, 35, 93);
INSERT INTO public.necrotopia_modulegradesubassembly VALUES (67, 1, 1, 12, 91);
INSERT INTO public.necrotopia_modulegradesubassembly VALUES (68, 1, 2, 12, 92);
INSERT INTO public.necrotopia_modulegradesubassembly VALUES (69, 1, 3, 12, 93);
INSERT INTO public.necrotopia_modulegradesubassembly VALUES (70, 1, 1, 36, 95);
INSERT INTO public.necrotopia_modulegradesubassembly VALUES (71, 1, 2, 36, 96);
INSERT INTO public.necrotopia_modulegradesubassembly VALUES (72, 1, 1, 38, 97);
INSERT INTO public.necrotopia_modulegradesubassembly VALUES (73, 1, 1, 37, 98);
INSERT INTO public.necrotopia_modulegradesubassembly VALUES (74, 1, 2, 37, 99);
INSERT INTO public.necrotopia_modulegradesubassembly VALUES (75, 1, 2, 7, 105);
INSERT INTO public.necrotopia_modulegradesubassembly VALUES (76, 1, 3, 12, 106);
INSERT INTO public.necrotopia_modulegradesubassembly VALUES (77, 1, 1, 11, 107);
INSERT INTO public.necrotopia_modulegradesubassembly VALUES (78, 1, 2, 41, 108);
INSERT INTO public.necrotopia_modulegradesubassembly VALUES (79, 1, 2, 11, 108);
INSERT INTO public.necrotopia_modulegradesubassembly VALUES (80, 1, 2, 41, 109);
INSERT INTO public.necrotopia_modulegradesubassembly VALUES (81, 1, 1, 42, 111);
INSERT INTO public.necrotopia_modulegradesubassembly VALUES (82, 1, 2, 42, 112);
INSERT INTO public.necrotopia_modulegradesubassembly VALUES (83, 1, 1, 43, 114);
INSERT INTO public.necrotopia_modulegradesubassembly VALUES (84, 1, 2, 43, 115);
INSERT INTO public.necrotopia_modulegradesubassembly VALUES (85, 1, 2, 44, 114);
INSERT INTO public.necrotopia_modulegradesubassembly VALUES (86, 1, 3, 12, 115);
INSERT INTO public.necrotopia_modulegradesubassembly VALUES (87, 1, 2, 44, 117);
INSERT INTO public.necrotopia_modulegradesubassembly VALUES (88, 1, 2, 44, 118);
INSERT INTO public.necrotopia_modulegradesubassembly VALUES (89, 1, 2, 46, 121);
INSERT INTO public.necrotopia_modulegradesubassembly VALUES (90, 1, 2, 46, 122);
INSERT INTO public.necrotopia_modulegradesubassembly VALUES (91, 1, 1, 47, 124);
INSERT INTO public.necrotopia_modulegradesubassembly VALUES (92, 1, 2, 47, 125);
INSERT INTO public.necrotopia_modulegradesubassembly VALUES (93, 1, 2, 48, 127);
INSERT INTO public.necrotopia_modulegradesubassembly VALUES (94, 1, 2, 48, 128);
INSERT INTO public.necrotopia_modulegradesubassembly VALUES (95, 1, 1, 49, 130);
INSERT INTO public.necrotopia_modulegradesubassembly VALUES (96, 1, 2, 49, 131);
INSERT INTO public.necrotopia_modulegradesubassembly VALUES (97, 1, 2, 50, 133);
INSERT INTO public.necrotopia_modulegradesubassembly VALUES (98, 1, 2, 50, 134);
INSERT INTO public.necrotopia_modulegradesubassembly VALUES (99, 1, 1, 38, 132);
INSERT INTO public.necrotopia_modulegradesubassembly VALUES (100, 1, 1, 46, 132);
INSERT INTO public.necrotopia_modulegradesubassembly VALUES (101, 1, 1, 49, 132);
INSERT INTO public.necrotopia_modulegradesubassembly VALUES (102, 1, 2, 38, 133);
INSERT INTO public.necrotopia_modulegradesubassembly VALUES (103, 1, 2, 46, 133);
INSERT INTO public.necrotopia_modulegradesubassembly VALUES (104, 1, 2, 49, 133);
INSERT INTO public.necrotopia_modulegradesubassembly VALUES (105, 1, 3, 38, 134);
INSERT INTO public.necrotopia_modulegradesubassembly VALUES (106, 1, 3, 46, 134);
INSERT INTO public.necrotopia_modulegradesubassembly VALUES (107, 1, 3, 49, 134);
INSERT INTO public.necrotopia_modulegradesubassembly VALUES (108, 1, 1, 51, 136);
INSERT INTO public.necrotopia_modulegradesubassembly VALUES (109, 1, 2, 51, 137);
INSERT INTO public.necrotopia_modulegradesubassembly VALUES (110, 1, 1, 48, 135);
INSERT INTO public.necrotopia_modulegradesubassembly VALUES (111, 1, 1, 12, 135);
INSERT INTO public.necrotopia_modulegradesubassembly VALUES (112, 1, 1, 7, 135);
INSERT INTO public.necrotopia_modulegradesubassembly VALUES (113, 1, 2, 48, 136);
INSERT INTO public.necrotopia_modulegradesubassembly VALUES (114, 1, 2, 12, 136);
INSERT INTO public.necrotopia_modulegradesubassembly VALUES (115, 1, 2, 7, 136);
INSERT INTO public.necrotopia_modulegradesubassembly VALUES (116, 1, 3, 48, 137);
INSERT INTO public.necrotopia_modulegradesubassembly VALUES (117, 1, 3, 12, 137);
INSERT INTO public.necrotopia_modulegradesubassembly VALUES (118, 1, 3, 7, 137);
INSERT INTO public.necrotopia_modulegradesubassembly VALUES (119, 1, 1, 52, 139);
INSERT INTO public.necrotopia_modulegradesubassembly VALUES (120, 1, 2, 52, 140);
INSERT INTO public.necrotopia_modulegradesubassembly VALUES (121, 1, 1, 46, 138);
INSERT INTO public.necrotopia_modulegradesubassembly VALUES (122, 1, 1, 44, 138);
INSERT INTO public.necrotopia_modulegradesubassembly VALUES (123, 1, 1, 12, 138);
INSERT INTO public.necrotopia_modulegradesubassembly VALUES (124, 1, 2, 46, 139);
INSERT INTO public.necrotopia_modulegradesubassembly VALUES (125, 1, 2, 44, 139);
INSERT INTO public.necrotopia_modulegradesubassembly VALUES (126, 1, 2, 12, 139);
INSERT INTO public.necrotopia_modulegradesubassembly VALUES (127, 1, 3, 46, 140);
INSERT INTO public.necrotopia_modulegradesubassembly VALUES (128, 1, 3, 44, 140);
INSERT INTO public.necrotopia_modulegradesubassembly VALUES (129, 1, 3, 12, 140);
INSERT INTO public.necrotopia_modulegradesubassembly VALUES (130, 1, 1, 53, 142);
INSERT INTO public.necrotopia_modulegradesubassembly VALUES (131, 1, 2, 53, 143);
INSERT INTO public.necrotopia_modulegradesubassembly VALUES (132, 1, 1, 54, 145);
INSERT INTO public.necrotopia_modulegradesubassembly VALUES (133, 1, 2, 54, 146);
INSERT INTO public.necrotopia_modulegradesubassembly VALUES (134, 1, 1, 55, 148);
INSERT INTO public.necrotopia_modulegradesubassembly VALUES (135, 1, 2, 55, 149);
INSERT INTO public.necrotopia_modulegradesubassembly VALUES (136, 1, 1, 56, 151);
INSERT INTO public.necrotopia_modulegradesubassembly VALUES (137, 1, 2, 56, 152);
INSERT INTO public.necrotopia_modulegradesubassembly VALUES (138, 1, 1, 57, 154);
INSERT INTO public.necrotopia_modulegradesubassembly VALUES (139, 1, 2, 57, 155);
INSERT INTO public.necrotopia_modulegradesubassembly VALUES (140, 1, 1, 58, 157);
INSERT INTO public.necrotopia_modulegradesubassembly VALUES (141, 1, 2, 58, 158);
INSERT INTO public.necrotopia_modulegradesubassembly VALUES (142, 1, 2, 59, 160);
INSERT INTO public.necrotopia_modulegradesubassembly VALUES (143, 1, 2, 59, 161);
INSERT INTO public.necrotopia_modulegradesubassembly VALUES (144, 1, 1, 60, 163);
INSERT INTO public.necrotopia_modulegradesubassembly VALUES (145, 1, 2, 60, 164);
INSERT INTO public.necrotopia_modulegradesubassembly VALUES (146, 1, 1, 61, 166);
INSERT INTO public.necrotopia_modulegradesubassembly VALUES (147, 1, 2, 61, 167);
INSERT INTO public.necrotopia_modulegradesubassembly VALUES (148, 1, 1, 62, 169);
INSERT INTO public.necrotopia_modulegradesubassembly VALUES (149, 1, 2, 62, 170);
INSERT INTO public.necrotopia_modulegradesubassembly VALUES (150, 1, 1, 63, 172);
INSERT INTO public.necrotopia_modulegradesubassembly VALUES (151, 1, 2, 63, 173);
INSERT INTO public.necrotopia_modulegradesubassembly VALUES (152, 1, 2, 64, 175);
INSERT INTO public.necrotopia_modulegradesubassembly VALUES (153, 1, 2, 64, 176);
INSERT INTO public.necrotopia_modulegradesubassembly VALUES (154, 1, 2, 65, 178);
INSERT INTO public.necrotopia_modulegradesubassembly VALUES (155, 1, 2, 65, 179);
INSERT INTO public.necrotopia_modulegradesubassembly VALUES (156, 1, 1, 66, 181);
INSERT INTO public.necrotopia_modulegradesubassembly VALUES (157, 1, 2, 66, 182);
INSERT INTO public.necrotopia_modulegradesubassembly VALUES (158, 1, 2, 67, 184);
INSERT INTO public.necrotopia_modulegradesubassembly VALUES (159, 1, 2, 67, 185);
INSERT INTO public.necrotopia_modulegradesubassembly VALUES (160, 1, 1, 68, 187);
INSERT INTO public.necrotopia_modulegradesubassembly VALUES (161, 1, 2, 68, 188);
INSERT INTO public.necrotopia_modulegradesubassembly VALUES (162, 1, 1, 69, 190);
INSERT INTO public.necrotopia_modulegradesubassembly VALUES (163, 1, 2, 69, 191);
INSERT INTO public.necrotopia_modulegradesubassembly VALUES (164, 1, 1, 46, 192);
INSERT INTO public.necrotopia_modulegradesubassembly VALUES (165, 1, 1, 70, 193);
INSERT INTO public.necrotopia_modulegradesubassembly VALUES (166, 1, 2, 70, 194);


--
-- TOC entry 3844 (class 0 OID 37343)
-- Dependencies: 261
-- Data for Name: necrotopia_ratedskillitem; Type: TABLE DATA; Schema: public; Owner: doadmin
--



--
-- TOC entry 3846 (class 0 OID 37347)
-- Dependencies: 263
-- Data for Name: necrotopia_resourceitem; Type: TABLE DATA; Schema: public; Owner: doadmin
--

INSERT INTO public.necrotopia_resourceitem VALUES (8, 'Conductive Metal', 0, 0, '2023-04-18 02:39:35+00', NULL, 1, 'resource, trailblazing');
INSERT INTO public.necrotopia_resourceitem VALUES (9, 'Hard Metal', 0, 0, '2023-04-18 02:40:45+00', NULL, 1, 'resource, trailblazing');
INSERT INTO public.necrotopia_resourceitem VALUES (60, 'Cannabis', 6, 4, '2023-04-18 15:30:23+00', NULL, 1, 'lineage, resource, september, herb, august, december, cross, july, november, october');
INSERT INTO public.necrotopia_resourceitem VALUES (27, 'Chervil', 6, 4, '2023-04-18 15:17:25+00', NULL, 1, 'devoted, resource, march, may, april, herb, january, july, february, june');
INSERT INTO public.necrotopia_resourceitem VALUES (31, 'Calendula', 6, 4, '2023-04-18 15:20:55+00', NULL, 1, 'january, herb, april, evolved, march, july, february, june, may, resource');
INSERT INTO public.necrotopia_resourceitem VALUES (33, 'Basil', 6, 4, '2023-04-18 15:21:35+00', NULL, 1, 'january, herb, april, Gorger, march, july, february, june, may, resource');
INSERT INTO public.necrotopia_resourceitem VALUES (35, 'Burnet', 6, 4, '2023-04-18 15:22:19+00', NULL, 1, 'landsman, resource, march, may, april, herb, january, july, february, june');
INSERT INTO public.necrotopia_resourceitem VALUES (53, 'Cicely', 6, 4, '2023-04-18 15:28:14+00', NULL, 1, 'landsman, resource, march, may, september, april, herb, august, december, january, july, october, february, november, june');
INSERT INTO public.necrotopia_resourceitem VALUES (37, 'Bay Leaf', 6, 4, '2023-04-18 15:23:02+00', NULL, 1, 'january, herb, april, march, mutant, july, february, june, may, resource');
INSERT INTO public.necrotopia_resourceitem VALUES (55, 'Tumeric', 6, 4, '2023-04-18 15:28:42+00', NULL, 1, 'august, january, herb, november, april, october, september, march, december, mutant, july, february, june, may, resource');
INSERT INTO public.necrotopia_resourceitem VALUES (57, 'Caraway', 6, 4, '2023-04-18 15:29:16+00', NULL, 1, 'resource, march, may, september, herb, april, nomad, august, december, january, july, october, february, november, june');
INSERT INTO public.necrotopia_resourceitem VALUES (23, 'Bayberry', 6, 4, '2023-04-18 15:08:54+00', NULL, 1, 'january, herb, april, townie, march, july, february, june, may, resource');
INSERT INTO public.necrotopia_resourceitem VALUES (4, 'Basic Scrap', 0, 0, '2023-04-18 02:35:36+00', NULL, 1, '');
INSERT INTO public.necrotopia_resourceitem VALUES (6, 'Rare Scrap', 0, 0, '2023-04-18 02:36:06+00', NULL, 1, '');
INSERT INTO public.necrotopia_resourceitem VALUES (66, 'Milk', 3, 4, '2023-04-18 15:33:57+00', NULL, 1, '');
INSERT INTO public.necrotopia_resourceitem VALUES (12, 'Combustible Material', 0, 0, '2023-04-18 02:43:30+00', NULL, 1, '');
INSERT INTO public.necrotopia_resourceitem VALUES (13, 'Craftable Stone', 0, 0, '2023-04-18 02:48:12+00', NULL, 1, '');
INSERT INTO public.necrotopia_resourceitem VALUES (63, 'Eggs', 3, 4, '2023-04-18 15:31:02+00', NULL, 1, '');
INSERT INTO public.necrotopia_resourceitem VALUES (22, 'Recovered Electronics', 0, 0, '2023-04-18 02:52:57+00', NULL, 1, '');
INSERT INTO public.necrotopia_resourceitem VALUES (73, 'Appropriate Named Scrap', 0, 0, '2023-05-04 01:55:59+00', NULL, 1, '');
INSERT INTO public.necrotopia_resourceitem VALUES (70, 'Fish', 3, 4, '2023-04-18 15:36:29+00', NULL, 1, '');
INSERT INTO public.necrotopia_resourceitem VALUES (64, 'Fruits', 3, 4, '2023-04-18 15:33:19+00', NULL, 1, '');
INSERT INTO public.necrotopia_resourceitem VALUES (15, 'High Grade Lumber', 0, 0, '2023-04-18 02:49:21+00', NULL, 1, '');
INSERT INTO public.necrotopia_resourceitem VALUES (71, 'Hooch (any)', 6, 4, '2023-04-18 15:47:55+00', NULL, 1, '');
INSERT INTO public.necrotopia_resourceitem VALUES (72, 'Imprint Crystal', 0, 0, '2023-05-03 22:01:35+00', NULL, 1, '');
INSERT INTO public.necrotopia_resourceitem VALUES (68, 'Infection Material', 3, 4, '2023-04-18 15:34:55+00', NULL, 1, '');
INSERT INTO public.necrotopia_resourceitem VALUES (18, 'Machined Components', 0, 0, '2023-04-18 02:51:16+00', NULL, 1, '');
INSERT INTO public.necrotopia_resourceitem VALUES (65, 'Meat', 3, 4, '2023-04-18 15:33:35+00', NULL, 1, '');
INSERT INTO public.necrotopia_resourceitem VALUES (21, 'Mechanical Components', 0, 0, '2023-04-18 02:52:38+00', NULL, 1, '');
INSERT INTO public.necrotopia_resourceitem VALUES (74, 'Mortis Fern', 6, 4, '2023-05-04 13:10:05+00', NULL, 1, '');
INSERT INTO public.necrotopia_resourceitem VALUES (16, 'Natural Fibers', 0, 0, '2023-04-18 02:50:06+00', NULL, 1, '');
INSERT INTO public.necrotopia_resourceitem VALUES (20, 'Plastics', 0, 0, '2023-04-18 02:52:17+00', NULL, 1, '');
INSERT INTO public.necrotopia_resourceitem VALUES (17, 'Psionic Crystals', 0, 0, '2023-04-18 02:50:29+00', NULL, 1, '');
INSERT INTO public.necrotopia_resourceitem VALUES (69, 'Shellfish', 3, 4, '2023-04-18 15:35:31+00', NULL, 1, '');
INSERT INTO public.necrotopia_resourceitem VALUES (19, 'Synthetic Fibers', 0, 0, '2023-04-18 02:51:50+00', NULL, 1, '');
INSERT INTO public.necrotopia_resourceitem VALUES (14, 'Tree Nuts', 0, 0, '2023-04-18 02:48:50+00', NULL, 1, '');
INSERT INTO public.necrotopia_resourceitem VALUES (5, 'Uncommon Scrap', 0, 0, '2023-04-18 02:35:50+00', NULL, 1, '');
INSERT INTO public.necrotopia_resourceitem VALUES (67, 'Vetegables', 3, 4, '2023-04-18 15:34:32+00', NULL, 1, '');
INSERT INTO public.necrotopia_resourceitem VALUES (54, 'Lemongrass', 6, 4, '2023-04-18 15:28:32+00', NULL, 1, 'september, march, april, january, november, june, landsman, resource, may, herb, august, december, october, july, february');
INSERT INTO public.necrotopia_resourceitem VALUES (29, 'Anise', 6, 4, '2023-04-18 15:19:52+00', NULL, 1, 'resource, march, may, elitariat, april, herb, january, july, february, june');
INSERT INTO public.necrotopia_resourceitem VALUES (50, 'Witch Hazel', 6, 4, '2023-04-18 15:27:36+00', NULL, 1, 'august, herb, november, april, evolved, december, june, may, february, resource, january, october, september, march, july');
INSERT INTO public.necrotopia_resourceitem VALUES (26, 'Thyme', 6, 4, '2023-04-18 15:13:21+00', NULL, 1, 'august, herb, november, april, townie, december, june, may, february, resource, january, october, september, march, july');
INSERT INTO public.necrotopia_resourceitem VALUES (30, 'Fennel', 6, 4, '2023-04-18 15:20:30+00', NULL, 1, 'march, april, january, june, resource, may, elitariat, herb, july, february');
INSERT INTO public.necrotopia_resourceitem VALUES (41, 'Foxglove', 6, 4, '2023-04-18 15:24:37+00', NULL, 1, 'lineage, resource, march, may, april, herb, cross, january, february, june');
INSERT INTO public.necrotopia_resourceitem VALUES (1, 'Basic Herb', 6, 4, '2023-04-18 02:33:17+00', NULL, 1, 'herb, resource');
INSERT INTO public.necrotopia_resourceitem VALUES (39, 'Aralia', 6, 4, '2023-04-18 15:23:45+00', NULL, 1, 'resource, march, may, april, herb, nomad, january, july, february, june');
INSERT INTO public.necrotopia_resourceitem VALUES (34, 'Dill', 6, 4, '2023-04-18 15:22:04+00', NULL, 1, 'herb, april, june, may, february, resource, january, Gorger, march, july');
INSERT INTO public.necrotopia_resourceitem VALUES (28, 'Milk Thistle', 6, 4, '2023-04-18 15:18:45+00', NULL, 1, 'devoted, march, april, january, june, resource, may, herb, july, february');
INSERT INTO public.necrotopia_resourceitem VALUES (32, 'Epazote', 6, 4, '2023-04-18 15:21:17+00', NULL, 1, 'herb, april, evolved, june, may, february, resource, january, march, july');
INSERT INTO public.necrotopia_resourceitem VALUES (45, 'Ragweed', 6, 4, '2023-04-18 15:26:10+00', NULL, 1, 'devoted, resource, march, may, september, april, herb, august, december, january, july, october, february, november, june');
INSERT INTO public.necrotopia_resourceitem VALUES (46, 'Salvia', 6, 4, '2023-04-18 15:26:36+00', NULL, 1, 'devoted, september, march, april, january, november, june, resource, may, herb, august, december, october, july, february');
INSERT INTO public.necrotopia_resourceitem VALUES (44, 'Khella', 6, 4, '2023-04-18 15:25:52+00', NULL, 1, 'lineage, resource, march, may, april, herb, cross, january, february, june');
INSERT INTO public.necrotopia_resourceitem VALUES (43, 'Viral Hermlock', 6, 4, '2023-04-18 15:25:28+00', NULL, 1, 'lineage, resource, march, may, april, herb, cross, january, february, june');
INSERT INTO public.necrotopia_resourceitem VALUES (47, 'Geraniums', 6, 4, '2023-04-18 15:26:47+00', NULL, 1, 'resource, march, may, elitariat, september, april, herb, august, december, january, july, october, february, november, june');
INSERT INTO public.necrotopia_resourceitem VALUES (61, 'Ayahuasca', 6, 4, '2023-04-18 15:30:33+00', NULL, 1, 'lineage, september, resource, herb, august, december, cross, july, november, october');
INSERT INTO public.necrotopia_resourceitem VALUES (62, 'Jimsonweed', 6, 4, '2023-04-18 15:30:46+00', NULL, 1, 'lineage, september, resource, herb, august, december, cross, july, november, october');
INSERT INTO public.necrotopia_resourceitem VALUES (59, 'Quinine', 6, 0, '2023-04-18 15:30:00+00', NULL, 1, 'lineage, resource, september, herb, august, december, cross, july, november, october');
INSERT INTO public.necrotopia_resourceitem VALUES (42, 'Wasteland Yew', 6, 4, '2023-04-18 15:25:14+00', NULL, 1, 'lineage, resource, march, may, april, herb, cross, january, february, june');
INSERT INTO public.necrotopia_resourceitem VALUES (48, 'Wormwood', 6, 4, '2023-04-18 15:27:10+00', NULL, 1, 'september, march, april, january, november, june, resource, may, elitariat, herb, august, december, october, july, february');
INSERT INTO public.necrotopia_resourceitem VALUES (49, 'Rosemary', 6, 4, '2023-04-18 15:27:21+00', NULL, 1, 'august, january, herb, november, april, october, evolved, september, march, december, july, february, june, may, resource');
INSERT INTO public.necrotopia_resourceitem VALUES (51, 'Marjoram', 6, 4, '2023-04-18 15:27:47+00', NULL, 1, 'august, january, herb, november, april, Gorger, october, september, march, december, july, february, june, may, resource');
INSERT INTO public.necrotopia_resourceitem VALUES (52, 'Parsley', 6, 4, '2023-04-18 15:28:03+00', NULL, 1, 'august, herb, november, april, december, june, may, february, resource, january, Gorger, october, september, march, july');
INSERT INTO public.necrotopia_resourceitem VALUES (3, 'Rare Herb', 6, 4, '2023-04-18 02:35:23+00', NULL, 1, 'herb, resource');
INSERT INTO public.necrotopia_resourceitem VALUES (36, 'Prarie Wildrye', 6, 4, '2023-04-18 15:22:40+00', NULL, 1, 'september, march, april, january, november, june, landsman, resource, may, herb, august, december, october, july, february');
INSERT INTO public.necrotopia_resourceitem VALUES (38, 'Horehound', 6, 4, '2023-04-18 15:23:26+00', NULL, 1, 'herb, april, mutant, june, may, february, resource, january, march, july');
INSERT INTO public.necrotopia_resourceitem VALUES (56, 'Valerian', 6, 4, '2023-04-18 15:28:58+00', NULL, 1, 'august, herb, november, april, december, mutant, june, may, february, resource, january, october, september, march, july');
INSERT INTO public.necrotopia_resourceitem VALUES (58, 'Lemon Balm', 6, 4, '2023-04-18 15:29:43+00', NULL, 1, 'september, march, april, nomad, january, november, june, resource, may, herb, august, december, october, july, february');
INSERT INTO public.necrotopia_resourceitem VALUES (2, 'Uncommon Herb', 6, 4, '2023-04-18 02:34:56+00', NULL, 1, 'herb, resource');
INSERT INTO public.necrotopia_resourceitem VALUES (40, 'Peppermint', 6, 4, '2023-04-18 15:24:04+00', NULL, 1, 'september, march, april, nomad, january, november, june, resource, may, herb, august, december, october, july, february');
INSERT INTO public.necrotopia_resourceitem VALUES (24, 'Hibiscus', 6, 4, '2023-04-18 15:10:56+00', NULL, 1, 'herb, april, townie, june, may, february, resource, january, march, july');
INSERT INTO public.necrotopia_resourceitem VALUES (25, 'Sage', 6, 4, '2023-04-18 15:12:43+00', NULL, 1, 'august, january, herb, november, april, october, september, townie, march, december, july, february, june, may, resource');
INSERT INTO public.necrotopia_resourceitem VALUES (7, 'Alloy Metal', 0, 0, '2023-04-18 02:37:06+00', NULL, 1, 'resource, trailblazing');
INSERT INTO public.necrotopia_resourceitem VALUES (10, 'Radioactive Metal', 0, 0, '2023-04-18 02:41:10+00', NULL, 1, 'resource, trailblazing');
INSERT INTO public.necrotopia_resourceitem VALUES (11, 'Soft Metal', 0, 0, '2023-04-18 02:41:35+00', NULL, 1, 'resource, trailblazing');


--
-- TOC entry 3848 (class 0 OID 37354)
-- Dependencies: 265
-- Data for Name: necrotopia_rule; Type: TABLE DATA; Schema: public; Owner: doadmin
--

INSERT INTO public.necrotopia_rule VALUES (2, 'Active Role-Play', 'DRE p. 102', 'A scenario wherein characters must clearly portray what they are engaged in.', 'This ability requires role-playing, which must clearly portray that you are engaged in a given activity. This sort of role-play may require props, materials, and other forms of theatrical set dressing so that other participants can recognize what you are doing at a glance.', '2023-06-08 16:36:55+00', 1, NULL, 'rule, conduct');
INSERT INTO public.necrotopia_rule VALUES (1, 'Active Participation', 'DRE p. 102', 'A situation requiring all participants to engage in the subject matter', 'Any skill that requires Active Participation by all involved requires all participants to engage the subject matter, Active Role-Play, and be an active member of the scene. Active Participation may be defined as social engagement, physical engagement, or many other forms of activity. You cannot be considered to be engaging in Active Participation if you are immobilized, Unconscious, or unable to be actively involved in a scene.', '2023-06-08 16:34:26+00', 1, NULL, 'rule, conduct');


--
-- TOC entry 3850 (class 0 OID 37361)
-- Dependencies: 267
-- Data for Name: necrotopia_rulepicture; Type: TABLE DATA; Schema: public; Owner: doadmin
--

INSERT INTO public.necrotopia_rulepicture VALUES (1, 'static_images/active_participation.png', 1);
INSERT INTO public.necrotopia_rulepicture VALUES (2, 'static_images/active_roleplay.png', 2);


--
-- TOC entry 3852 (class 0 OID 37365)
-- Dependencies: 269
-- Data for Name: necrotopia_skillitem; Type: TABLE DATA; Schema: public; Owner: doadmin
--

INSERT INTO public.necrotopia_skillitem VALUES (10, 'Combat Tactics', 1, '2023-04-19 14:45:15+00', 1, NULL, '');
INSERT INTO public.necrotopia_skillitem VALUES (39, 'Biogenetics', 4, '2023-06-08 14:10:30+00', 1, NULL, '');
INSERT INTO public.necrotopia_skillitem VALUES (27, 'Education', 2, '2023-04-19 15:48:46+00', 1, NULL, '');
INSERT INTO public.necrotopia_skillitem VALUES (34, 'Enhanced Movement', 3, '2023-04-19 16:39:40+00', 1, NULL, '');
INSERT INTO public.necrotopia_skillitem VALUES (18, 'Exotic Weapon', 1, '2023-04-19 15:26:04+00', 1, NULL, '');
INSERT INTO public.necrotopia_skillitem VALUES (47, 'Faithful Miracles', 4, '2023-06-08 14:20:14+00', 1, NULL, '');
INSERT INTO public.necrotopia_skillitem VALUES (44, 'Faithful Patterns', 4, '2023-06-08 14:19:57+00', 1, NULL, '');
INSERT INTO public.necrotopia_skillitem VALUES (46, 'Faithful Spirit', 4, '2023-06-08 14:20:07+00', 1, NULL, '');
INSERT INTO public.necrotopia_skillitem VALUES (48, 'Faith Vessel', 4, '2023-06-08 14:20:21+00', 1, NULL, '');
INSERT INTO public.necrotopia_skillitem VALUES (45, 'Faithful Will', 4, '2023-06-08 14:20:03+00', 1, NULL, '');
INSERT INTO public.necrotopia_skillitem VALUES (19, 'Melee Small', 1, '2023-04-19 15:28:57+00', 1, NULL, '');
INSERT INTO public.necrotopia_skillitem VALUES (20, 'Melee Standard', 1, '2023-04-19 15:30:24+00', 1, NULL, '');
INSERT INTO public.necrotopia_skillitem VALUES (21, 'Melee Two-Handed', 1, '2023-04-19 15:31:59+00', 1, NULL, '');
INSERT INTO public.necrotopia_skillitem VALUES (22, 'Projectile', 1, '2023-04-19 15:33:12+00', 1, NULL, '');
INSERT INTO public.necrotopia_skillitem VALUES (43, 'Necrokinetics', 4, '2023-06-08 14:19:50+00', 1, NULL, '');
INSERT INTO public.necrotopia_skillitem VALUES (40, 'Pyrokinetics', 4, '2023-06-08 14:19:22+00', 1, NULL, '');
INSERT INTO public.necrotopia_skillitem VALUES (23, 'Shield', 1, '2023-04-19 15:34:12+00', 1, NULL, '');
INSERT INTO public.necrotopia_skillitem VALUES (38, 'Stealth', 3, '2023-04-19 17:26:05+00', 1, NULL, '');
INSERT INTO public.necrotopia_skillitem VALUES (41, 'Telekinetics', 4, '2023-06-08 14:19:39+00', 1, NULL, '');
INSERT INTO public.necrotopia_skillitem VALUES (42, 'Telepathy', 4, '2023-06-08 14:19:44+00', 1, NULL, '');
INSERT INTO public.necrotopia_skillitem VALUES (24, 'Thrown Weapons', 1, '2023-04-19 15:35:07+00', 1, NULL, '');
INSERT INTO public.necrotopia_skillitem VALUES (25, 'Unarmed Combat', 1, '2023-04-19 15:36:10+00', 1, NULL, '');
INSERT INTO public.necrotopia_skillitem VALUES (11, 'Florentine', 1, '2023-04-19 14:51:22+00', 1, NULL, '');
INSERT INTO public.necrotopia_skillitem VALUES (8, 'Avoid', 1, '2023-04-19 14:35:08+00', 1, NULL, 'nopes, combat, dodge');
INSERT INTO public.necrotopia_skillitem VALUES (33, 'Awareness', 3, '2023-04-19 16:33:38+00', 1, NULL, 'nopes');
INSERT INTO public.necrotopia_skillitem VALUES (9, 'Balance', 1, '2023-04-19 14:43:19+00', 1, NULL, 'combat, nopes');
INSERT INTO public.necrotopia_skillitem VALUES (15, 'Interfere', 1, '2023-04-19 15:18:29+00', 1, NULL, 'combat, nopes');
INSERT INTO public.necrotopia_skillitem VALUES (36, 'Mental Endurance', 3, '2023-04-19 17:07:13+00', 1, NULL, 'combat, nopes');
INSERT INTO public.necrotopia_skillitem VALUES (4, 'Agriculture', 2, '2023-04-19 13:33:58+00', 1, NULL, 'money, econ, production');
INSERT INTO public.necrotopia_skillitem VALUES (7, 'Artisan', 2, '2023-04-19 14:24:52+00', 1, NULL, 'money, nopes, econ, production');
INSERT INTO public.necrotopia_skillitem VALUES (6, 'Culinary', 2, '2023-04-19 13:33:58+00', 1, NULL, 'money, nopes, econ, production');
INSERT INTO public.necrotopia_skillitem VALUES (2, 'Foraging', 3, '2023-04-19 13:33:58+00', 1, NULL, 'money, nopes, econ, production');
INSERT INTO public.necrotopia_skillitem VALUES (5, 'Hunting', 3, '2023-04-19 13:33:58+00', 1, NULL, 'money, econ, production, nopes');
INSERT INTO public.necrotopia_skillitem VALUES (29, 'Larceny', 2, '2023-04-19 16:06:55+00', 1, NULL, 'money, nopes, econ, production');
INSERT INTO public.necrotopia_skillitem VALUES (37, 'Sailing', 3, '2023-04-19 17:15:18+00', 1, NULL, 'money, econ, production, nopes');
INSERT INTO public.necrotopia_skillitem VALUES (3, 'Salvaging', 3, '2023-04-19 13:33:58+00', 1, NULL, 'money, nopes, econ, production');
INSERT INTO public.necrotopia_skillitem VALUES (32, 'Trade Connections', 2, '2023-04-19 16:30:33+00', 1, NULL, 'money, econ, production, nopes');
INSERT INTO public.necrotopia_skillitem VALUES (1, 'Trailblazing', 3, '2023-04-19 13:33:58+00', 1, NULL, 'money, nopes, econ, production');
INSERT INTO public.necrotopia_skillitem VALUES (12, 'Blinding', 1, '2023-04-19 14:58:08+00', 1, NULL, 'combat, debuff, offensive');
INSERT INTO public.necrotopia_skillitem VALUES (13, 'Break', 1, '2023-04-19 15:12:29+00', 1, NULL, 'combat, debuff, offensive');
INSERT INTO public.necrotopia_skillitem VALUES (14, 'Choking Blow', 1, '2023-04-19 15:16:43+00', 1, NULL, 'combat, debuff, offensive');
INSERT INTO public.necrotopia_skillitem VALUES (35, 'Malicious', 3, '2023-04-19 17:01:15+00', 1, NULL, 'combat, debuff, offensive');
INSERT INTO public.necrotopia_skillitem VALUES (16, 'Piercing Strke', 1, '2023-04-19 15:22:17+00', 1, NULL, 'combat, debuff, offensive');
INSERT INTO public.necrotopia_skillitem VALUES (17, 'Takedown', 1, '2023-04-19 15:24:23+00', 1, NULL, 'combat, debuff, offensive');
INSERT INTO public.necrotopia_skillitem VALUES (30, 'Medical', 2, '2023-04-19 16:13:55+00', 1, NULL, 'healing, health, disease');
INSERT INTO public.necrotopia_skillitem VALUES (26, 'Criminal Influence', 2, '2023-04-19 15:40:32+00', 1, NULL, 'social, production, econ, money, nopes');
INSERT INTO public.necrotopia_skillitem VALUES (28, 'Financial Influence', 2, '2023-04-19 15:53:33+00', 1, NULL, 'production, money, social, econ, nopes');
INSERT INTO public.necrotopia_skillitem VALUES (31, 'Social Influence', 2, '2023-04-19 16:24:39+00', 1, NULL, 'social, production, econ, money, nopes');


--
-- TOC entry 3854 (class 0 OID 37372)
-- Dependencies: 271
-- Data for Name: necrotopia_skillratings; Type: TABLE DATA; Schema: public; Owner: doadmin
--

INSERT INTO public.necrotopia_skillratings VALUES (1, 0, 'With this skill an individual may spend 5 mind points and say ''Avoid'' to negate a single Strike or Ranged Attack, so that the user does not take any damage or suffer the mechanics delivered via that one Strike or Ranged Attack. This skill may be used to negate effects that target equipment (like Break) as long as the user is actively in possession of the Target of the attack (it can''t be used on other people if you are holding them). This skill can only be used on items in the user''s possession and on their person that are being targeted with skill calls. This skill does not negate area of effect damage. This skill cannot be used by a character who has been immobilized (tie binds, Unconcious, paralyzed, etc). This skill can be used regardless of the direction that an attack comes from and may be used by individuals with at least one functional limb. The exception is Proficient Malicious skill which may only be avoided if the attack comes from the front.', 8);
INSERT INTO public.necrotopia_skillratings VALUES (2, 0, 'With this skill, an individual may spend 5 Mind points and say Balance to negate the effects that influence them regarding an area of effect or single target mechanic that causes them to lose their footing and fall down, get knocked back, or otherwise become Stunned. Balance will not prevent Stunned effects from Brews, Injectables, or self inflicted mechanics that cause the user to become Stunned. Balance may be used in some zones of mechanics based on Guide discretion; however, common sense comes into play regarding zones of mechanics where the potential for solid footing is not available at all (e.g., while free-falling or in typhoon-like conditions)', 9);
INSERT INTO public.necrotopia_skillratings VALUES (3, 1, 'This skill has no Mind point cost. This skill allows a player to use any combination of two melee weapons, exotic weapons, or firearms (that use one hand) simultaneously. Without this skill, a player can only use one melee weapon or one firearm at a time. A player may use a brawler in their off hand without this skill while using a single melee weapon or firearm. A player using the Florentine skill may engage with a maximum of a six-strike flurry with three strikes per weapon instead of the standard single three-strike flurry before needing to reset their melee fight (see the section Contact-Safe Combat in Chapter 6 for more details). This six-strike flurry only applies when using a combination of melee and exotic weapons (guns fire as fast as they will). This skill unlocks the ability to use Florentine skill items. Florentine skill items cannot be used in combination with a shield unless the item states otherwise.', 11);
INSERT INTO public.necrotopia_skillratings VALUES (4, 0, 'With this skill, an individual may spend 5 Mind points, say Blinding, and make a successful Strike or Ranged Attack to the torso to cause an individual to become disoriented and have their vision impaired for 10 seconds. This skill may be Avoided or blocked like any other; however, if the skill use is successful the Target will not be able to use any skills that experience points have been spent on or any Achievement bonuses. While this does not prevent a Target from using Basic weapon skills that are default at character creation, nor does it prevent a Target from moving or running away while rubbing their eyes, it does prevent the activation of any Proficient, Master, or Achievement equipment mechanics as well as the use of any learned skills (such as Avoid, Balance, Anomaly skills, etc.). Equipment that requires the use of a skill that has been purchased with experience points will not be usable during this 10-second period. In addition, characters under the effects of Blinding are not able to describe later the events that happened during the 10 seconds. This combination of disorientation and being visually impaired prevents Targets from later describing sights, sounds, smells, and events that occurred during Blinding. They will, however, remember all actions taken and individuals present before and after the Blinding. Blinding is often used to shut down users of Anomaly skills, to cover over the identity of assassins, and to prevent Targets from using enhanced skills. Most undead are not affected by blinding.', 12);
INSERT INTO public.necrotopia_skillratings VALUES (5, 0, 'With this skill, an individual may spend 5 Mind points, say Break (object name), and make a successful Strike or Ranged Attack on a crafted target or the limb holding a crafted target to render the object nonfunctional until repaired (if repair is possible). When calling the Break skill the user must also call one of the following variables: Armor, Shield, Weapon, Gizmo, Barricade, Door, Brew, Meal, Non-Mechanic. They cannot swing at a Targets Supply Bag to Break items that are being carried within the Supply Bag, nor can they Break the Supply Bag itself (since it is an out-of-character requirement for carrying inactive equipment). They can strike the arms that are carrying or holding items to Break things like Brews or Meals, but the second an item is being brought up to the mouth for consumption a Break skill user cannot attempt to race to Break that item. Slapping the arm of someone raising an item toward their face is how people get hurt, and common sense should take precedence over the desire to Break someones sandwich. Using Break on a trapped non Supply-Bag container, trap, or door that is trapped will trigger all attached traps. For locked containers, using Break instead of Unlock will Break any items stored inside the container.', 13);
INSERT INTO public.necrotopia_skillratings VALUES (6, 0, 'With this skill, an individual may spend 5 Mind points, say "Choking Blow 5 minutes", and land a single Strike or Ranged Attack to the torso to cause a Target to be unable to speak, yell, make noises above a low gurgle, or do things that require extensive degrees of throat control, such as whistling, for 5 minutes. Use of this skill prevents Targets from using any skills that require social engagement or verbal aspects as part of their use. Keep in mind that skills are out-of-game mechanics, so if this skill is used on you, you should not then shout skills you use in order to gather attention, since that goes against the spirit of the rules. The primary use of this skill is to prevent a Target from calling for help. The secondary use of this skill is to get people who dont know when to be quiet to give the user 5 minutes of peace.', 14);
INSERT INTO public.necrotopia_skillratings VALUES (7, 0, 'With this skill, an individual may say Interfere and take the negative effects and damage that a single other Target within arms distance would have taken from a single attack. The attack made on the original Target must be either a Strike or Ranged Attack. No area of effect or mechanical effects delivered from non-aggressors can be Interfered (e.g., you can not Interfere the damage from a poisoned bottle that someone just consumed or an explosion that hit everyone within a 10-foot radius). In addition, the person who uses Interfere must be a valid Target for the Interfere to work. For example, you cannot Interfere a Mangle on someones leg if both of your legs have already received a Mangle. The damage and negative effects of changing the Target from another person within an arms length to yourself means that you are unable to use skills or mechanical effects to prevent the damage and effects that you have redirected to yourself. You cannot Interfere effects that are considered beneficial, such as healing or recovering Mind points. Once you have used the Interfere skill to redirect an effect to yourself, that effect may not be Interfered again; no skills, effects, or mechanics will allow you (the new Target of the attack) to not take the damage and mechanical effects.', 15);
INSERT INTO public.necrotopia_skillratings VALUES (8, 0, 'With this skill, an individual may spend 5 Mind point to have a single melee, unarmed, thrown, or projectile attack ignore armor. This skill represents a Strike that finds the holes and gaps in a Targets armor and strikes for Body damage. When using this skill, the user must land a successful hit while calling Body as their damage modifier in addition to any damage call they may use. This skill can be used with damage augment modifiers, but if an attack has any damage modifier other than Body, only the call Body is carried. For example, if when using Piercing Strike a player combines Piercing Strike with an Applied Poison they have on their blade, that does 5 Bane to Townies. The call on the Strike becomes 5 Body and the 5 Townie Bane is lost.', 16);
INSERT INTO public.necrotopia_skillratings VALUES (9, 0, 'With this skill, an individual may spend 5 Mind points and make a single successful Strike to the torso and say Take Down. If successful, this skill destabilizes an individual and brings them off of their feet. While under the effect of Take Down the Target of the effect must be seated (or flail to the ground if safely able to by their environment). Once down, the Target of Take Down is Stunned for 5 seconds.', 17);
INSERT INTO public.necrotopia_skillratings VALUES (10, 1, 'With this skill, an individual may spend 1 Mind point and while performing a Killing Blow state, Double tap, Killing Blow, ensuring that the Target of this skill stays dead (most of the time). This Skill does not change the required time or actions needed for a Killing Blow.

If the Target is some sort of undead knitting itself back together to get up again, or some kind of mutated creature or Raider that could rise again after it is apparently killed, using this skill will ensure that when the final Killing Blow is used, if the Target would have gotten back up to life (as often seen in horror films) the creature will indeed stay dead. There are some very rare forms of undead and mutated creatures that require multiple uses of Basic Combat Tactics to ensure that they remain down. If the Target of this skill is a person who is only pretending to be dead by using a brew or other item that gives a deathlike appearance, use of this skill will cause the Target to scream in agony and immediately their faking of being dead comes to an end. Even if the Target in question is under the effects of some mechanic that prevents yelling or dulls pain, the process of having a living vivisection done to them, having their head turned into a canoe, or finding the majority of their organic matter displaced will cause the Target of this skill to flail and make some degree of noise of self-preservation.', 10);
INSERT INTO public.necrotopia_skillratings VALUES (11, 2, 'This skill has the skill prerequisite of Basic Combat Tactics. This skill cannot be used if the user currently has a Fracture (subdued or active). With this skill, an individual may spend 10 Mind points and gesture to up to five Targets within a 180-degree forward-facing arc, calling Scatter Shot. Up to five Targets within 5 feet are affected by a single Strike or Ranged Attack as an automatic hit up to a maximum of 20 damage per target. This skill may be combined with equipment effects or other skills, applying the equipment effect or skill to up to five Targets within the 5-foot arc. A single use of an add-on skill or equipment effect will strike all five Targets within the targeted group for Scatter Shot. Skills and effects that do more than 20 damage may still be used with Proficient Combat Tactics, however damage done to targets will be reduced to a maximum of 20 damage. Single-use items, no matter how many of them a user has, may not be combined with Proficient Combat Tactics. Scatter Shot cannot be combined with AOE or area effects.', 10);
INSERT INTO public.necrotopia_skillratings VALUES (12, 3, 'This skill has the skill prerequisite of Proficient Combat Tactics. By spending 1 Resolve and at least 5 minutes giving a rally speech that bolsters their allies, the user may call 10-foot radius: All allies heal 1 body and Upsurge 20 armor. Items can change the time to use, duration, or change the effect, of this skill greatly.', 10);
INSERT INTO public.necrotopia_skillratings VALUES (13, 1, 'With this skill, an individual may spend 5 Mind points and 10 minutes of Active Role-Play and Full Engagement in a farming area to gather one Basic Herb, one Uncommon Herb, one Rare Herb, or one Named Herb. An individual may choose to spend up to 60 minutes and 30 Mind points in one go, but it must be the same Herb. Any interruption restarts the timer.', 4);
INSERT INTO public.necrotopia_skillratings VALUES (14, 2, 'This skill has the skill prerequisite of Basic Agricultural. With this skill, an individual may spend 5 Mind points and 10 minutes of Active Role-Play and Full Engagement in a farming area to gather any one Produce other than Infectious Material. An individual may choose to spend up to 60 minutes and 30 Mind points in one go, but it must be the same type of Produce.', 4);
INSERT INTO public.necrotopia_skillratings VALUES (15, 3, 'This skill has the skill prerequisite of Proficient Agricultural. With this skill, an individual may spend 5 Mind points and 10 minutes of Active Role-Play and Full Engagement in a farming area to gather one Produce, including Infectious Material. An individual may choose to spend up to 60 minutes and 30 Mind points in one go, but it must be the same type of Produce. An individual with Master Agricultural skill may also utilize the Basic Agricultural skill to harvest herbs out of season.', 4);
INSERT INTO public.necrotopia_skillratings VALUES (16, 1, 'With this skill, an individual may craft items from blueprints that require the Basic Artisan skill. By spending 5 Mind points and 20 minutes of Full Engagement and Active Role-Play in a crafting area, an individual may follow the prerequisites on the blueprint and craft the item on it. They can then turn in materials to the Public Works to receive a card for that item. An individual may also craft the items on a list located in the crafting area for the stated amount of materials and Mind points. An individual may also spend 5 Mind points and 20 minutes of Active Role-Play and Full Engagement in a crafting area to repair armor or a weapon that has been damaged to regain full use. Specifically, this will repair a weapon, room augment, shield, or armor that has had the Break skill used on it, and will return armor to full points. For room augment repairs, half of the Active Role-Play should be in the crafting area and half where the room augment is installed.', 7);
INSERT INTO public.necrotopia_skillratings VALUES (17, 2, 'This skill has the skill prerequisite of Basic Artisan. With this skill, an individual may craft items from blueprints that require the Proficient Artisan skill. By spending 10 Mind points and 20 minutes of Active Role-Play and Full Engagement in a crafting area, an individual may follow the prerequisites on the blueprint and craft an item from Basic to Proficient. To craft an item from scratch to Proficient it takes 5 Mind points from the Basic Artisan skill plus 10 Mind points from the Proficient Artisan skill, for a total of 15 Mind points. They can then turn in materials to the Public Works to receive a card for that item.', 7);
INSERT INTO public.necrotopia_skillratings VALUES (18, 3, 'This skill has the skill prerequisite of Proficient Agricultural. With this skill, an individual may spend 5 Mind points and 10 minutes of Active Role- Play and Full Engagement in a farming area to gather one Produce, including Infectious Material. An individual may choose to spend up to 60 minutes and 30 Mind points in one go, but it must be the same type of Produce. An individual with Master Agricultural skill may also utilize the Basic Agricultural skill to harvest herbs out of season.', 7);
INSERT INTO public.necrotopia_skillratings VALUES (19, 1, 'By Spending 5 Mind points and calling Alert while pointing at a Target who is currently using a Stealth-based skill, an individual can negate the use of that skill. If a Target using a Stealth skill is made apparent via the use of Basic Awareness, that Target cannot use a Stealth effect again for 5 minutes', 33);
INSERT INTO public.necrotopia_skillratings VALUES (20, 2, 'This skill has the skill prerequisite of Basic Awareness. By spending 10 Mind points and calling By the Sound of My Voice, Alert, all characters using Stealth skills within that zone will have the use of their Stealth skill negated. If a Target using a Stealth skill is made apparent via the use of Proficient Awareness, the Target cannot use Stealth effects again for 5 minutes.', 33);
INSERT INTO public.necrotopia_skillratings VALUES (21, 3, 'This skill has the skill prerequisite of Proficient Awareness. This skill cannot be used if the user currently has a Fracture (subdued or active). By spending 1 Resolve and 10 minutes of Active Role-Play preparing ointments and placing them around the eyes of a Target or self, the Target of Master Awareness becomes immune to Blinding and Blinding zone effects for a full hour. When the Target is affected by Blinding or a Blinding zone effect, the Target should call No effect: Master Awareness. In addition, the Target can call Master Awareness: Alert while gesturing at a single Target to negate a single Stealth skill use at no cost once during the 1-hour period. Players are encouraged to create their own process and role-play ritual for preparing for Master Awareness use. As a passive mechanic, characters with Master Awareness can say I think were not alone. when a Target is using a Stealth skill within line of sight. The character with Master Awareness cannot say where, what direction, if its friend or foe, or even gesture to the area that a Target using Stealth could be found, but this 6th sense lets them know that they are being observed.', 33);
INSERT INTO public.necrotopia_skillratings VALUES (22, 1, 'With this skill, an individual may spend 5 Mind points and make a Psionic Attack to heal a Target by 5 Body. This effect is instantaneous and can be used to stop Bleed Out counters. When using call: Psionic: Heal 5.', 39);
INSERT INTO public.necrotopia_skillratings VALUES (23, 2, 'This skill has the skill prerequisite of Basic Biogenetics. By spending 10 Mind points and making a Psionic Attack the user may cause a Target to be knocked Unconscious. To call this skill say, Psionic: Unconscious. This effect does not work on zombies or many other forms of mutated undead. This counts as a CvC action when used against LCs or SCs.', 39);
INSERT INTO public.necrotopia_skillratings VALUES (24, 3, 'This skill has the skill prerequisite of Proficient Biogenetics. This skill cannot be used if the user currently has a Fracture (subdued or active). By spending 1 Resolve, taking a knee or sitting, and raising a hand in the air, the user of this skill can create a Area of Effect centered around them, within which everyone has their Bleed Out timer halted and reset. Secondarily, zombies must exit this Area of Effect if possible and cannot re-enter it. This effect prevents Killing Blow from being used within this range. Upon activation of this skill, any helpful skill effects that the user was under immediately end. This skill does not make the user immune to effects and if the user is moved, drops into Bleed Out, or uses another skill the effects of Master Biogenetics cease. This effect lasts for as long as the user is able to keep their hand raised over their head, stay unmoved, and repeat the phrase Master Biogenetics: You will not die, no zombies will approach at least once per minute (or while Casted zombies are closing in.) Players may not use artificial means to assist themselves in keeping their arm in the air above their head (such as propping up their arm). Once the arm drops, the effect drops as well and anyone within range who was in Bleed Out immediately starts a new Bleed Out process. Anyone who was affected by Killing Blow while within the range of the effect starts a Bleed Out counter instead of being killed.', 39);
INSERT INTO public.necrotopia_skillratings VALUES (25, 1, 'An individual with this skill may be told during check-in the time and location of criminal meetings, guild-specific meetings, or black market meetings taking place. This skill also allows individuals to use equipment that requires Basic Criminal Influence and to disarm and recover Basic traps after spending 5 Mind points and 5 minutes of Active Role-Play and Full Engagement disarming them. Once per event, an individual may also gain access to a Basic Criminal Influence buyers list at the Public Works and purchase one item from the Basic Criminal Influence category.', 26);
INSERT INTO public.necrotopia_skillratings VALUES (26, 2, 'This skill has the skill prerequisite of Basic Criminal Influence. This skill allows an individual to give up to three item cards at 5 Mind points per item to a Guide in Logistics before a criminal or black market meeting occurs. An Extra will then be present at the meeting to sell the item on the individuals behalf and will not out them. If sold, they will receive the proceeds from the sale. Once per event, an individual may also gain access to a Criminal Influence buyers list at the Public Works and may purchase one item from the Proficient Criminal Influence category. This skill also allows individuals to use the Proficient Criminal Influence advantage on certain equipment for the stated amount of Mind points, and to disarm and recover Proficient traps after spending 5 Mind points and 5 minutes of Active Role-Play and Full Engagement disarming them.', 26);
INSERT INTO public.necrotopia_skillratings VALUES (27, 3, 'This skill has the skill prerequisite of Proficient Criminal Influence. With this skill, an individual is considered one of the Inner Circle in local criminal organizations and to have made it as a criminal. This skill allows them to submit an Action Request at least a month before a game with a request to receive a Master-level job that involves pulling a heist, committing a murder, or taking some other nefarious action. These Master jobs involve 15 people maximum and may require certain unique skill sets. Usually Master missions involve sneaking into a guarded compound to unlock a safe and steal from it, eliminating people surrounded by armies, and other Master-level schemes.
 
An individual using this skill may only include individuals who have some level of the Criminal Influence skill, and may only make one request per month. If there are multiple requests, a larger module may be run with everyone. The reward for completing a Master Criminal Influence mission is Gizmo: Free X Criminal Influence Voucher, where X is the level of the skill of the person receiving it. For example, an individual with Basic Criminal Influence would receive Gizmo: Free Basic Criminal Influence
Voucher. They may then go to the Public Works to receive one free item from the Basic Criminal Influence category on the Criminal Influence item list. After requesting a job, a person with Master Criminal Influence may spend 5 local currency before the mission for an item that may help during the mission, such as a skeleton key so that they dont need to pause to pick a lock or an Extra who can check for and disarm traps.

Once per event, they may also gain access to a Criminal Influence buyers list at the Public Works and may purchase one item from the Master Criminal Influence category.

This skill also allows individuals to use the Master Criminal Influence advantage on certain equipment for the stated amount of Mind points, and to disarm and recover Master traps after spending 10 Mind points and 5 minutes of Active Role-Play and Full Engagement disarming them.

Each game can adjust how module request skills work, within the basic scope of the intent of the skill, to make the skill work for their local game. Please check your games transparency documentation for these details before using the module request portion of this skill.', 26);
INSERT INTO public.necrotopia_skillratings VALUES (28, 1, 'With this skill, an individual may craft items from blueprints that require the Basic Culinary skill. By spending 5 Mind points and 20 minutes of Active Role-Play and Full Engagement in a culinary area, an individual may follow the prerequisites on the blueprint and craft the item on it. They can then turn in materials to the Public Works to receive a card for that item.', 6);
INSERT INTO public.necrotopia_skillratings VALUES (29, 2, 'This skill has the skill prerequisite of Basic Culinary. With this skill, an individual may craft items from blueprints that require the Proficient Culinary skill. By spending 10 Mind points and 20 minutes of Active Role-Play and Full Engagement in a culinary area, an individual may follow the prerequisites on the blueprint and craft the item on it. They can then turn in materials to the Public Works to receive a card for that item.', 6);
INSERT INTO public.necrotopia_skillratings VALUES (30, 3, 'This skill has the skill prerequisite of Proficient Culinary. With this skill, an individual may craft items from blueprints that require the Master Culinary skill. By spending 15 Mind points and 20 minutes of Active Role-Play and Full Engagement in a culinary area, an individual may follow the prerequisites on the blueprint and craft the item on it. They can then turn in materials to the Public Works to receive a card for that item.', 6);
INSERT INTO public.necrotopia_skillratings VALUES (31, 1, 'With this skill, an individual has been educated in the fields of reading, writing, mathematics, and received minor training in more specialized fields of study. This skill is not required for understanding simple addition, subtraction, reading, or other forms of basic knowledge. Players may choose to have not learned these base engagement skills if they feel it is appropriate for their characters background. They may also choose three Lores from the list in the section Lores below. Lores are used to unlock plot cards with extra information on them in play. In addition, many blueprints are reproduced using this skill (specifics are listed on each individual blueprint).', 27);
INSERT INTO public.necrotopia_skillratings VALUES (32, 2, 'This skill has the skill prerequisite of Basic Education. With this skill, an individual may spend 15 minutes of Active Role-Play with as many people as participate, to teach them all a skill that the teacher already possesses. After the 15 minutes, the person using the skill may spend 1 Mind point per person and write the skill on the others character sheets with their player number next to it. The skill is then available to be used by each person at the next 12s. An individual may also choose to update their sheet with three additional Lores from the list in the section Lores below. Lores are used to unlock plot cards with extra information on them in play.', 27);
INSERT INTO public.necrotopia_skillratings VALUES (33, 3, 'This skill has the skill prerequisite of Proficient Culinary. With this skill, an individual may craft items from blueprints that require the Master Culinary skill. By spending 15 Mind points and 20 minutes of Active Role-Play and Full Engagement in a culinary area, an individual may follow the prerequisites on the blueprint and craft the item on it. They can then turn in materials to the Public Works to receive a card for that item.', 27);
INSERT INTO public.necrotopia_skillratings VALUES (34, 1, 'By spending 5 Mind points a player can use Enhanced Movement, to take up to five steps (for a maximum of 3 seconds) with the Stealth gesture up (their arm in front of their face with their forearm parallel to their mouth). This skill must be used from a place of cover and is intended to assist a player in moving unseen from one area of cover to another are of cover despite direct lines of sight or bright environments.

This skill cannot be initiated in plain sight except when using a second use of the skill, which is to allow the user to escape a combat. Individuals using Basic Enhanced Movement to escape a conflict should not be chased while they take their 5 steps away from the conflict. This skill can be used while carrying one Target character in bleed out to move at full speed for the 5 steps instead of a walking pace (grab and run). In the instance that Alert (Basic Awareness) has been called to see someone using this skill, this skill cannot be used for its first use (stealth) again for for 5 minutes. The use of Alert does not prevent the second usage of Basic Enhanced Movement to escape or carry a Target at full speed for 5 steps since people seeing you carry your friend or run like hell does not prevent you from getting away. This skill cannot be chained or linked with any other mechanic during movement.', 34);
INSERT INTO public.necrotopia_skillratings VALUES (35, 2, 'This skill has the skill prerequisite of Basic Enhanced Movement. By spending 10 Mind points a player can use Enhanced Movement and take up to five steps (for a maximum of 3 seconds) with the out-of- character gesture up. This skill must be used from a place of cover and is intended to assist a player in moving unseen from one area of cover to another despite direct lines of sight or bright environments that would prevent normal use of the Stealth skill. This skill may be used to move from a point of cover to a visible location (e.g., take five quick steps from cover to attack someone). This skill cannot be initiated in plain sight. Awareness (Alert) or other Awareness-related mechanics cannot negate the use of Proficient Enhanced Movement (call No Effect in response). Players using this skill are still affected by all environment restrictions such as physical barriers and area mechanics (no opening doors, avoiding zone effects, moving across immobile areas, etc.) This skill cannot be chained or linked with any other mechanic during movement.', 34);
INSERT INTO public.necrotopia_skillratings VALUES (36, 3, 'This skill has the skill prerequisite of Proficient Enhanced Movement. By spending 20 Mind points a player can use Enhanced Movement and take up to 10 steps (for a maximum of 5 seconds) with the out-of- character gesture up. This skill must be used from a place of cover and is intended to assist a player in moving unseen from one area of cover to another despite direct lines of sight or bright environments that would prevent normal use of the Stealth skill. This skill may be used to move from a point of cover to a visible location (e.g., take 10 quick steps from cover to attack someone). This skill cannot be initiated in plain sight. Awareness (Alert) or other Awareness-related mechanics cannot negate the use of Master Enhanced Movement. Players using this skill can ignore zones of mechanics while in the out-of-character movement portion of the skill (e.g., floor made of lava, poisoned gas area, radiation area, etc.). This skill does not allow players to move through physical objects like walls or ignore locks on doors; however, it allows them to access areas that have an unlikely means of entrance (e.g., a slightly opened window) if that means of entrance is within the allowed 10 steps. Vertical distances are estimated, with uncertainty of distance landing on the side of no you cant. This skill cannot be chained or linked with any other mechanic during movement.', 34);
INSERT INTO public.necrotopia_skillratings VALUES (37, 1, 'Basic Exotic Weapon is a free skill all characters have.', 18);
INSERT INTO public.necrotopia_skillratings VALUES (38, 2, 'This skill has no skill prerequisite, as Basic Exotic Weapon is a free skill all characters have. This skill allows an individual to spend 5 Mind points for a single use of mechanics awarded by Exotic Weapon items that have been crafted to at least a Proficient level.', 18);
INSERT INTO public.necrotopia_skillratings VALUES (39, 3, 'This skill has the skill prerequisite of Proficient Exotic Weapon. This skill allows an individual to spend 10 Mind points for a single use of mechanics awarded by Exotic Weapon items that have been crafted to a Master level.', 18);
INSERT INTO public.necrotopia_skillratings VALUES (40, 1, 'This skill has the prerequisite of being an active follower of a faith or cult that the user was inducted into. By spending 5 Mind points and giving a verbal prayer with their hands over a meal or brew, all of the following effects will be removed from the single brew or meal for immediate consumption: damage done by consuming, damage done by contact, Unconsciousness done by consuming, Stun done by consuming, and other plot effects outlined to be removed by Basic Faithful Miracles. This effect does not permanently remove the negative effects from the item card for the meal or brew but instead temporarily removes them for immediate consumption.', 47);
INSERT INTO public.necrotopia_skillratings VALUES (41, 2, 'This skill has the skill prerequisite of Basic Faithful Miracles and requires the user to have been inducted into a faith or cult and still follow that faith or cult. By spending 10 Mind points the user of this skill may heal a number of their faithful at the same time. This skill has a verbal component and requires Active Role-Play of delivering a benediction specific to their faith. To call this skill say, Psionics: By the Sound of My Voice all (Faith) heal 5. Please note range limits of Sound of My Voice and that this effect will also heal antagonists that share the same faith', 47);
INSERT INTO public.necrotopia_skillratings VALUES (42, 3, 'This skill has the skill prerequisite of Proficient Faithful Miracles and requires the user to have been inducted into a faith or cult and still follow that faith or cult. This skill cannot be used if the user currently has a Fracture (subdued or active). By spending 10 seconds Active Role-Playing channeling the most powerful aspect of the users faith, the user may spend 1 Resolve and engage a Psionic Attack to cause a Target to regain all Body and fix all mangled limbs. After using this skill, the user takes a standard Stun due to backlash of the volume of power they have just released. To call this skill say, Psionic (Faith): Heal all Body, fix limbs.', 47);
INSERT INTO public.necrotopia_skillratings VALUES (43, 1, 'This skill has the prerequisite of choosing a faith to follow. Upon buying this skill an individual chooses a faith or locally-approved cult that they are inducted into, which is recorded on their character sheet. This skill allows an individual to spend 5 Mind points, engage in at least 10 minutes Active Role-Play that includes Active Participation between the user and the Target, and induct a willing participant as a dedicated member of the faith or cult that the user of this skill is a member of. While induction via Basic Faithful Patterns is not required for following the beliefs of a religion, being inducted as a member of a faith and having the baptism recorded on their character sheet opens an individual for additional effects and advantages.', 44);
INSERT INTO public.necrotopia_skillratings VALUES (44, 2, 'This skill has the skill prerequisite of Basic Faithful Patterns and requires the user to have been inducted into a faith or cult and still follow that faith or cult. The user may spend 10 Mind points and engage in a Psionic Attack on a Target, who must then state what faith, if any, they have been inducted into and how long they have been a member of that faith. This skill requires both a verbal component and Active Role-Play of questioning the Target about their faith in order to cause them to confess. If this skill targets a user of the same faith as the user, the Mind point cost is refunded to the user and they may not use the skill knowingly on the same Target for 1 hour. This skill can be countered by Mental Endurance skills and partially by inflicting a Choking Blow on the Target. While a Choking Blow will prevent verbal communication, the Target will still attempt to communicate using nonverbal means. To call this skill say, Psionic: Suggestion: Declare your faith and devotion.', 44);
INSERT INTO public.necrotopia_skillratings VALUES (45, 3, 'This skill has the skill prerequisite of Proficient Faithful Patterns and requires the user to have been inducted into a faith or cult and still follow that faith or cult. This skill cannot be used if the user currently has a Fracture (subdued or active). This skill allows the user to spend 1 Resolve while within a Morgue to allow a Target to enter the post-death Mortis Amaranthine (Grave Mind) scene of another. If the Target entering the scene and the individual whose scene it is are both of the same faith as the individual using this skill then the Target may expend the Resolve they have, while in the scene, on behalf of the person who passed.

This skill may also be used to allow others to enter into other forms of Mortis Amaranthine scenes, such as Graverobber procedures, for the same purpose (it does not bestow the benefit of said procedures to the Targets of this skill).', 44);
INSERT INTO public.necrotopia_skillratings VALUES (46, 1, 'This skill has the prerequisite of being an active follower of a faith or cult that the user was inducted into. By spending 5 Mind points and engaging in a Psionic Attack at a Target who has been inducted into the same faith, the user of this skill can bestow a single use of physical endurance to the Target. This skill causes the Target to be immune to the first use of any Mangle or Blinding effect until the next 12s. This skill does not stack and requires both a verbal component and Active Role-Play. To call this skill say, Psionics (Faith): Immune first Blind or Mangle until next 12s. The user must also write their player number and the skill used in the appropriate area of the Targets character sheet.', 46);
INSERT INTO public.necrotopia_skillratings VALUES (47, 2, 'This skill has the skill prerequisite of Basic Faithful Spirit and requires the user to have been inducted into a faith or cult and still follow that faith or cult. By spending 10 Mind points and 10 minutes in Active Role-Play in prayer, and engaging in a Psionic Attack at a Target who has been inducted into the same faith as the user of this skill, the user can allow the Target to spend a Resolve to call Faithful Spirit: No effect 1 minute to a Killing Blow used on the Target. The effects of this skill last until the next 12 or until the skill has been used. This skill requires that the Target have Resolve available at the time of use; this skill does not prevent standard Bleed Out nor does it allow for multiple sequential uses of Resolve. Only 1 Resolve may be spent per Bleed Out in this way. This skill does not stack and requires both a verbal component and Active Role-Play. To call this skill say, Psionics (Faith): Undying Spirit. The role-play of the prayer should include explaining how the Target of this skill can spend a Resolve.', 46);
INSERT INTO public.necrotopia_skillratings VALUES (48, 3, 'This skill has the skill prerequisite of Proficient Faithful Spirit and requires the user to have been inducted into a faith or cult and still follow that faith or cult. This skill cannot be used if the user currently has a Fracture (subdued or active). This skill allows the user to spend 1 Resolve and engage a Psionic Attack to cause extensive damage to a single zombie Target. To call this effect say, Psionic (Faith): 50 Body to zombies. Remember, some undead (in particular, nasty ones) have some degree of Mental Endurance. Its a good idea to tire out the would-be Target of this skill a bit first if they are a major threat.', 46);
INSERT INTO public.necrotopia_skillratings VALUES (49, 1, 'This skill has the prerequisite of being an active follower of a faith or cult that the user was inducted into. By spending 5 Mind points and engaging in a Psionic Attack at a Target who has been inducted into the same faith, the Target of this skill can ignore the first use of Break: Armor used on them until the next 12s. This skill does not stack and requires both a verbal component and Active Role-Play. To call this skill say, Psionics (Faith): Immune first Break armor until next 12s.', 48);
INSERT INTO public.necrotopia_skillratings VALUES (50, 2, 'This skill has the skill prerequisite of Basic Faith Vessel and requires the user to have been inducted into a faith or cult and still follow that faith or cult. By spending 10 Mind points and engaging in a Psionic Attack on a Target, the user can cause them to become inundated with a debilitating volume of hallucinations centered around the themes of a crisis of faith and otherworldly wrath for 1 minute, making the Target incapable of using any Anomaly skills. To use this skill call, Psionic (Faith): 1 minute no Anomalies.', 48);
INSERT INTO public.necrotopia_skillratings VALUES (51, 3, 'This skill has the skill prerequisite of Proficient Faith Vessel and requires the user to have been inducted into a faith or cult and still follow that faith or cult. This skill cannot be used if the user currently has a Fracture (subdued or active). This skill allows users to spend 1 Resolve to channel the psionic energies related to their faith into their own bodies and trickle the healing energies out of themselves to save others. Once this skill has been used the user gains 5 Psionic Attacks that they may throw to call Heal 10 Body recover 5 Mind over the next 10 minutes. Once the 10 minutes have passed or all 5 Psionic Attacks been used, the user is rendered Unconscious and dropped into Bleed Out (with 0 health) wherever they are. While Unconscious the user of this skill gains two Fractures.', 48);
INSERT INTO public.necrotopia_skillratings VALUES (52, 1, 'This skill has the prerequisite of being an active follower of a faith or cult that the user was inducted into. By spending 5 Mind points and engaging in a Psionic Attack at a Target who has been inducted into the same faith, the user of this skill can soothe all Fractures that the Target is currently experiencing for 1 hour with only a few words. This skill requires both a verbal component and Active Role-Play. To call this skill say, Psionics (Faith): Soothe Fractures.', 45);
INSERT INTO public.necrotopia_skillratings VALUES (53, 2, 'This skill has the skill prerequisite of Basic Faithful Will and requires the user to have been inducted into a faith or cult and still follow that faith or cult. The user may spend 10 Mind points and engage in a religious benediction of at least 20 minutes in length (longer is encouraged) with Active Participation with the Targets of this skill. At the end of the role-play up to five participant Targets of the benediction will have their Bleed Out timer extended to 10 minutes instead of the normal 5 minutes, until the next 12s. This effect does not stack and requires the Targets to be of the same faith as the user. This should be marked down on the back of the Targets character sheets. This skill requires both a verbal component and Active Role-play. To call this skill say, Psionics (Faith): Extended Bleed Out. 

This effect is not modified by the use of Cannibalize to reduce Bleed Out to 1 minute. While the undead can continue to feed and regain Body (and other related mechanics), the use of Cannibalize will not reduce the Bleed Out timer from the augmented 10 minutes to 1', 45);
INSERT INTO public.necrotopia_skillratings VALUES (54, 3, 'This skill has the skill prerequisite of Proficient Faithful Will and requires the user to have been inducted into a faith or cult and still follow that faith or cult. This skill cannot be used if the user currently has a Fracture (subdued or active). This skill allows the user to spend 1 Resolve to engage a Target who is a deceased Strain of the same faith but has not yet rotted away (10 minutes post- death) with a Psionic Attack to cause the Target to go through their postmortem scene, to potentially gain multiple Fractures (scene will be more intense), but not lose an Infection. Use of this skill causes the user to gain a Fracture unless they are willing to spend a second Resolve at the time of use.', 45);
INSERT INTO public.necrotopia_skillratings VALUES (55, 1, 'An individual with this skill may use 5 Mind points while examining a carded item to learn its mechanical effects instantly. If an individual with this skill chooses, they may spend Zero Mind and 5 minutes of Active Role-Play examining a carded item to learn its mechanical effects. This Skill can be used to identify the basic nature of plot related items, determine the expiration date of the item and all mechanical effects that the item may have, including if any poisons have been added, the amount of points on armor, and so forth.', 28);
INSERT INTO public.necrotopia_skillratings VALUES (56, 2, 'This skill has the skill prerequisite of Basic Financial Influence. An individual with this skill can invest 4 local currency into one of six local Financial Institutions during check-in. These groups are in-game extra groups that LCs have the potential to influence during an event. These influences will determine how well a Financial Institution does the following month and they will receive a modifier of -3, -2, -1, 0, 1, 2, or 3. When a person invests in one of these institutions, they pick one and then the Guide roles a six-sided die without letting the player see the result. Players will not know the modifier, but instead will need to guess based on the prior months role-play. The modifier is then added to the result of the die. For a result of one, the person loses 4 local currency. For a roll of two, the person loses 2 local currency. For three, there is no change and the person gains back their 4 local currency. For four, the person receives their 4 local currency back plus 1 more. For five, the person receives their 4 local currency back plus 2 more. For six and above, the person receives their 4 local currency back plus 4 more. An individual may invest in a second Financial Institution for 10 additional Mind points at check-in. This number cannot be increased.', 28);
INSERT INTO public.necrotopia_skillratings VALUES (57, 3, 'This skill has the skill prerequisite of Proficient Financial Influence. An individual with this skill may choose to create a group that is a sister organization to one of the Financial Institutions used for the Proficient Financial Influence check-in skill. They should inform their Home Branch with an Action Request of this decision and state which Financial Institution they choose to ally with.

The individual with this skill then may choose to submit a plot request for Master Financial Influence a month before a game. This submission will allow them to help their sister institution and gain local monetary compensation of up to 10 currency per use of Master Financial Influence if the mission is successful. This may include missions such as guarding precious cargo, smoothing over relations with other Financial Institutions, or other tasks. This will have a direct influence on the institutions standings. If two individuals with Master Financial Influence request a module in the same month, they will find themselves as part of the same module (producing 20 currency total). Individuals with Master Financial Influence may only request one of these modules per month, and may include up to 10 others with some level of the Financial Influence skill. An individual with this skill may also spend 10 Mind points to trade up to 20 trade notes to the local currency, whether its a home game or a travel game. They may also convert up to 20 of the local currency of the game to trade notes for the same Mind point expenditure. This can only be done once per event.

Each game can adjust how module request skills work, within the basic scope of the intent of the skill, to make the skill work for their local game. Please check your games transparency documentation for these details before using the module request portion of this skill.', 28);
INSERT INTO public.necrotopia_skillratings VALUES (58, 1, 'By spending 5 Mind points, an individual may spend 30 minutes of Active Role-Play in local woods or wilderness areas to forage for items. After this time, an individual may mark off the time and Mind expenditure and may choose to receive either 1 Craftable Stone, 1 Tree Nuts, or 1 High Grade Lumber. An individual may also use Basic Foraging to pick up any Foraging cards they find in play. This allows for both the constant provision of materials while still having the opportunity to find more while scrounging. Each Foraging card turned in costs 0 Mind points and will yield 1 Basic Herb or Scrap.', 2);
INSERT INTO public.necrotopia_skillratings VALUES (59, 2, 'This skill has the skill prerequisite of Basic Foraging. An individual with this skill may spend 5 Mind points per card that they find when they turn them into the Public Works to collect the named resource outlined on the card. If individuals turn in cards as per Basic Foraging without spending the Mind points, they simply receive Basic Herb or Basic Scrap. In addition, an individual with Proficient Foraging may spend 10 Mind points and 30 minutes of Active Role-Play looking for items in wilderness areas to receive 1 Combustible Materials or 1 Natural Fibers.', 2);
INSERT INTO public.necrotopia_skillratings VALUES (60, 3, 'This skill has the skill prerequisite of Proficient Foraging. An individual with this skill may spend 15 Mind points and 30 minutes of Active Role-Play looking through the local woods or other wilderness areas to find 1 Psionic Crystals.', 2);
INSERT INTO public.necrotopia_skillratings VALUES (61, 1, 'By spending 5 Mind points and 30 minutes of Active Role-Play fishing in a nearby body of water with a net, fishing pole, or other fishing prop, an individual may fish out 1 Fish or Shellfish. If this same skill is used in a nearby forest for 30 minutes of Active Role-Play to set nonfunctional traps (dont actually try to catch local wildlife), the individual may catch 1 Meat.', 5);
INSERT INTO public.necrotopia_skillratings VALUES (62, 2, 'This skill has the skill prerequisite of Basic Hunting. By spending 5 Mind points and 20 minutes of Active Role-Play drying out Produce with a smokehouse, hanging up fish, or salting items, the user may combine two of the same Produce that are about to expire (must not have already expired) and extend their lifespan for 3 months. After doing the role-play, the user may go to the Public Works and turn in the two Produce cards to receive one new card with a 3-month expiration date.', 5);
INSERT INTO public.necrotopia_skillratings VALUES (63, 3, 'This skill has the skill prerequisite of Proficient Hunting. This skill cannot be used if the user currently has a Fracture (subdued or active). An individual with this skill may spend 1 Resolve and spend 20 minutes of Active Role-Play setting up an elaborate trap with physical representations that include a sheet of paper that states the mechanics. Any creature that wanders onto the physical representation of the traps trigger (which should look like an actual trap and should be anywhere from 1 to 2 feet wide) will trigger the trap. Anyone within the area of effect of the trap trigger will suffer 50 Body damage and be Stunned. After the trap is set off, the effect ends. This trap does not work on members of Lineages or Raiders. Actual traps that could actually harm someone or capture animals may not be used. An individual with Master Hunting skill is also a master of tracking prey. At least a month before an event, they may submit an Action Request to request a big game hunt of a local creature. These big game hunts involve 15 people maximum and may require certain unique skill sets. This hunt can include finding traces of the creature in the local area that must be tracked before discovering its location, and results in multiple appropriate Produce cards as a reward for a successful hunt. An individual with Master Hunting skill may only request one of these modules per month; if multiple individuals with the skill request it on the same month, they may be part of the same module, but will be able to reap the same amount of reward if successful.

Each game can adjust how module request skills work, within the basic scope of the intent of the skill, to make the skill work for their local game. Please check your games transparency documentation for these details before using the module request portion of this skill.', 5);
INSERT INTO public.necrotopia_skillratings VALUES (64, 1, 'With this skill, an individual may spend 5 Mind points and 2 minutes of Active Role-Play and Full Engagement picking a lock to unlock a Basic lock. You do not need a skill to re-lock locks. An individual may also utilize black clothespins and set them on the pockets or bags of Extras, SCs, and LCs in the presence of a Guide. If the person notices you setting the clothespin, they notice you picking their pocket. The Guide can then go up to the individual and ask for one random item card from the Supply Bag that has had a clothespin attached to it that is then delivered to the thief. If the thief is aiming to steal an item clearly displayed on a persons costuming, they must aim to set a clothespin on the area close to that item while mindful of everyones boundaries. For example, if a person has a physical representation of a brew attached to their chest, its okay to set a clothespin on the arm nearest to that brew. Each clothespin affixed costs 5 Mind points. This counts as a CvC action.

A player with this Skill, if under the effect of basic Binds (Binds that do not have a unique item card), may spend 5 Mind points to remove their own Binds.', 29);
INSERT INTO public.necrotopia_skillratings VALUES (65, 2, 'This skill has a prerequisite of Basic Larceny. With this skill, an individual may spend 5 Mind points and 2 minutes of Active Role-Play and Full Engagement picking a lock to unlock a Proficient lock. You do not need a skill to relock locks. A person with Proficient Larceny may also put a black clothespin on the pocket or bag of an Extra, SC, or LC in the presence of a Guide. A person who sees you use the black clothespin knows that youre picking their pocket. Once the clothespin is affixed the Guide will remove the item card of highest value (instead of a random item) located in that bag or pocket and give it to the thief. This counts as a CvC action. Each affixed clothespin costs 5 Mind points.', 29);
INSERT INTO public.necrotopia_skillratings VALUES (66, 3, 'This skill has the skill prerequisite of Proficient Larceny. With this skill, an individual may spend 15 Mind points and 2 minutes of Active Role-Play and Full Engagement picking a lock to unlock a Master lock. You do not need a skill to re-lock locks. Once per event, an individual with Master Larceny may spend 1 Resolve to automatically pass into any locked room or building without the time needed for picking the lock. Like other Resolve skills, this aspect of the skill cannot be used if the user currently has a Fracture (subdued or active). This represents the individuals true mastery of lock picking by unlocking the lock instantly; others may also pass through the now-unlocked door.', 29);
INSERT INTO public.necrotopia_skillratings VALUES (82, 1, 'By spending 5 Mind points, an individual may say Mental Endurance to an Anomaly skill that Targets them. The Anomaly skill then has no effect. This skill may be used in Bleed Out. Basic Mental Endurance may be used each time an Anomaly skill targets you except for Master Pyrokinetics. An individual may also expend 5 Mind points and state Mental Endurance after being tortured with the use of Basic Malicious skill. This allows them to not answer the question that is posed.', 36);
INSERT INTO public.necrotopia_skillratings VALUES (67, 1, 'By spending 5 Mind points, an individual with Basic Malicious skill may spend 5 minutes of Active Role-Play questioning a sentient Target. The user should use interrogation or intimidation tactics or other items to enhance the role-play of the scene. The user may not just talk calmly with the Target. After the 5 minutes, the use says Interrogate and asks the question. The Target must answer one question truthfully. This skill is countered by Basic Mental Endurance, which allows the Target to not answer the question. This counts as a CvC action when used against an LC or SC. A Guide watching the scene may determine whether or not the role-play is sufficient for the skill to work. An individual with Basic Malicious skill may also expend 5 Mind points to tie up a Subdued Target, who will then not be able to move of their own volition, use any skills other than Anomaly skills, or use any items at all, unless stated otherwise on the item card. This skill requires a physical representation of binding of some kind, such as a scarf or a rope. The individual using the skill must actually perform the action of tying up the Targets wrists before the effect can occur; this process should take at least 10 seconds. Make sure to tie to the Targets comfort level and be prepared to simply drape the bindings across the persons wrists, if need be. This skill can only be used on a willing or Subdued Target.', 35);
INSERT INTO public.necrotopia_skillratings VALUES (68, 2, 'This skill has the skill prerequisite of Basic Malicious. With this skill, an individual may painfully break a persons limbs. By spending 5 Mind points and landing a successful Strike on a Targets limb while calling Mangle, an individual with Proficient Malicious skill can cause the Mangle effect on a persons limb. This skill can only be countered by Avoid if delivered from the front.', 35);
INSERT INTO public.necrotopia_skillratings VALUES (69, 3, 'This skill has the skill prerequisite of Proficient Malicious. With this skill, an individual becomes a master of singling out a Target for pain. This skill can be used if the user currently has a Fracture (subdued or active). After spending 1 Resolve and pointing at a Target while saying Death Stalk, an individual using Master Malicious skill may ignore 20 seconds worth of strikes and effects while stalking toward the Target. They cannot deviate from walking toward the Target and cannot attack or swing at others while walking toward the Target, and the Target must be no more than 15 paces away. Once they reach their Target, they must strike the Target and then will begin taking damage and skill effects as per normal.', 35);
INSERT INTO public.necrotopia_skillratings VALUES (70, 1, 'With this skill, an individual can spend 1 minute of Full Engagement role-playing that they are medically assisting a person who is in Bleed Out. At the end of that 1 minute, the person is Stabilized and their Bleed Out counter stops. They cannot run or move quickly, and cannot use any skills when stabilized with Basic Medical skill.

Basic Medical skill also allows a person to use Full Engagement role-play as they check out a person by taking their pulse, checking their eyesight, and other tactics for 1 minute (they cannot just stand and talk to the person). After this time, the person with Basic Medical skill may ask if the person has any Fractures, what the total amount of Body they currently have is and how much they have when uninjured, whether theyre under the effects of any drugs or poisons, and if they have any Diseases. This skill costs 0 Mind points each use.
 
The user of this skill can also spend 30 seconds checking a person to determine if they are under an effect, dead, alive, or Unconscious. This skill level is dependent on crafted equipment for additional medical effects.

Lastly, if a Target is only stabilized, the user of this skill can engage in 2 minutes of Full Engagement role-playing that they are medically assisting a Stabilized target to heal 1 body at zero Mind cost.', 30);
INSERT INTO public.necrotopia_skillratings VALUES (71, 2, 'This skill has the skill prerequisite of Basic Medical. An individual with this skill may use Active Role-Play and Full Engagement while working on a patient, using props and actively operating on them. After 5 minutes of role-play, the person using Proficient Medical skill may use 1 Mind point to allow the person they operated on to regain 2 Body. If the person with Proficient Medical skill wishes to use more Mind points after the 5 minutes, the amount of Body regained also increases (e.g., 2 Mind points for 4 Body and 3 Mind points for 6 Body).

An individual with this Skill may also spend 5 Mind points and 5 minutes using Active Role-Play setting a limb to heal a limb under the effects of Mangle.', 30);
INSERT INTO public.necrotopia_skillratings VALUES (72, 3, 'This skill has the skill prerequisite of Proficient Medical. An individual with this skill may use Active Role-Play and Full Engagement while working on a patient, using props and actively operating on them. After 5 minutes of role-play, the person using Master Medical skill may use 5 Mind points to allow the person they operated on to regain 15 Body.

While more time consuming, an individual with this skill may spend 10 minutes of Active Role-Play and Full Engagement role-play working on a patient to spend 1 Mind to heal 3 Body, with the ability to spend as many mind points as they would like towards additional healing of the Target at the end of that 10 minutes.

Deadlier Diseases require Master Medical to cure, and more advanced equipment and procedures also require Master Medical.', 30);
INSERT INTO public.necrotopia_skillratings VALUES (73, 1, 'Basic Melee Small is a free skill all characters have.', 19);
INSERT INTO public.necrotopia_skillratings VALUES (74, 2, 'This skill has no skill prerequisite, as Basic Melee Small is a free skill all characters have. This skill allows an individual to spend 5 Mind points for a single use of mechanics awarded by Melee Small items that have been crafted to at least a Proficient level.', 19);
INSERT INTO public.necrotopia_skillratings VALUES (75, 3, 'This skill has the skill prerequisite of Proficient Melee Small. This skill allows an individual to spend 10 Mind points for a single use of mechanics awarded by Melee Small items that have been crafted to a Master level', 19);
INSERT INTO public.necrotopia_skillratings VALUES (76, 1, 'Basic Melee Standard is a free skill all characters have.', 20);
INSERT INTO public.necrotopia_skillratings VALUES (77, 2, 'This skill has no skill prerequisite, as Basic Melee Standard is a free skill all characters have. This skill allows an individual to spend 5 Mind points for a single use of mechanics awarded by Melee Standard items that have been crafted to at least a Proficient level.', 20);
INSERT INTO public.necrotopia_skillratings VALUES (78, 3, 'This skill has the skill prerequisite of Proficient Melee Standard. This skill allows an individual to spend 10 Mind points for a single use of mechanics awarded by Melee Standard items that have been crafted to a Master level', 20);
INSERT INTO public.necrotopia_skillratings VALUES (79, 1, 'Basic Melee Two-Handed is a free skill all characters have.', 21);
INSERT INTO public.necrotopia_skillratings VALUES (80, 2, 'This skill has no skill prerequisite, as Basic Melee Two-Handed is a free skill all characters have. This skill allows an individual to spend 5 Mind points for a single use of mechanics awarded by Melee Two-Handed items that have been crafted to at least a Proficient level.', 21);
INSERT INTO public.necrotopia_skillratings VALUES (81, 3, 'This skill has the skill prerequisite of Proficient Melee Two-Handed. This skill allows an individual to spend 10 Mind points for a single use of mechanics awarded by Melee Two-Handed items that have been crafted to a Master level', 21);
INSERT INTO public.necrotopia_skillratings VALUES (83, 2, 'This skill has the skill prerequisite of Basic Mental Endurance. By observing and engaging in Active Participation with a sentient Target for 10 minutes and spending 5 Mind points, an individual with this skill may learn more about the Targets skill set, short-term intent, and mind-set. The individual may not ask the Target questions about prior motives, past events, or aspects the Target cannot perceive. In all, the individual may ask one yes or no question about the Target. Sample questions include Do you plan to attack us this gather? and Are you planning on killing someone here this gather? This skill can be used multiple times, but requires another 10 minutes of observation before each use. Using this skill to actively seek out leverage against another character or cause social/mental harm to that character is considered a CvC action. For example: Do you intend to go to a professional killers meeting this afternoon to talk about murder?', 36);
INSERT INTO public.necrotopia_skillratings VALUES (84, 3, 'This skill has the skill prerequisite of Proficient Mental Endurance. An individual with this skill has become adept at fortifying their mind against Anomaly skills and projects that ability outward. After spending 20 Mind points and 5 minutes of Active Role-Play to fortify their mind against Anomaly skills without any interruptions, the user can declare in a loud, clear voice: Area of effect: No Anomaly skills. This causes an area of effect where no Anomaly skills work (including Master Pyrokinetics) for the next hour. The individual using this skill cannot move from this area of effect during the hour, or the effect ends. When individuals within this zone attempt to use Anomaly skills or when Anomaly skills are used on Targets within this zone, the one using Master Mental Endurance should declare: No effect: Mental Endurance. In addition, if any person under an Anomaly skills effects enters this zone those effects immediately end.', 36);
INSERT INTO public.necrotopia_skillratings VALUES (85, 1, 'Basic Projectile is a free skill all characters have.', 22);
INSERT INTO public.necrotopia_skillratings VALUES (86, 2, 'This skill has no skill prerequisite, as Basic Projectile is a free skill all characters have. This skill allows an individual to spend 5 Mind points for a single use of mechanics awarded by firearm/bow items that have been crafted to at least a Proficient level.', 22);
INSERT INTO public.necrotopia_skillratings VALUES (87, 3, 'This skill has the skill prerequisite of Proficient Projectile. This skill allows an individual to spend 10 Mind points for a single use of mechanics awarded by firearms/bow items that have been crafted to a Master level.', 22);
INSERT INTO public.necrotopia_skillratings VALUES (88, 1, 'With this skill, an individual may spend 5 Mind points at logistics and speak with the Guide overseeing a postmortem Mortis Amaranthine (Grave Mind) scene. When a player has died and is passing through the grave, once the prerequisite player care has been taken care of, Basic Necrokinetics can allow the Target player to listen silently to (but not see or engage) another players post-death scene. Prior to listening to the scene the user must speak to the person running the scene, who will ask those entering the scene if they are willing to allow people to listen. If a scene could be too private or the player within the scene does not feel comfortable with it, they may say no, at which point the effects of Basic Necrokinetics fail and the user of the skill is refunded their 5 Mind points, knowing that the scene is lost within the noise of the shared consciousness.', 43);
INSERT INTO public.necrotopia_skillratings VALUES (89, 2, 'This skill has the skill prerequisite of Basic Necrokinetics. By spending 10 Mind points and engaging in a Psionic Attack, the user can allow the Target to temporarily gain access to a single available Lore (from the Lore list in the section that follows) that the user does not currently have. The knowledge gained by this temporary Lore is gained from whispers from the shared consciousness of the Mortis Amaranthine (Grave Mind) and is available for 30 minutes from the time of use. Users of this skill are encouraged to keep a prop journal with them that contains a list of all lores. When this skill is complete the user (not the Target) gains a Fracture as they have worked as an antenna and funnel for knowledges gained from outside the ability of a minds id and ego. This skill may also be used, based on module design and written restrictions, to gain information in specific Mortis Amaranthinerelated scenes. Staff members are encouraged to create and work with players to create modern and local stories, Lores, and resources from recently dead individuals in the area. Players wanting to use this aspect of the skill in this way should put in a plot request (instead of just doing it on the fly) to allow staff to prepare a great story and experience.', 43);
INSERT INTO public.necrotopia_skillratings VALUES (90, 3, 'This skill has the skill prerequisite of Proficient Necrokinetics. This skill cannot be used if the user currently has a Fracture (subdued or active). By spending 1 Resolve and engaging in a Psionic Attack on a willing or Subdued Target, the Target becomes wracked with pain and Stunned for 5 minutes for every Fracture and each progressed stage of a Disease a Target has, up to a maximum of 30 minutes. During the duration of the removal of Diseases and Fractures the user of this skill must engage the Target in role-playing a form of mental psychic surgery. At the end of the time, the Diseases and Fractures are removed. For example, if the Target has four Fractures and a Disease that has progressed to Stage 4, then the Target would be wracked with pain and Stunned for 30 minutes instead of 40 minutes. Standard time restraints on when a Fracture is gained and when it can be removed still apply. Master Necrokinetics is not a Combat skill and cannot be used in the middle of a skirmish. Before using this skill on an LC or SC, speak with them ahead of time for steering purposes to make sure that they are okay with this change in role-play for their character. The process for rebuilding an individuals health and mind is in truth agitating the Mortis Amaranthine and the connection that exists between the Infection and the shared undead consciousness. If an individual has more than a total of three stages of Disease (single Disease or shared Disease levels) or three or more Fractures removed this way, this action must be reported to Logistics so that staff have the option of transferring these Diseases and Fractures to zombie threats that are out in the world (or other plot uses such as Disease Mutation and Outbreaks). This counts as a CvC action when used against unwilling and Subdued LCs or SCs.', 43);
INSERT INTO public.necrotopia_skillratings VALUES (91, 1, 'With this skill, an individual may spend 5 Mind points and make a Psionic Attack to cause 5 Body damage. This effect is instantaneous and can be used as a Killing Blow. To call this effect, say, Psionic: 5 Body. This skill may also be used on a blueprint, brew, or meal to cause the single item struck to be destroyed. To use this effect call Psionic: Break (Blueprint, Brew, or Meal). If this effect is being used on a target being held by a person, that person may counter with effects from the Mental Endurance tree if they have the skills to do so. If the target is not currently being held by a person, or that person does not have Mental Endurance, defense skills cannot be used to counter a Psionic Attack.', 40);
INSERT INTO public.necrotopia_skillratings VALUES (92, 2, 'This skill has the skill prerequisite of Basic Pyrokinetics. By spending 10 Mind points and making a Psionic Attack the user may do grievous harm to a Target. To call this skill say, Psionic: 20 Body. Use of this skill causes the hands of the user to ash and char over time, which should be costumed appropriately.', 40);
INSERT INTO public.necrotopia_skillratings VALUES (93, 3, 'This skill has the skill prerequisite of Proficient Pyrokinetics. This skill cannot be used if the user currently has a Fracture (subdued or active) and use of this skill causes the user to gain 1 Fracture. By spending 1 Resolve, all Targets within a 3 step range erupt into flames. This is a brute force attack and does not allow the user to limit their targeting (meaning it targets everyone within the area including friends, foes, and users themselves). This skill may be used during Bleed Out and is a favorite to cause spiteful damage to a swarm of undead consuming the user. To use this skill say, Psionic: 3 Steps30 Body, Self Break all Brews and Injections. This counts as a CvC action when used against LCs or SCs. This skill cannot be defended against by Basic Mental Endurance, but can be countered by Master Mental Endurance.', 40);
INSERT INTO public.necrotopia_skillratings VALUES (94, 1, 'By spending 5 Mind points, an individual with Basic Sailing can sail a ship during any sailing modules during play. Sailing modules include ship-based modules where individuals may need to engage in toyetic play. An individual with Basic Sailing may also use items that require Basic Sailing and may purchase one item off of the Sailing: Basic category from the list in Public Works once per event.', 37);
INSERT INTO public.necrotopia_skillratings VALUES (95, 2, 'This skill has the skill prerequisite of Basic Sailing. With Proficient Sailing, an individual may use any equipment that requires Proficient Sailing. In addition, an individual with this skill may spend 5 Mind points and state Im the captain while sailing a ship during a sailing module during play to ignore any damage and skill effects being done to them for 1 minute. During this time, the user cannot engage in combat or use any skills other than sailing the ship. An individual with Proficient Sailing may also purchase one item off of the Sailing: Proficient category from the list at Public Works once per event.', 37);
INSERT INTO public.necrotopia_skillratings VALUES (96, 3, 'This skill has the skill prerequisite of Proficient Sailing. An individual with Master Sailing may spend 10 Mind points during a sailing module during play and say, Hard to starboard! while sailing the ship. This causes any enemies on the ship to temporarily be knocked off the ship for 1 minute as the person with Master Sailing quickly turns the ship, unbalancing them. In addition, those with Master Sailing may use items and equipment that require Master Sailing and may purchase 1 item off of the Sailing: Master category from the list at the Public Works once per event. 

An individual with Master Sailing may also submit an Action Request 1 month in advance to request a sailing module. Up to 10 others may participate in this sailing module if they have any tier of the Sailing skill. The individual with the Master Sailing skill may only request this module once per event. If multiple people request a sailing module in the same month, then they will participate in the same module. If the module is successfully completed, each person will receive Gizmo: Free X Sailing Voucher, where X is the tier of the Sailing skill that they possess. For example, an individual with Basic Sailing would receive Gizmo: Free Basic Sailing Voucher. This gizmo will allow them to go to the Public Works an additional time during an event to receive a free item from the Sailing category that the gizmo is for. For example, a person with Gizmo: Free Basic Sailing Voucher would receive one free item from the Sailing: Basic category list.

Each game can adjust how module request skills work, within the basic scope of the intent of the skill, to make the skill work for their local game. Please check your games transparency documentation for these details before using the module request portion of this skill.', 37);
INSERT INTO public.necrotopia_skillratings VALUES (97, 1, 'With this skill, an individual can spend 5 Mind points and 30 minutes of Active Role-Play in a wilderness area searching for wreckage or other items. After that time, they may go to the Public Works to receive either 1 Machined Components or 1 Synthetic Fibers. This skill can also be used with Basic Salvage item cards to produce resources (see Salvage Item cards on page 168 for more details.)', 3);
INSERT INTO public.necrotopia_skillratings VALUES (98, 2, 'This skill has the skill prerequisite of Basic Salvaging. With this skill, an individual can spend 10 Mind points and 30 minutes of Active Role-Play in a wilderness area searching for wreckage or other items. After that time, they may go to the Public Works to receive either 1 Plastics or 1 Mechanical Components. This skill can also be used with Proficient Salvage item cards to produce resources (see Salvage Item cards for more details.)', 3);
INSERT INTO public.necrotopia_skillratings VALUES (99, 3, 'This skill has the skill prerequisite of Proficient Salvaging. With this skill, an individual may spend 15 Mind points and 30 minutes of Active Role-Play in a wilderness area searching for wreckage or other items. After that time, they may go to the Public Works to receive 1 Recovered Electronics. This skill can also be used with Master Salvage item cards to produce resources (see Salvage Item cards on page 162 for more details.)', 3);
INSERT INTO public.necrotopia_skillratings VALUES (100, 1, 'Basic Shield is a free skill all characters have.', 23);
INSERT INTO public.necrotopia_skillratings VALUES (101, 2, 'This skill has no skill prerequisite, as Basic Shield is a free skill all characters have. This skill allows an individual to spend 5 Mind points for a single use of mechanics awarded by Shield items that have been crafted to at least a Proficient level.', 23);
INSERT INTO public.necrotopia_skillratings VALUES (102, 3, 'This skill has the skill prerequisite of Proficient Shield. This skill allows an individual to spend 10 Mind points for a single use of mechanics awarded by Shield items that have been crafted to a Master level.', 23);
INSERT INTO public.necrotopia_skillratings VALUES (103, 1, 'An individual with this skill may learn up to five very valuable pieces of information at check-in or at the Public Works once the event has started, due to chatting and talking with people between gathers. This can include times of meetings, information about the plot that month, and other useful details. An individual with this skill is also recognized as a well-known face within town. During any private meeting or event, a person with Basic Social Influence may simply spend 5 Mind points to gain access. This goodwill lasts for 30 minutes before an individual must use the skill again to remain in attendance. The person using this skill should act like they belong at the event and should ingratiate themselves into the environment so that it seems like they belong and that theyre an okay person to have around. This does not prevent repercussions later.', 31);
INSERT INTO public.necrotopia_skillratings VALUES (104, 2, 'This skill has the skill prerequisite of Basic Social Influence. With this skill, an individual may spend 10 Mind points while talking to a person extensively during 30 minutes, engaging in Active Participation with the other person as the individual attempts to resolve any issues that they may have. At the end of 30 minutes, 1 Fracture is resolved if the Target and the user of this skill agree that the Fracture was addressed and resolved. In the instance that the Target does not feel it was, they may require more time and engagement to work on the Fracture. Remember that once a Fracture has been gained, you cannot remove or suppress it for the first 2 hours after it is added to a character sheet', 31);
INSERT INTO public.necrotopia_skillratings VALUES (105, 3, 'This skill has the skill prerequisite of Proficient Social Influence. With this skill, an individual may spend 1 Resolve while talking to a person extensively for 30 minutes, engaging in Active Role-Play with the Target as the individual attempts to resolve any issues that the Target may have. This does not resolve Fractures. At the end of 30 minutes, the Target gains 1 Resolve. This skill cannot be used if the user currently has a Fracture (subdued or active).', 31);
INSERT INTO public.necrotopia_skillratings VALUES (106, 1, 'By spending 5 Mind points, an individual with this skill may put up the Stealth symbol while under cover after dark and away from bright lights and may remain unseen as long as the Stealth symbol is raised. The user can walk around, but must make every effort to be stealthy while using this skill and cannot talk or interact with objects or Basic Stealth immediately ends.', 38);
INSERT INTO public.necrotopia_skillratings VALUES (107, 2, 'This skill has the skill prerequisite of Basic Stealth. An individual with Proficient Stealth may spend 10 minutes camouflaging themselves or a Target with costuming appropriate to the local terrain. After 10 minutes, the user may then immediately expend 10 Mind points after night falls and the Target may put up the Stealth symbol three times total in the next hour. The Target cannot use the Stealth symbol in artificial or bright light. If an individual uses the Awareness skill, the Stealth skill is immediately canceled and cannot be used again for another 5 minutes. Examples of camouflage costume changes include using camouflage fabric and costuming appropriate to the local terrain (mottled whites if its snowy and mottled greens if its forested) that actually helps the person blend into their environment in real life.

 An individual with this skill may also do a full costume change, including heavy makeup or face covering, and may spend 5 Mind points to be in disguise for a total of 30 minutes. The user must make every attempt to keep players from recognizing them out of character. While in disguise, the user must craft an alternate persona with a different Strain, personality, and mind-set that does not mimic another LC, SC, or Extra. At the end of the 30 minutes, the person may expend another 5 Mind points to continue acting as the same persona for another 30 minutes. While in disguise, other Extras, SCs, and LCs cannot recognize the character for who they are. The Awareness skill does not counter the disguise.', 38);
INSERT INTO public.necrotopia_skillratings VALUES (108, 3, 'This skill cannot be used if the user currently has a Fracture (subdued or active) or if they are suffering from at least two Mangled Limbs. An individual with Master Stealth may spend 1 Resolve and declare Never here. They should then immediately put the out-of-game symbol above their head and go to Logistics. They will then be spawned into the world in a different location per Guide discretion. This skill represents an individual throwing down a smoke bomb or other device that gives them a screen in order to get away.

This skill is countered by the mechanical skill of No Escape which exists in rare single use items and is a skill that certain higher tier threat antagonists. If this skill is is countered with No Escape the user attempting to use Master Stealth does not gain a Fracture but still expends the 1 Resolve. The Awareness skill does not counter the use of Never Here.', 38);
INSERT INTO public.necrotopia_skillratings VALUES (109, 1, 'With this skill, an individual may spend 5 Mind points and make a Psionic Attack to cause a Target to drop what they have in one of their hands and send it at least one step toward the user of Telekinetics. If an item requires two hands to carry or use, then the item in both hands is dropped. The downward force of this psionic impulse is strong enough that it will break any tethering-like equipment that a Target may have attached to their equipment to prevent it from hitting the ground. To call this effect say, Psionic: Drop (left hand/right hand) toward me.', 41);
INSERT INTO public.necrotopia_skillratings VALUES (110, 2, 'This skill has the skill prerequisite of Basic Telekinetics. The user may spend 10 Mind points and make a Psionic Attack on a Target, who will be thrown through the air and land Stunned five steps opposite the direction of the user or until they hit a much larger solid object (e.g., wall, tree, inbound train, etc.). People are not enough to prevent a Target from being pushed back by Proficient Telekinesis. To call this skill say, Psionic: Knock back five steps and Stun. Users of this skill may use it on themselves to propel themselves without touching the ground for five steps. This may be used to avoid five feet of ground plot mechanics (e.g., a floor of lava) or to propel themselves when they are unable to use their limbs to move. Self-use still includes 5 seconds of Stun at the end.', 41);
INSERT INTO public.necrotopia_skillratings VALUES (111, 3, 'This skill has the skill prerequisite of Proficient Telekinetics. This skill cannot be used if the user currently has a Fracture (subdued or active). By spending 1 Resolve and engaging a Target with a Psionic Attack, the user of this skill can call, Break all armor and brews. The counter for this skill is the Mental Endurance skill tree, and this counts as one Psionic Attack, meaning that negating the skill once causes it to be negated for all effects. This counts as a CvC action when used against LCs or SCs.', 41);
INSERT INTO public.necrotopia_skillratings VALUES (112, 1, 'With this skill, an individual may spend 5 Mind points, make eye contact, and make a Psionic Attack on a Creature (made with Support Guide) while saying no more than three words. These three words may be basic instructions that the Beast will follow until they are harmed (e.g., lose health or an effect), until the instructions cause the Creature to act in a self-destructive way, until 10 minutes have passed, or until they reach a point where the request is outside their capacities (e.g., asking a fish to fly, a goat to play a guitar, etc.). Be forewarned: It should be noted that if a creature is instructed to attack someone, and the creature is wounded by the person they are attacking, breaking the Telepathy most likely will not stop the wounded Critter from attacking since it was just attacked. It should also be noted that some larger or more dangerous creatures may have some limited means of Mental Endurance! Remember, Creatures are still being represented by Extras, and while it may seem funny to make your friends do embarrassing things, you should respect Extras comfort levels and limitations. To call this effect say, Psionic: Suggestion ([three words here]).', 42);
INSERT INTO public.necrotopia_skillratings VALUES (113, 2, 'This skill has the skill prerequisite of Basic Telepathy. The user may spend 10 Mind points, make eye contact, and engage in a Psionic Attack on a Target, who must then speak without a filter (all internalized thoughts become vocalized) for 5 minutes. While the Target of this skill has a great degree of agency regarding what information they want to share for flavor text, any question that is asked of the Target in the 5 minutes must be answered without limitation. This skill does not cause traditionally mute characters to speak; however, targeted mute characters will do their best to communicate. This skill can be countered by Mental Endurance skills and partially by inflicting a Choking Blow on the Target. While a Choking Blow will prevent verbal communication, the Target will still attempt to communicate using nonverbal means. The Target cannot choose to just not speak if the effect is successful. To call this skill say, Psionic: Suggestion: Speak without filters.', 42);
INSERT INTO public.necrotopia_skillratings VALUES (114, 3, 'This skill has the skill prerequisite of Proficient Telepathy. This skill cannot be used if the user currently has a Fracture (subdued or active). By spending 1 Resolve and engaging a Target with a Psionic Attack, the Target becomes overwhelmed with the sights, sounds, and visions that flood the mind until the mind is incapable of handling any more and it shuts off. To call this attack say, Psionic: Blinding, Stun, 10 Body. This attack counts as a single attack, and if the Target wishes to resist with Mental Endurance (and has the skills to do so) only a single use is required to negate all effects. This counts as a CvC action when used against LCs or SCs.', 42);
INSERT INTO public.necrotopia_skillratings VALUES (115, 1, 'Basic Thrown Weapon is a free skill all characters have', 24);
INSERT INTO public.necrotopia_skillratings VALUES (116, 2, 'This skill has no skill prerequisite, as Basic Thrown Weapon is a free skill all characters have. This skill allows an individual to spend 5 Mind points for a single use of mechanics awarded by Thrown Weapon items that have been crafted to at least a Proficient level.', 24);
INSERT INTO public.necrotopia_skillratings VALUES (117, 3, 'This skill has the skill prerequisite of Proficient Thrown Weapon. This skill allows an individual to spend 10 Mind points for a single use of mechanics awarded by Thrown Weapon items that have been crafted to a Master level.', 24);
INSERT INTO public.necrotopia_skillratings VALUES (118, 1, 'An individual with this skill may gain access to a specialty buyers list at the Public Works. Once per event, they may purchase a single item from the Basic Trade Connections list. In addition, an individual may trade up to three Uncommon Herb for three Uncommon Scrap at the Public Works once per event', 32);
INSERT INTO public.necrotopia_skillratings VALUES (119, 2, 'This skill has the skill prerequisite of Basic Trade Connections. An individual with this skill may gain access to a specialty buyers list at the Public Works. Once per event, they may purchase a single item from the Proficient Trade Connections list. In addition, an individual may trade up to three Rare Herb for three Rare Scrap at the Public Works once per event.', 32);
INSERT INTO public.necrotopia_skillratings VALUES (120, 3, 'This skill has the skill prerequisite of Proficient Trade Connections. An individual with this skill may gain access to a specialty buyers list at the Public Works. Once per event, they may purchase a single item from the Master Trade Connections list. In addition, an individual may trade up to three Named Herb for three Named Scrap at the Public Works once per event.', 32);
INSERT INTO public.necrotopia_skillratings VALUES (121, 1, 'By spending 5 Mind points, an individual with Basic Trailblazing may engage in any toyetic modules that involve driving Diesel Jock rides. A person with Basic Trailblazing may also use any items that require Basic Trailblazing. In addition, an individual with Basic Trailblazing knows where to find rare metals and materials while on the road; they may spend 5 Mind points and go to the Public Works once per event to collect either 1 Alloy Metal or 1 Conductive Metal.', 1);
INSERT INTO public.necrotopia_skillratings VALUES (122, 2, 'This skill has the skill prerequisite of Basic Trailblazing. By spending 5 Mind points at the beginning of game, an individual with Proficient Trailblazing may skip any opening modules when visiting a home or away game and enter directly into play as long as they have a ride of some kind. They may also use any items that require Proficient Trailblazing. In addition, individuals with Proficient Trailblazing know where to find rare metals and materials while on the road; they may spend 5 Mind points and go to the Public Works once per event to collect either 1 Hard Metal or 1 Radioactive Metal.', 1);
INSERT INTO public.necrotopia_skillratings VALUES (123, 3, 'This skill has the skill prerequisite of Proficient Trailblazing. By spending 10 Mind points at the beginning of game play, an individual may use their ride to carry up to three others into play, allowing them to skip the opening module in a home or travel game. In addition, an individual with Master Trailblazing knows where to find rare metals and materials while on the road; they may spend 10 Mind points and go to the Public Works once per event to collect 1 Soft Metal.', 1);
INSERT INTO public.necrotopia_skillratings VALUES (124, 1, 'Basic Unarmed Combat is a free skill all characters have.', 25);
INSERT INTO public.necrotopia_skillratings VALUES (125, 2, 'This skill has no skill prerequisite, as Basic Unarmed Combat is a free skill all characters have. This skill allows an individual to spend 5 Mind points for a single use of mechanics awarded by Unarmed Combat items that have been crafted to at least a Proficient level. With Proficient Unarmed Combat a player using brawlers may block with their brawlers without taking damage or effects from Strikes that land on the brawlers. Strikes that land on the rest of the real arm (not the brawlers) still count as legal Strikes.', 25);
INSERT INTO public.necrotopia_skillratings VALUES (126, 3, 'This skill has the skill prerequisite of Proficient Unarmed Combat. This skill allows an individual to spend 10 Mind points for a single use of mechanics awarded by Unarmed Combat items that have been crafted to a Master level. By spending 10 Mind points and landing a successful Strike with a brawler to the torso (no other means), a character with this skill can call Knockout. This causes the Target of the skill to fall over Unconscious and remain Unconscious for 5 minutes or until the Target takes any damage or any form of mechanical effect (after completion), or until someone role-plays at least 30 seconds of working to rouse the Unconscious character.', 25);


--
-- TOC entry 3856 (class 0 OID 37378)
-- Dependencies: 273
-- Data for Name: necrotopia_title; Type: TABLE DATA; Schema: public; Owner: doadmin
--

INSERT INTO public.necrotopia_title VALUES (1, 'Mr.');
INSERT INTO public.necrotopia_title VALUES (2, 'Mrs.');
INSERT INTO public.necrotopia_title VALUES (3, 'Ms.');
INSERT INTO public.necrotopia_title VALUES (4, 'Mx.');
INSERT INTO public.necrotopia_title VALUES (5, 'Dr.');


--
-- TOC entry 3858 (class 0 OID 37382)
-- Dependencies: 275
-- Data for Name: necrotopia_usefullinks; Type: TABLE DATA; Schema: public; Owner: doadmin
--



--
-- TOC entry 3860 (class 0 OID 37388)
-- Dependencies: 277
-- Data for Name: necrotopia_userprofile; Type: TABLE DATA; Schema: public; Owner: doadmin
--

INSERT INTO public.necrotopia_userprofile VALUES (2, 'pbkdf2_sha256$600000$1FZmf0D7UJTR64jViUR7p1$glpCpoN/t/ZNoAz0gmPJIPX1fv0t5x5T73j+8gj70as=', '2023-06-14 01:36:49.640612+00', '', '', 'wlcarden@gmail.com', NULL, false, true, false, '2023-06-14 01:28:53.504357+00', NULL, NULL, NULL, true);
INSERT INTO public.necrotopia_userprofile VALUES (4, 'pbkdf2_sha256$600000$LZJ9YvFMmQlmHi8w9qX4MT$o3ui0wZ+h9PM7+GDQe8DygMrq6ToQWZmG2qUA5OCdT0=', '2023-07-23 23:33:03+00', 'Jason P.', 'Jason Popelsky', 'steaknbits@gmail.com', NULL, true, true, false, '2023-07-23 23:32:12+00', NULL, 8, 1, true);
INSERT INTO public.necrotopia_userprofile VALUES (1, 'pbkdf2_sha256$600000$KzaYmJHS39G2JBWG46fsg0$X7IgQ3/tdRPH/0dqpK+yKMcebHTprktj1n1bVzehQKs=', '2023-07-24 23:15:26.373062+00', 'Eiredrake', 'Ed Kramer', 'eiredrake@gmail.com', 'whatever', true, true, true, '2023-06-07 19:23:19+00', NULL, 8, 1, true);
INSERT INTO public.necrotopia_userprofile VALUES (3, 'pbkdf2_sha256$600000$pKEkvoQUf7TomW55F1lJOP$59s5T3+KqFrc9s3wh7E8geTgFSLg14d4uusbaKVM+BI=', '2023-07-21 01:51:42+00', 'Michael', 'Sir', 'fleahcim@earthlink.net', NULL, true, true, false, '2023-06-27 17:56:14+00', NULL, 1, 1, true);


--
-- TOC entry 3861 (class 0 OID 37394)
-- Dependencies: 278
-- Data for Name: necrotopia_userprofile_groups; Type: TABLE DATA; Schema: public; Owner: doadmin
--

INSERT INTO public.necrotopia_userprofile_groups VALUES (1, 3, 1);


--
-- TOC entry 3864 (class 0 OID 37399)
-- Dependencies: 281
-- Data for Name: necrotopia_userprofile_user_permissions; Type: TABLE DATA; Schema: public; Owner: doadmin
--



--
-- TOC entry 3875 (class 0 OID 37893)
-- Dependencies: 292
-- Data for Name: necrotopia_wallet; Type: TABLE DATA; Schema: public; Owner: doadmin
--

INSERT INTO public.necrotopia_wallet VALUES (1, 'First Game Wallet', '2023-07-27 09:36:40.351107+00', 1, NULL, NULL);


--
-- TOC entry 3879 (class 0 OID 37912)
-- Dependencies: 296
-- Data for Name: necrotopia_walletitem; Type: TABLE DATA; Schema: public; Owner: doadmin
--

INSERT INTO public.necrotopia_walletitem VALUES (2, NULL, 20);


--
-- TOC entry 3877 (class 0 OID 37901)
-- Dependencies: 294
-- Data for Name: necrotopia_walletobjectbase; Type: TABLE DATA; Schema: public; Owner: doadmin
--

INSERT INTO public.necrotopia_walletobjectbase VALUES (1, 1, '2023-07-27', '2023-07-27', NULL, 1);
INSERT INTO public.necrotopia_walletobjectbase VALUES (2, 1, '2023-07-27', '2023-07-27', NULL, 1);


--
-- TOC entry 3878 (class 0 OID 37907)
-- Dependencies: 295
-- Data for Name: necrotopia_walletresource; Type: TABLE DATA; Schema: public; Owner: doadmin
--

INSERT INTO public.necrotopia_walletresource VALUES (1, 7);


--
-- TOC entry 3866 (class 0 OID 37403)
-- Dependencies: 283
-- Data for Name: password_history_passwordhistory; Type: TABLE DATA; Schema: public; Owner: doadmin
--

INSERT INTO public.password_history_passwordhistory VALUES (1, 'pbkdf2_sha256$200000$EltPmyBPma88mAcsrcX6xvimGEhy5xaipvwMjpCnrpOou0VZm2yA3VnDzCMaSMFmzbFZLjcw0EbhRo8Xwj1jfrq7lQSqRZfCPATcjDwRoa2KAmgi14tIp656$0hMGDip095dMuaujLGDCfV1EmmNHaapd71n+GAFB6PQ=', '2023-06-07 19:23:19.613791+00', 1);
INSERT INTO public.password_history_passwordhistory VALUES (2, 'pbkdf2_sha256$200000$2PihSe4fzkqFUD4xsJgVDIUtnIfpLTOipVeBHedCELzqRfwb3p7IGyvbdL9YKapya8W9xjXE6JdjngIFEDb5GY9GvyboDrw5OcgfUHRU8hBEUSmEAF3WmXL8$1tkIg1O6YvJQwPdfKCrUtTMYfF3YX89xXTLwPeZi1P0=', '2023-06-14 01:28:54.074653+00', 2);
INSERT INTO public.password_history_passwordhistory VALUES (3, 'pbkdf2_sha256$200000$LZhK2fQd7poH7VozVzCDGJdyj5Gpq4D0iszUgZfSNEcvSCNr39PlXwx1iZStDBTGXpGHLW1Lkxhvyza5a2REToc7qkqCOe9ojCp70RmB7ynRchX7BUXO496Z$AjZd69en8P9bncYDFXZJdHMt2ziDLc15adhT2hQHL+M=', '2023-06-27 17:56:15.092097+00', 3);
INSERT INTO public.password_history_passwordhistory VALUES (4, 'pbkdf2_sha256$200000$xizElea29pTZgqELLC0UXEJAd0eNRF2utT2JGFZVrUvFYG8Pi5R5sqs8qyZgjwH57swF0GR1EfexDntPOV9UUHJZszg99YApYjoVIDlsI3Y1O6pwezXvsesJ$VmqBRZv8LOAp38xInHlM5JwdH8lLHADjhgGfMNDXQH4=', '2023-07-23 23:32:12.712751+00', 4);


--
-- TOC entry 3868 (class 0 OID 37407)
-- Dependencies: 285
-- Data for Name: password_history_userpasswordhistoryconfig; Type: TABLE DATA; Schema: public; Owner: doadmin
--

INSERT INTO public.password_history_userpasswordhistoryconfig VALUES (1, '2023-06-07 19:23:19.469502+00', 'EltPmyBPma88mAcsrcX6xvimGEhy5xaipvwMjpCnrpOou0VZm2yA3VnDzCMaSMFmzbFZLjcw0EbhRo8Xwj1jfrq7lQSqRZfCPATcjDwRoa2KAmgi14tIp656', 200000, 1);
INSERT INTO public.password_history_userpasswordhistoryconfig VALUES (2, '2023-06-14 01:28:53.948825+00', '2PihSe4fzkqFUD4xsJgVDIUtnIfpLTOipVeBHedCELzqRfwb3p7IGyvbdL9YKapya8W9xjXE6JdjngIFEDb5GY9GvyboDrw5OcgfUHRU8hBEUSmEAF3WmXL8', 200000, 2);
INSERT INTO public.password_history_userpasswordhistoryconfig VALUES (3, '2023-06-27 17:56:14.958465+00', 'LZhK2fQd7poH7VozVzCDGJdyj5Gpq4D0iszUgZfSNEcvSCNr39PlXwx1iZStDBTGXpGHLW1Lkxhvyza5a2REToc7qkqCOe9ojCp70RmB7ynRchX7BUXO496Z', 200000, 3);
INSERT INTO public.password_history_userpasswordhistoryconfig VALUES (4, '2023-07-23 23:32:12.590518+00', 'xizElea29pTZgqELLC0UXEJAd0eNRF2utT2JGFZVrUvFYG8Pi5R5sqs8qyZgjwH57swF0GR1EfexDntPOV9UUHJZszg99YApYjoVIDlsI3Y1O6pwezXvsesJ', 200000, 4);


--
-- TOC entry 3870 (class 0 OID 37411)
-- Dependencies: 287
-- Data for Name: tagging_tag; Type: TABLE DATA; Schema: public; Owner: doadmin
--

INSERT INTO public.tagging_tag VALUES (1, 'metal');
INSERT INTO public.tagging_tag VALUES (2, 'trailblazing');
INSERT INTO public.tagging_tag VALUES (3, '''heavy'']');
INSERT INTO public.tagging_tag VALUES (4, '''trailblazing''');
INSERT INTO public.tagging_tag VALUES (5, '[''metal''');
INSERT INTO public.tagging_tag VALUES (6, 'heavy');
INSERT INTO public.tagging_tag VALUES (7, '''heavy''');
INSERT INTO public.tagging_tag VALUES (8, '''trailblazing'']');
INSERT INTO public.tagging_tag VALUES (9, '''hurts''');
INSERT INTO public.tagging_tag VALUES (10, '''my'']');
INSERT INTO public.tagging_tag VALUES (11, '[''ass''');
INSERT INTO public.tagging_tag VALUES (12, 'ass');
INSERT INTO public.tagging_tag VALUES (13, 'hurts');
INSERT INTO public.tagging_tag VALUES (14, 'my');
INSERT INTO public.tagging_tag VALUES (15, '[''trailblazing'']');
INSERT INTO public.tagging_tag VALUES (16, '''resources'']');
INSERT INTO public.tagging_tag VALUES (17, '[''trailblazing''');
INSERT INTO public.tagging_tag VALUES (18, 'resources');
INSERT INTO public.tagging_tag VALUES (19, '[''resources'']');
INSERT INTO public.tagging_tag VALUES (20, '''resource'']');
INSERT INTO public.tagging_tag VALUES (21, '[''herb''');
INSERT INTO public.tagging_tag VALUES (22, 'herb');
INSERT INTO public.tagging_tag VALUES (23, 'resource');
INSERT INTO public.tagging_tag VALUES (24, '[''resource''');
INSERT INTO public.tagging_tag VALUES (25, '[''rule'']');
INSERT INTO public.tagging_tag VALUES (26, 'rule');
INSERT INTO public.tagging_tag VALUES (27, '''conduct'']');
INSERT INTO public.tagging_tag VALUES (28, '[''rule''');
INSERT INTO public.tagging_tag VALUES (29, 'conduct');
INSERT INTO public.tagging_tag VALUES (30, '''combat'']');
INSERT INTO public.tagging_tag VALUES (31, '[''nopes''');
INSERT INTO public.tagging_tag VALUES (32, 'combat');
INSERT INTO public.tagging_tag VALUES (33, 'nopes');
INSERT INTO public.tagging_tag VALUES (34, 'dodge');
INSERT INTO public.tagging_tag VALUES (35, 'candlepin');
INSERT INTO public.tagging_tag VALUES (36, 'gizmo');
INSERT INTO public.tagging_tag VALUES (37, 'grave');
INSERT INTO public.tagging_tag VALUES (38, 'medical');
INSERT INTO public.tagging_tag VALUES (39, 'mortis');
INSERT INTO public.tagging_tag VALUES (40, 'psionic');
INSERT INTO public.tagging_tag VALUES (41, 'undead');
INSERT INTO public.tagging_tag VALUES (42, 'daline');
INSERT INTO public.tagging_tag VALUES (43, 'religion');
INSERT INTO public.tagging_tag VALUES (44, 'society');
INSERT INTO public.tagging_tag VALUES (45, 'econ');
INSERT INTO public.tagging_tag VALUES (46, 'financial');
INSERT INTO public.tagging_tag VALUES (47, 'freeiron');
INSERT INTO public.tagging_tag VALUES (48, 'security');
INSERT INTO public.tagging_tag VALUES (49, 'florentine');
INSERT INTO public.tagging_tag VALUES (50, 'melee');
INSERT INTO public.tagging_tag VALUES (51, 'larceny');
INSERT INTO public.tagging_tag VALUES (52, 'shady');
INSERT INTO public.tagging_tag VALUES (53, 'single user');
INSERT INTO public.tagging_tag VALUES (54, '''townies'']');
INSERT INTO public.tagging_tag VALUES (55, '[''brew''');
INSERT INTO public.tagging_tag VALUES (56, 'brew');
INSERT INTO public.tagging_tag VALUES (57, 'townies');
INSERT INTO public.tagging_tag VALUES (58, 'body');
INSERT INTO public.tagging_tag VALUES (59, 'mind');
INSERT INTO public.tagging_tag VALUES (60, 'augment');
INSERT INTO public.tagging_tag VALUES (61, 'bow');
INSERT INTO public.tagging_tag VALUES (62, 'firearm');
INSERT INTO public.tagging_tag VALUES (63, 'thrown');
INSERT INTO public.tagging_tag VALUES (64, 'container');
INSERT INTO public.tagging_tag VALUES (65, 'trap');
INSERT INTO public.tagging_tag VALUES (66, 'hooch');
INSERT INTO public.tagging_tag VALUES (67, 'ingested');
INSERT INTO public.tagging_tag VALUES (68, 'slappi');
INSERT INTO public.tagging_tag VALUES (69, '2h');
INSERT INTO public.tagging_tag VALUES (70, 'overpower');
INSERT INTO public.tagging_tag VALUES (71, 'two handed');
INSERT INTO public.tagging_tag VALUES (72, 'paradigm');
INSERT INTO public.tagging_tag VALUES (73, 'OF');
INSERT INTO public.tagging_tag VALUES (74, 'RPG');
INSERT INTO public.tagging_tag VALUES (75, 'exotic');
INSERT INTO public.tagging_tag VALUES (76, 'mountain');
INSERT INTO public.tagging_tag VALUES (77, 'single-use');
INSERT INTO public.tagging_tag VALUES (78, '''april''');
INSERT INTO public.tagging_tag VALUES (79, '''february''');
INSERT INTO public.tagging_tag VALUES (80, '''herb''');
INSERT INTO public.tagging_tag VALUES (81, '''january''');
INSERT INTO public.tagging_tag VALUES (82, '''july''');
INSERT INTO public.tagging_tag VALUES (83, '''june'']');
INSERT INTO public.tagging_tag VALUES (84, '''march''');
INSERT INTO public.tagging_tag VALUES (85, '''may''');
INSERT INTO public.tagging_tag VALUES (86, 'april');
INSERT INTO public.tagging_tag VALUES (87, 'february');
INSERT INTO public.tagging_tag VALUES (88, 'january');
INSERT INTO public.tagging_tag VALUES (89, 'july');
INSERT INTO public.tagging_tag VALUES (90, 'june');
INSERT INTO public.tagging_tag VALUES (91, 'march');
INSERT INTO public.tagging_tag VALUES (92, 'may');
INSERT INTO public.tagging_tag VALUES (93, '''august''');
INSERT INTO public.tagging_tag VALUES (94, '''december''');
INSERT INTO public.tagging_tag VALUES (95, '''november''');
INSERT INTO public.tagging_tag VALUES (96, '''october''');
INSERT INTO public.tagging_tag VALUES (97, '''september''');
INSERT INTO public.tagging_tag VALUES (98, 'august');
INSERT INTO public.tagging_tag VALUES (99, 'december');
INSERT INTO public.tagging_tag VALUES (100, 'november');
INSERT INTO public.tagging_tag VALUES (101, 'october');
INSERT INTO public.tagging_tag VALUES (102, 'september');
INSERT INTO public.tagging_tag VALUES (103, '''july'']');
INSERT INTO public.tagging_tag VALUES (104, '''resource''');
INSERT INTO public.tagging_tag VALUES (105, '[''september''');
INSERT INTO public.tagging_tag VALUES (106, '''june''');
INSERT INTO public.tagging_tag VALUES (107, '[''april''');
INSERT INTO public.tagging_tag VALUES (108, '''cross''');
INSERT INTO public.tagging_tag VALUES (109, '''october'']');
INSERT INTO public.tagging_tag VALUES (110, '[''lineage''');
INSERT INTO public.tagging_tag VALUES (111, 'cross');
INSERT INTO public.tagging_tag VALUES (112, 'lineage');
INSERT INTO public.tagging_tag VALUES (113, '[''devoted''');
INSERT INTO public.tagging_tag VALUES (114, 'devoted');
INSERT INTO public.tagging_tag VALUES (115, '''february'']');
INSERT INTO public.tagging_tag VALUES (116, '''elitariat''');
INSERT INTO public.tagging_tag VALUES (117, 'elitariat');
INSERT INTO public.tagging_tag VALUES (118, '[''march''');
INSERT INTO public.tagging_tag VALUES (119, '''evolved''');
INSERT INTO public.tagging_tag VALUES (120, '[''january''');
INSERT INTO public.tagging_tag VALUES (121, 'evolved');
INSERT INTO public.tagging_tag VALUES (122, '[''august''');
INSERT INTO public.tagging_tag VALUES (123, '''Gorger''');
INSERT INTO public.tagging_tag VALUES (124, 'Gorger');
INSERT INTO public.tagging_tag VALUES (125, '[''landsman''');
INSERT INTO public.tagging_tag VALUES (126, 'landsman');
INSERT INTO public.tagging_tag VALUES (127, '''landsman''');
INSERT INTO public.tagging_tag VALUES (128, '''mutant''');
INSERT INTO public.tagging_tag VALUES (129, 'mutant');
INSERT INTO public.tagging_tag VALUES (130, '''nomad''');
INSERT INTO public.tagging_tag VALUES (131, 'nomad');
INSERT INTO public.tagging_tag VALUES (132, '''townie''');
INSERT INTO public.tagging_tag VALUES (133, 'townie');
INSERT INTO public.tagging_tag VALUES (134, '[''nopes'']');
INSERT INTO public.tagging_tag VALUES (135, '''nopes'']');
INSERT INTO public.tagging_tag VALUES (136, '[''combat''');
INSERT INTO public.tagging_tag VALUES (137, '''econ''');
INSERT INTO public.tagging_tag VALUES (138, '''production'']');
INSERT INTO public.tagging_tag VALUES (139, '[''money''');
INSERT INTO public.tagging_tag VALUES (140, 'money');
INSERT INTO public.tagging_tag VALUES (141, 'production');
INSERT INTO public.tagging_tag VALUES (142, '''nopes''');
INSERT INTO public.tagging_tag VALUES (143, '''production''');
INSERT INTO public.tagging_tag VALUES (144, '''debuff''');
INSERT INTO public.tagging_tag VALUES (145, '''offensive'']');
INSERT INTO public.tagging_tag VALUES (146, 'debuff');
INSERT INTO public.tagging_tag VALUES (147, 'offensive');
INSERT INTO public.tagging_tag VALUES (148, 'disease');
INSERT INTO public.tagging_tag VALUES (149, 'healing');
INSERT INTO public.tagging_tag VALUES (150, 'health');
INSERT INTO public.tagging_tag VALUES (151, '''money''');
INSERT INTO public.tagging_tag VALUES (152, '[''social''');
INSERT INTO public.tagging_tag VALUES (153, 'social');
INSERT INTO public.tagging_tag VALUES (154, '''social''');
INSERT INTO public.tagging_tag VALUES (155, '[''production''');
INSERT INTO public.tagging_tag VALUES (156, 'generic');
INSERT INTO public.tagging_tag VALUES (157, 'room');
INSERT INTO public.tagging_tag VALUES (158, 'gg');
INSERT INTO public.tagging_tag VALUES (159, 'component');
INSERT INTO public.tagging_tag VALUES (160, 'crafting');
INSERT INTO public.tagging_tag VALUES (161, 'GL');
INSERT INTO public.tagging_tag VALUES (162, 'cooking');
INSERT INTO public.tagging_tag VALUES (163, 'culinary');
INSERT INTO public.tagging_tag VALUES (164, 'greenlight');
INSERT INTO public.tagging_tag VALUES (165, 'helscape');
INSERT INTO public.tagging_tag VALUES (166, 'gravemind');
INSERT INTO public.tagging_tag VALUES (167, 'handed');
INSERT INTO public.tagging_tag VALUES (168, 'two');
INSERT INTO public.tagging_tag VALUES (169, 'moulen');
INSERT INTO public.tagging_tag VALUES (170, 'mr');
INSERT INTO public.tagging_tag VALUES (171, 'ruse');
INSERT INTO public.tagging_tag VALUES (172, 'mechanical');
INSERT INTO public.tagging_tag VALUES (173, 'vehicle');
INSERT INTO public.tagging_tag VALUES (174, 'air');
INSERT INTO public.tagging_tag VALUES (175, 'bigol');
INSERT INTO public.tagging_tag VALUES (176, 'glitter');
INSERT INTO public.tagging_tag VALUES (177, 'ground');
INSERT INTO public.tagging_tag VALUES (178, 'gulch');
INSERT INTO public.tagging_tag VALUES (179, 'goat');
INSERT INTO public.tagging_tag VALUES (180, 'land');
INSERT INTO public.tagging_tag VALUES (181, 'sg');
INSERT INTO public.tagging_tag VALUES (182, 'aberrant');
INSERT INTO public.tagging_tag VALUES (183, 'bane');
INSERT INTO public.tagging_tag VALUES (184, 'weapon');
INSERT INTO public.tagging_tag VALUES (185, 'raider');
INSERT INTO public.tagging_tag VALUES (186, 'small');
INSERT INTO public.tagging_tag VALUES (187, 'toothpiq');
INSERT INTO public.tagging_tag VALUES (188, 'standard');
INSERT INTO public.tagging_tag VALUES (189, 'faith');
INSERT INTO public.tagging_tag VALUES (190, 'thempire');
INSERT INTO public.tagging_tag VALUES (191, 'knucks');
INSERT INTO public.tagging_tag VALUES (192, 'steelpaw');
INSERT INTO public.tagging_tag VALUES (193, 'sosweet');
INSERT INTO public.tagging_tag VALUES (194, 'ooph');
INSERT INTO public.tagging_tag VALUES (195, 'phalanx');
INSERT INTO public.tagging_tag VALUES (196, 'shield');
INSERT INTO public.tagging_tag VALUES (197, 'heavycraf');
INSERT INTO public.tagging_tag VALUES (198, 'unarmed');
INSERT INTO public.tagging_tag VALUES (199, 'scavenging');
INSERT INTO public.tagging_tag VALUES (200, 'armor');
INSERT INTO public.tagging_tag VALUES (201, 'radiation');
INSERT INTO public.tagging_tag VALUES (202, 'firear');
INSERT INTO public.tagging_tag VALUES (203, 'cp');
INSERT INTO public.tagging_tag VALUES (204, 'fire');
INSERT INTO public.tagging_tag VALUES (205, 'flame');


--
-- TOC entry 3872 (class 0 OID 37415)
-- Dependencies: 289
-- Data for Name: tagging_taggeditem; Type: TABLE DATA; Schema: public; Owner: doadmin
--

INSERT INTO public.tagging_taggeditem VALUES (2134, 33, 14, 33);
INSERT INTO public.tagging_taggeditem VALUES (433, 7, 19, 23);
INSERT INTO public.tagging_taggeditem VALUES (434, 7, 19, 2);
INSERT INTO public.tagging_taggeditem VALUES (2137, 9, 14, 32);
INSERT INTO public.tagging_taggeditem VALUES (2138, 9, 14, 33);
INSERT INTO public.tagging_taggeditem VALUES (437, 8, 19, 23);
INSERT INTO public.tagging_taggeditem VALUES (2141, 15, 14, 32);
INSERT INTO public.tagging_taggeditem VALUES (438, 8, 19, 2);
INSERT INTO public.tagging_taggeditem VALUES (2142, 15, 14, 33);
INSERT INTO public.tagging_taggeditem VALUES (2145, 36, 14, 32);
INSERT INTO public.tagging_taggeditem VALUES (441, 9, 19, 23);
INSERT INTO public.tagging_taggeditem VALUES (2146, 36, 14, 33);
INSERT INTO public.tagging_taggeditem VALUES (2277, 30, 14, 148);
INSERT INTO public.tagging_taggeditem VALUES (442, 9, 19, 2);
INSERT INTO public.tagging_taggeditem VALUES (2278, 30, 14, 149);
INSERT INTO public.tagging_taggeditem VALUES (273, 1, 19, 22);
INSERT INTO public.tagging_taggeditem VALUES (274, 1, 19, 23);
INSERT INTO public.tagging_taggeditem VALUES (1521, 31, 19, 86);
INSERT INTO public.tagging_taggeditem VALUES (445, 10, 19, 23);
INSERT INTO public.tagging_taggeditem VALUES (1522, 31, 19, 121);
INSERT INTO public.tagging_taggeditem VALUES (1161, 61, 19, 98);
INSERT INTO public.tagging_taggeditem VALUES (446, 10, 19, 2);
INSERT INTO public.tagging_taggeditem VALUES (1162, 61, 19, 111);
INSERT INTO public.tagging_taggeditem VALUES (1163, 61, 19, 99);
INSERT INTO public.tagging_taggeditem VALUES (1164, 61, 19, 22);
INSERT INTO public.tagging_taggeditem VALUES (1165, 61, 19, 89);
INSERT INTO public.tagging_taggeditem VALUES (449, 11, 19, 23);
INSERT INTO public.tagging_taggeditem VALUES (1166, 61, 19, 112);
INSERT INTO public.tagging_taggeditem VALUES (1831, 37, 19, 86);
INSERT INTO public.tagging_taggeditem VALUES (450, 11, 19, 2);
INSERT INTO public.tagging_taggeditem VALUES (1832, 37, 19, 87);
INSERT INTO public.tagging_taggeditem VALUES (1833, 37, 19, 22);
INSERT INTO public.tagging_taggeditem VALUES (1834, 37, 19, 88);
INSERT INTO public.tagging_taggeditem VALUES (1835, 37, 19, 89);
INSERT INTO public.tagging_taggeditem VALUES (1836, 37, 19, 90);
INSERT INTO public.tagging_taggeditem VALUES (1837, 37, 19, 91);
INSERT INTO public.tagging_taggeditem VALUES (1838, 37, 19, 92);
INSERT INTO public.tagging_taggeditem VALUES (1167, 61, 19, 100);
INSERT INTO public.tagging_taggeditem VALUES (1168, 61, 19, 101);
INSERT INTO public.tagging_taggeditem VALUES (1523, 31, 19, 87);
INSERT INTO public.tagging_taggeditem VALUES (1524, 31, 19, 22);
INSERT INTO public.tagging_taggeditem VALUES (1169, 61, 19, 23);
INSERT INTO public.tagging_taggeditem VALUES (457, 2, 23, 29);
INSERT INTO public.tagging_taggeditem VALUES (1170, 61, 19, 102);
INSERT INTO public.tagging_taggeditem VALUES (1525, 31, 19, 88);
INSERT INTO public.tagging_taggeditem VALUES (458, 2, 23, 26);
INSERT INTO public.tagging_taggeditem VALUES (1526, 31, 19, 89);
INSERT INTO public.tagging_taggeditem VALUES (1527, 31, 19, 90);
INSERT INTO public.tagging_taggeditem VALUES (1839, 37, 19, 129);
INSERT INTO public.tagging_taggeditem VALUES (1840, 37, 19, 23);
INSERT INTO public.tagging_taggeditem VALUES (461, 1, 23, 29);
INSERT INTO public.tagging_taggeditem VALUES (2279, 30, 14, 150);
INSERT INTO public.tagging_taggeditem VALUES (2310, 34, 26, 60);
INSERT INTO public.tagging_taggeditem VALUES (462, 1, 23, 26);
INSERT INTO public.tagging_taggeditem VALUES (2311, 34, 26, 156);
INSERT INTO public.tagging_taggeditem VALUES (2312, 34, 26, 157);
INSERT INTO public.tagging_taggeditem VALUES (2315, 36, 26, 156);
INSERT INTO public.tagging_taggeditem VALUES (2316, 36, 26, 36);
INSERT INTO public.tagging_taggeditem VALUES (465, 8, 14, 32);
INSERT INTO public.tagging_taggeditem VALUES (2319, 38, 26, 159);
INSERT INTO public.tagging_taggeditem VALUES (2320, 38, 26, 160);
INSERT INTO public.tagging_taggeditem VALUES (466, 8, 14, 33);
INSERT INTO public.tagging_taggeditem VALUES (2321, 38, 26, 36);
INSERT INTO public.tagging_taggeditem VALUES (2322, 38, 26, 23);
INSERT INTO public.tagging_taggeditem VALUES (1851, 38, 19, 86);
INSERT INTO public.tagging_taggeditem VALUES (1852, 38, 19, 87);
INSERT INTO public.tagging_taggeditem VALUES (1853, 38, 19, 22);
INSERT INTO public.tagging_taggeditem VALUES (1181, 60, 19, 98);
INSERT INTO public.tagging_taggeditem VALUES (1182, 60, 19, 111);
INSERT INTO public.tagging_taggeditem VALUES (1183, 60, 19, 99);
INSERT INTO public.tagging_taggeditem VALUES (1184, 60, 19, 22);
INSERT INTO public.tagging_taggeditem VALUES (1185, 60, 19, 89);
INSERT INTO public.tagging_taggeditem VALUES (1186, 60, 19, 112);
INSERT INTO public.tagging_taggeditem VALUES (1187, 60, 19, 100);
INSERT INTO public.tagging_taggeditem VALUES (475, 8, 14, 34);
INSERT INTO public.tagging_taggeditem VALUES (1188, 60, 19, 101);
INSERT INTO public.tagging_taggeditem VALUES (1189, 60, 19, 23);
INSERT INTO public.tagging_taggeditem VALUES (476, 15, 26, 35);
INSERT INTO public.tagging_taggeditem VALUES (477, 15, 26, 36);
INSERT INTO public.tagging_taggeditem VALUES (1854, 38, 19, 88);
INSERT INTO public.tagging_taggeditem VALUES (1855, 38, 19, 89);
INSERT INTO public.tagging_taggeditem VALUES (478, 15, 26, 37);
INSERT INTO public.tagging_taggeditem VALUES (479, 15, 26, 38);
INSERT INTO public.tagging_taggeditem VALUES (1190, 60, 19, 102);
INSERT INTO public.tagging_taggeditem VALUES (1856, 38, 19, 90);
INSERT INTO public.tagging_taggeditem VALUES (480, 15, 26, 39);
INSERT INTO public.tagging_taggeditem VALUES (481, 16, 26, 36);
INSERT INTO public.tagging_taggeditem VALUES (1857, 38, 19, 91);
INSERT INTO public.tagging_taggeditem VALUES (2329, 40, 26, 36);
INSERT INTO public.tagging_taggeditem VALUES (482, 16, 26, 40);
INSERT INTO public.tagging_taggeditem VALUES (483, 16, 26, 41);
INSERT INTO public.tagging_taggeditem VALUES (2330, 40, 26, 165);
INSERT INTO public.tagging_taggeditem VALUES (2331, 40, 26, 48);
INSERT INTO public.tagging_taggeditem VALUES (484, 17, 26, 42);
INSERT INTO public.tagging_taggeditem VALUES (485, 17, 26, 36);
INSERT INTO public.tagging_taggeditem VALUES (2336, 42, 26, 69);
INSERT INTO public.tagging_taggeditem VALUES (2337, 42, 26, 62);
INSERT INTO public.tagging_taggeditem VALUES (486, 17, 26, 40);
INSERT INTO public.tagging_taggeditem VALUES (487, 18, 26, 36);
INSERT INTO public.tagging_taggeditem VALUES (2338, 42, 26, 167);
INSERT INTO public.tagging_taggeditem VALUES (2339, 42, 26, 76);
INSERT INTO public.tagging_taggeditem VALUES (488, 18, 26, 43);
INSERT INTO public.tagging_taggeditem VALUES (489, 18, 26, 44);
INSERT INTO public.tagging_taggeditem VALUES (2340, 42, 26, 70);
INSERT INTO public.tagging_taggeditem VALUES (2341, 42, 26, 168);
INSERT INTO public.tagging_taggeditem VALUES (490, 19, 26, 45);
INSERT INTO public.tagging_taggeditem VALUES (491, 19, 26, 46);
INSERT INTO public.tagging_taggeditem VALUES (2346, 44, 26, 159);
INSERT INTO public.tagging_taggeditem VALUES (2347, 44, 26, 160);
INSERT INTO public.tagging_taggeditem VALUES (492, 19, 26, 47);
INSERT INTO public.tagging_taggeditem VALUES (493, 19, 26, 36);
INSERT INTO public.tagging_taggeditem VALUES (494, 20, 26, 47);
INSERT INTO public.tagging_taggeditem VALUES (495, 20, 26, 36);
INSERT INTO public.tagging_taggeditem VALUES (496, 20, 26, 48);
INSERT INTO public.tagging_taggeditem VALUES (497, 21, 26, 49);
INSERT INTO public.tagging_taggeditem VALUES (1201, 62, 19, 98);
INSERT INTO public.tagging_taggeditem VALUES (1202, 62, 19, 111);
INSERT INTO public.tagging_taggeditem VALUES (498, 21, 26, 47);
INSERT INTO public.tagging_taggeditem VALUES (499, 21, 26, 50);
INSERT INTO public.tagging_taggeditem VALUES (385, 3, 19, 22);
INSERT INTO public.tagging_taggeditem VALUES (386, 3, 19, 23);
INSERT INTO public.tagging_taggeditem VALUES (500, 21, 26, 41);
INSERT INTO public.tagging_taggeditem VALUES (501, 22, 26, 36);
INSERT INTO public.tagging_taggeditem VALUES (1203, 62, 19, 99);
INSERT INTO public.tagging_taggeditem VALUES (1204, 62, 19, 22);
INSERT INTO public.tagging_taggeditem VALUES (502, 22, 26, 51);
INSERT INTO public.tagging_taggeditem VALUES (503, 22, 26, 52);
INSERT INTO public.tagging_taggeditem VALUES (1205, 62, 19, 89);
INSERT INTO public.tagging_taggeditem VALUES (1206, 62, 19, 112);
INSERT INTO public.tagging_taggeditem VALUES (504, 22, 26, 53);
INSERT INTO public.tagging_taggeditem VALUES (1207, 62, 19, 100);
INSERT INTO public.tagging_taggeditem VALUES (1208, 62, 19, 101);
INSERT INTO public.tagging_taggeditem VALUES (507, 2, 26, 56);
INSERT INTO public.tagging_taggeditem VALUES (1209, 62, 19, 23);
INSERT INTO public.tagging_taggeditem VALUES (1210, 62, 19, 102);
INSERT INTO public.tagging_taggeditem VALUES (508, 2, 26, 57);
INSERT INTO public.tagging_taggeditem VALUES (511, 3, 26, 56);
INSERT INTO public.tagging_taggeditem VALUES (409, 2, 19, 22);
INSERT INTO public.tagging_taggeditem VALUES (410, 2, 19, 23);
INSERT INTO public.tagging_taggeditem VALUES (512, 3, 26, 57);
INSERT INTO public.tagging_taggeditem VALUES (513, 3, 26, 58);
INSERT INTO public.tagging_taggeditem VALUES (514, 2, 26, 59);
INSERT INTO public.tagging_taggeditem VALUES (515, 23, 26, 36);
INSERT INTO public.tagging_taggeditem VALUES (516, 24, 26, 60);
INSERT INTO public.tagging_taggeditem VALUES (517, 24, 26, 61);
INSERT INTO public.tagging_taggeditem VALUES (518, 24, 26, 62);
INSERT INTO public.tagging_taggeditem VALUES (519, 25, 26, 60);
INSERT INTO public.tagging_taggeditem VALUES (520, 25, 26, 63);
INSERT INTO public.tagging_taggeditem VALUES (521, 26, 26, 64);
INSERT INTO public.tagging_taggeditem VALUES (522, 26, 26, 65);
INSERT INTO public.tagging_taggeditem VALUES (523, 27, 26, 56);
INSERT INTO public.tagging_taggeditem VALUES (524, 27, 26, 66);
INSERT INTO public.tagging_taggeditem VALUES (525, 27, 26, 67);
INSERT INTO public.tagging_taggeditem VALUES (526, 28, 26, 62);
INSERT INTO public.tagging_taggeditem VALUES (527, 28, 26, 68);
INSERT INTO public.tagging_taggeditem VALUES (528, 29, 26, 69);
INSERT INTO public.tagging_taggeditem VALUES (529, 29, 26, 62);
INSERT INTO public.tagging_taggeditem VALUES (530, 29, 26, 70);
INSERT INTO public.tagging_taggeditem VALUES (531, 29, 26, 71);
INSERT INTO public.tagging_taggeditem VALUES (532, 30, 26, 60);
INSERT INTO public.tagging_taggeditem VALUES (533, 30, 26, 62);
INSERT INTO public.tagging_taggeditem VALUES (534, 31, 26, 36);
INSERT INTO public.tagging_taggeditem VALUES (535, 31, 26, 72);
INSERT INTO public.tagging_taggeditem VALUES (536, 32, 26, 73);
INSERT INTO public.tagging_taggeditem VALUES (537, 32, 26, 74);
INSERT INTO public.tagging_taggeditem VALUES (538, 32, 26, 75);
INSERT INTO public.tagging_taggeditem VALUES (539, 32, 26, 70);
INSERT INTO public.tagging_taggeditem VALUES (540, 33, 26, 36);
INSERT INTO public.tagging_taggeditem VALUES (541, 33, 26, 76);
INSERT INTO public.tagging_taggeditem VALUES (542, 33, 26, 77);
INSERT INTO public.tagging_taggeditem VALUES (1528, 31, 19, 91);
INSERT INTO public.tagging_taggeditem VALUES (1221, 59, 19, 98);
INSERT INTO public.tagging_taggeditem VALUES (1222, 59, 19, 111);
INSERT INTO public.tagging_taggeditem VALUES (1223, 59, 19, 99);
INSERT INTO public.tagging_taggeditem VALUES (1224, 59, 19, 22);
INSERT INTO public.tagging_taggeditem VALUES (1529, 31, 19, 92);
INSERT INTO public.tagging_taggeditem VALUES (1530, 31, 19, 23);
INSERT INTO public.tagging_taggeditem VALUES (1858, 38, 19, 92);
INSERT INTO public.tagging_taggeditem VALUES (1859, 38, 19, 129);
INSERT INTO public.tagging_taggeditem VALUES (1860, 38, 19, 23);
INSERT INTO public.tagging_taggeditem VALUES (2150, 4, 14, 45);
INSERT INTO public.tagging_taggeditem VALUES (2151, 4, 14, 140);
INSERT INTO public.tagging_taggeditem VALUES (2152, 4, 14, 141);
INSERT INTO public.tagging_taggeditem VALUES (1541, 32, 19, 86);
INSERT INTO public.tagging_taggeditem VALUES (1542, 32, 19, 121);
INSERT INTO public.tagging_taggeditem VALUES (1543, 32, 19, 87);
INSERT INTO public.tagging_taggeditem VALUES (1544, 32, 19, 22);
INSERT INTO public.tagging_taggeditem VALUES (1545, 32, 19, 88);
INSERT INTO public.tagging_taggeditem VALUES (1546, 32, 19, 89);
INSERT INTO public.tagging_taggeditem VALUES (1547, 32, 19, 90);
INSERT INTO public.tagging_taggeditem VALUES (1548, 32, 19, 91);
INSERT INTO public.tagging_taggeditem VALUES (1549, 32, 19, 92);
INSERT INTO public.tagging_taggeditem VALUES (1550, 32, 19, 23);
INSERT INTO public.tagging_taggeditem VALUES (2157, 7, 14, 45);
INSERT INTO public.tagging_taggeditem VALUES (2158, 7, 14, 140);
INSERT INTO public.tagging_taggeditem VALUES (2159, 7, 14, 33);
INSERT INTO public.tagging_taggeditem VALUES (2160, 7, 14, 141);
INSERT INTO public.tagging_taggeditem VALUES (1876, 55, 19, 86);
INSERT INTO public.tagging_taggeditem VALUES (1877, 55, 19, 98);
INSERT INTO public.tagging_taggeditem VALUES (1878, 55, 19, 99);
INSERT INTO public.tagging_taggeditem VALUES (1879, 55, 19, 87);
INSERT INTO public.tagging_taggeditem VALUES (1880, 55, 19, 22);
INSERT INTO public.tagging_taggeditem VALUES (1881, 55, 19, 88);
INSERT INTO public.tagging_taggeditem VALUES (1882, 55, 19, 89);
INSERT INTO public.tagging_taggeditem VALUES (1883, 55, 19, 90);
INSERT INTO public.tagging_taggeditem VALUES (1884, 55, 19, 91);
INSERT INTO public.tagging_taggeditem VALUES (1885, 55, 19, 92);
INSERT INTO public.tagging_taggeditem VALUES (1886, 55, 19, 129);
INSERT INTO public.tagging_taggeditem VALUES (1887, 55, 19, 100);
INSERT INTO public.tagging_taggeditem VALUES (1888, 55, 19, 101);
INSERT INTO public.tagging_taggeditem VALUES (1889, 55, 19, 23);
INSERT INTO public.tagging_taggeditem VALUES (1890, 55, 19, 102);
INSERT INTO public.tagging_taggeditem VALUES (1566, 49, 19, 86);
INSERT INTO public.tagging_taggeditem VALUES (1567, 49, 19, 98);
INSERT INTO public.tagging_taggeditem VALUES (1568, 49, 19, 99);
INSERT INTO public.tagging_taggeditem VALUES (2173, 6, 14, 45);
INSERT INTO public.tagging_taggeditem VALUES (2174, 6, 14, 140);
INSERT INTO public.tagging_taggeditem VALUES (2175, 6, 14, 33);
INSERT INTO public.tagging_taggeditem VALUES (2176, 6, 14, 141);
INSERT INTO public.tagging_taggeditem VALUES (1569, 49, 19, 121);
INSERT INTO public.tagging_taggeditem VALUES (1570, 49, 19, 87);
INSERT INTO public.tagging_taggeditem VALUES (1571, 49, 19, 22);
INSERT INTO public.tagging_taggeditem VALUES (1572, 49, 19, 88);
INSERT INTO public.tagging_taggeditem VALUES (1573, 49, 19, 89);
INSERT INTO public.tagging_taggeditem VALUES (1574, 49, 19, 90);
INSERT INTO public.tagging_taggeditem VALUES (1575, 49, 19, 91);
INSERT INTO public.tagging_taggeditem VALUES (1576, 49, 19, 92);
INSERT INTO public.tagging_taggeditem VALUES (1577, 49, 19, 100);
INSERT INTO public.tagging_taggeditem VALUES (1578, 49, 19, 101);
INSERT INTO public.tagging_taggeditem VALUES (1579, 49, 19, 23);
INSERT INTO public.tagging_taggeditem VALUES (1580, 49, 19, 102);
INSERT INTO public.tagging_taggeditem VALUES (1906, 56, 19, 86);
INSERT INTO public.tagging_taggeditem VALUES (1907, 56, 19, 98);
INSERT INTO public.tagging_taggeditem VALUES (1908, 56, 19, 99);
INSERT INTO public.tagging_taggeditem VALUES (1909, 56, 19, 87);
INSERT INTO public.tagging_taggeditem VALUES (1910, 56, 19, 22);
INSERT INTO public.tagging_taggeditem VALUES (1911, 56, 19, 88);
INSERT INTO public.tagging_taggeditem VALUES (1912, 56, 19, 89);
INSERT INTO public.tagging_taggeditem VALUES (1913, 56, 19, 90);
INSERT INTO public.tagging_taggeditem VALUES (1914, 56, 19, 91);
INSERT INTO public.tagging_taggeditem VALUES (1915, 56, 19, 92);
INSERT INTO public.tagging_taggeditem VALUES (1916, 56, 19, 129);
INSERT INTO public.tagging_taggeditem VALUES (1917, 56, 19, 100);
INSERT INTO public.tagging_taggeditem VALUES (1918, 56, 19, 101);
INSERT INTO public.tagging_taggeditem VALUES (1919, 56, 19, 23);
INSERT INTO public.tagging_taggeditem VALUES (1920, 56, 19, 102);
INSERT INTO public.tagging_taggeditem VALUES (1596, 50, 19, 86);
INSERT INTO public.tagging_taggeditem VALUES (1597, 50, 19, 98);
INSERT INTO public.tagging_taggeditem VALUES (1598, 50, 19, 99);
INSERT INTO public.tagging_taggeditem VALUES (1599, 50, 19, 121);
INSERT INTO public.tagging_taggeditem VALUES (1600, 50, 19, 87);
INSERT INTO public.tagging_taggeditem VALUES (1601, 50, 19, 22);
INSERT INTO public.tagging_taggeditem VALUES (1602, 50, 19, 88);
INSERT INTO public.tagging_taggeditem VALUES (1603, 50, 19, 89);
INSERT INTO public.tagging_taggeditem VALUES (1604, 50, 19, 90);
INSERT INTO public.tagging_taggeditem VALUES (1605, 50, 19, 91);
INSERT INTO public.tagging_taggeditem VALUES (1606, 50, 19, 92);
INSERT INTO public.tagging_taggeditem VALUES (1607, 50, 19, 100);
INSERT INTO public.tagging_taggeditem VALUES (1608, 50, 19, 101);
INSERT INTO public.tagging_taggeditem VALUES (1609, 50, 19, 23);
INSERT INTO public.tagging_taggeditem VALUES (1610, 50, 19, 102);
INSERT INTO public.tagging_taggeditem VALUES (1751, 53, 19, 88);
INSERT INTO public.tagging_taggeditem VALUES (1752, 53, 19, 89);
INSERT INTO public.tagging_taggeditem VALUES (1753, 53, 19, 90);
INSERT INTO public.tagging_taggeditem VALUES (1754, 53, 19, 126);
INSERT INTO public.tagging_taggeditem VALUES (1755, 53, 19, 91);
INSERT INTO public.tagging_taggeditem VALUES (1756, 53, 19, 92);
INSERT INTO public.tagging_taggeditem VALUES (1757, 53, 19, 100);
INSERT INTO public.tagging_taggeditem VALUES (1758, 53, 19, 101);
INSERT INTO public.tagging_taggeditem VALUES (1759, 53, 19, 23);
INSERT INTO public.tagging_taggeditem VALUES (1760, 53, 19, 102);
INSERT INTO public.tagging_taggeditem VALUES (2041, 23, 19, 86);
INSERT INTO public.tagging_taggeditem VALUES (2042, 23, 19, 87);
INSERT INTO public.tagging_taggeditem VALUES (2043, 23, 19, 22);
INSERT INTO public.tagging_taggeditem VALUES (2044, 23, 19, 88);
INSERT INTO public.tagging_taggeditem VALUES (2045, 23, 19, 89);
INSERT INTO public.tagging_taggeditem VALUES (2046, 23, 19, 90);
INSERT INTO public.tagging_taggeditem VALUES (2047, 23, 19, 91);
INSERT INTO public.tagging_taggeditem VALUES (2048, 23, 19, 92);
INSERT INTO public.tagging_taggeditem VALUES (2049, 23, 19, 23);
INSERT INTO public.tagging_taggeditem VALUES (2050, 23, 19, 133);
INSERT INTO public.tagging_taggeditem VALUES (2061, 24, 19, 86);
INSERT INTO public.tagging_taggeditem VALUES (2062, 24, 19, 87);
INSERT INTO public.tagging_taggeditem VALUES (2063, 24, 19, 22);
INSERT INTO public.tagging_taggeditem VALUES (2064, 24, 19, 88);
INSERT INTO public.tagging_taggeditem VALUES (2065, 24, 19, 89);
INSERT INTO public.tagging_taggeditem VALUES (2066, 24, 19, 90);
INSERT INTO public.tagging_taggeditem VALUES (2067, 24, 19, 91);
INSERT INTO public.tagging_taggeditem VALUES (2068, 24, 19, 92);
INSERT INTO public.tagging_taggeditem VALUES (2069, 24, 19, 23);
INSERT INTO public.tagging_taggeditem VALUES (2070, 24, 19, 133);
INSERT INTO public.tagging_taggeditem VALUES (2086, 25, 19, 86);
INSERT INTO public.tagging_taggeditem VALUES (2087, 25, 19, 98);
INSERT INTO public.tagging_taggeditem VALUES (2088, 25, 19, 99);
INSERT INTO public.tagging_taggeditem VALUES (2089, 25, 19, 87);
INSERT INTO public.tagging_taggeditem VALUES (2090, 25, 19, 22);
INSERT INTO public.tagging_taggeditem VALUES (2091, 25, 19, 88);
INSERT INTO public.tagging_taggeditem VALUES (2092, 25, 19, 89);
INSERT INTO public.tagging_taggeditem VALUES (2093, 25, 19, 90);
INSERT INTO public.tagging_taggeditem VALUES (2189, 2, 14, 45);
INSERT INTO public.tagging_taggeditem VALUES (2190, 2, 14, 140);
INSERT INTO public.tagging_taggeditem VALUES (2191, 2, 14, 33);
INSERT INTO public.tagging_taggeditem VALUES (2192, 2, 14, 141);
INSERT INTO public.tagging_taggeditem VALUES (1225, 59, 19, 89);
INSERT INTO public.tagging_taggeditem VALUES (1226, 59, 19, 112);
INSERT INTO public.tagging_taggeditem VALUES (1227, 59, 19, 100);
INSERT INTO public.tagging_taggeditem VALUES (1228, 59, 19, 101);
INSERT INTO public.tagging_taggeditem VALUES (1229, 59, 19, 23);
INSERT INTO public.tagging_taggeditem VALUES (1931, 39, 19, 86);
INSERT INTO public.tagging_taggeditem VALUES (1932, 39, 19, 87);
INSERT INTO public.tagging_taggeditem VALUES (1933, 39, 19, 22);
INSERT INTO public.tagging_taggeditem VALUES (1934, 39, 19, 88);
INSERT INTO public.tagging_taggeditem VALUES (1935, 39, 19, 89);
INSERT INTO public.tagging_taggeditem VALUES (1936, 39, 19, 90);
INSERT INTO public.tagging_taggeditem VALUES (1937, 39, 19, 91);
INSERT INTO public.tagging_taggeditem VALUES (1230, 59, 19, 102);
INSERT INTO public.tagging_taggeditem VALUES (1938, 39, 19, 92);
INSERT INTO public.tagging_taggeditem VALUES (1939, 39, 19, 131);
INSERT INTO public.tagging_taggeditem VALUES (1940, 39, 19, 23);
INSERT INTO public.tagging_taggeditem VALUES (2197, 5, 14, 45);
INSERT INTO public.tagging_taggeditem VALUES (2198, 5, 14, 140);
INSERT INTO public.tagging_taggeditem VALUES (2199, 5, 14, 33);
INSERT INTO public.tagging_taggeditem VALUES (2200, 5, 14, 141);
INSERT INTO public.tagging_taggeditem VALUES (2205, 29, 14, 45);
INSERT INTO public.tagging_taggeditem VALUES (2206, 29, 14, 140);
INSERT INTO public.tagging_taggeditem VALUES (2207, 29, 14, 33);
INSERT INTO public.tagging_taggeditem VALUES (2208, 29, 14, 141);
INSERT INTO public.tagging_taggeditem VALUES (1621, 33, 19, 124);
INSERT INTO public.tagging_taggeditem VALUES (1622, 33, 19, 86);
INSERT INTO public.tagging_taggeditem VALUES (1623, 33, 19, 87);
INSERT INTO public.tagging_taggeditem VALUES (1624, 33, 19, 22);
INSERT INTO public.tagging_taggeditem VALUES (1625, 33, 19, 88);
INSERT INTO public.tagging_taggeditem VALUES (1626, 33, 19, 89);
INSERT INTO public.tagging_taggeditem VALUES (1627, 33, 19, 90);
INSERT INTO public.tagging_taggeditem VALUES (1628, 33, 19, 91);
INSERT INTO public.tagging_taggeditem VALUES (1241, 41, 19, 86);
INSERT INTO public.tagging_taggeditem VALUES (1242, 41, 19, 111);
INSERT INTO public.tagging_taggeditem VALUES (1243, 41, 19, 87);
INSERT INTO public.tagging_taggeditem VALUES (1244, 41, 19, 22);
INSERT INTO public.tagging_taggeditem VALUES (1245, 41, 19, 88);
INSERT INTO public.tagging_taggeditem VALUES (1246, 41, 19, 90);
INSERT INTO public.tagging_taggeditem VALUES (1247, 41, 19, 112);
INSERT INTO public.tagging_taggeditem VALUES (1248, 41, 19, 91);
INSERT INTO public.tagging_taggeditem VALUES (1956, 57, 19, 86);
INSERT INTO public.tagging_taggeditem VALUES (1957, 57, 19, 98);
INSERT INTO public.tagging_taggeditem VALUES (1958, 57, 19, 99);
INSERT INTO public.tagging_taggeditem VALUES (1959, 57, 19, 87);
INSERT INTO public.tagging_taggeditem VALUES (1960, 57, 19, 22);
INSERT INTO public.tagging_taggeditem VALUES (1961, 57, 19, 88);
INSERT INTO public.tagging_taggeditem VALUES (2213, 37, 14, 45);
INSERT INTO public.tagging_taggeditem VALUES (1249, 41, 19, 92);
INSERT INTO public.tagging_taggeditem VALUES (1250, 41, 19, 23);
INSERT INTO public.tagging_taggeditem VALUES (1629, 33, 19, 92);
INSERT INTO public.tagging_taggeditem VALUES (1630, 33, 19, 23);
INSERT INTO public.tagging_taggeditem VALUES (2214, 37, 14, 140);
INSERT INTO public.tagging_taggeditem VALUES (2215, 37, 14, 33);
INSERT INTO public.tagging_taggeditem VALUES (2216, 37, 14, 141);
INSERT INTO public.tagging_taggeditem VALUES (2221, 3, 14, 45);
INSERT INTO public.tagging_taggeditem VALUES (2222, 3, 14, 140);
INSERT INTO public.tagging_taggeditem VALUES (2223, 3, 14, 33);
INSERT INTO public.tagging_taggeditem VALUES (2224, 3, 14, 141);
INSERT INTO public.tagging_taggeditem VALUES (2229, 32, 14, 45);
INSERT INTO public.tagging_taggeditem VALUES (1261, 44, 19, 86);
INSERT INTO public.tagging_taggeditem VALUES (1262, 44, 19, 111);
INSERT INTO public.tagging_taggeditem VALUES (1263, 44, 19, 87);
INSERT INTO public.tagging_taggeditem VALUES (1264, 44, 19, 22);
INSERT INTO public.tagging_taggeditem VALUES (2230, 32, 14, 140);
INSERT INTO public.tagging_taggeditem VALUES (2231, 32, 14, 33);
INSERT INTO public.tagging_taggeditem VALUES (1641, 34, 19, 124);
INSERT INTO public.tagging_taggeditem VALUES (1642, 34, 19, 86);
INSERT INTO public.tagging_taggeditem VALUES (1643, 34, 19, 87);
INSERT INTO public.tagging_taggeditem VALUES (1644, 34, 19, 22);
INSERT INTO public.tagging_taggeditem VALUES (1645, 34, 19, 88);
INSERT INTO public.tagging_taggeditem VALUES (1646, 34, 19, 89);
INSERT INTO public.tagging_taggeditem VALUES (1265, 44, 19, 88);
INSERT INTO public.tagging_taggeditem VALUES (1266, 44, 19, 90);
INSERT INTO public.tagging_taggeditem VALUES (1267, 44, 19, 112);
INSERT INTO public.tagging_taggeditem VALUES (1268, 44, 19, 91);
INSERT INTO public.tagging_taggeditem VALUES (1269, 44, 19, 92);
INSERT INTO public.tagging_taggeditem VALUES (1270, 44, 19, 23);
INSERT INTO public.tagging_taggeditem VALUES (1647, 34, 19, 90);
INSERT INTO public.tagging_taggeditem VALUES (1648, 34, 19, 91);
INSERT INTO public.tagging_taggeditem VALUES (2232, 32, 14, 141);
INSERT INTO public.tagging_taggeditem VALUES (2237, 1, 14, 45);
INSERT INTO public.tagging_taggeditem VALUES (2238, 1, 14, 140);
INSERT INTO public.tagging_taggeditem VALUES (2239, 1, 14, 33);
INSERT INTO public.tagging_taggeditem VALUES (1649, 34, 19, 92);
INSERT INTO public.tagging_taggeditem VALUES (1650, 34, 19, 23);
INSERT INTO public.tagging_taggeditem VALUES (2240, 1, 14, 141);
INSERT INTO public.tagging_taggeditem VALUES (2285, 26, 14, 45);
INSERT INTO public.tagging_taggeditem VALUES (2286, 26, 14, 140);
INSERT INTO public.tagging_taggeditem VALUES (2287, 26, 14, 33);
INSERT INTO public.tagging_taggeditem VALUES (1666, 51, 19, 124);
INSERT INTO public.tagging_taggeditem VALUES (1667, 51, 19, 86);
INSERT INTO public.tagging_taggeditem VALUES (1668, 51, 19, 98);
INSERT INTO public.tagging_taggeditem VALUES (1669, 51, 19, 99);
INSERT INTO public.tagging_taggeditem VALUES (1670, 51, 19, 87);
INSERT INTO public.tagging_taggeditem VALUES (1671, 51, 19, 22);
INSERT INTO public.tagging_taggeditem VALUES (1672, 51, 19, 88);
INSERT INTO public.tagging_taggeditem VALUES (1673, 51, 19, 89);
INSERT INTO public.tagging_taggeditem VALUES (1674, 51, 19, 90);
INSERT INTO public.tagging_taggeditem VALUES (1675, 51, 19, 91);
INSERT INTO public.tagging_taggeditem VALUES (1676, 51, 19, 92);
INSERT INTO public.tagging_taggeditem VALUES (1677, 51, 19, 100);
INSERT INTO public.tagging_taggeditem VALUES (1678, 51, 19, 101);
INSERT INTO public.tagging_taggeditem VALUES (1679, 51, 19, 23);
INSERT INTO public.tagging_taggeditem VALUES (1680, 51, 19, 102);
INSERT INTO public.tagging_taggeditem VALUES (1696, 52, 19, 124);
INSERT INTO public.tagging_taggeditem VALUES (1697, 52, 19, 86);
INSERT INTO public.tagging_taggeditem VALUES (1698, 52, 19, 98);
INSERT INTO public.tagging_taggeditem VALUES (1699, 52, 19, 99);
INSERT INTO public.tagging_taggeditem VALUES (1700, 52, 19, 87);
INSERT INTO public.tagging_taggeditem VALUES (1701, 52, 19, 22);
INSERT INTO public.tagging_taggeditem VALUES (1702, 52, 19, 88);
INSERT INTO public.tagging_taggeditem VALUES (1703, 52, 19, 89);
INSERT INTO public.tagging_taggeditem VALUES (1704, 52, 19, 90);
INSERT INTO public.tagging_taggeditem VALUES (1705, 52, 19, 91);
INSERT INTO public.tagging_taggeditem VALUES (1706, 52, 19, 92);
INSERT INTO public.tagging_taggeditem VALUES (1707, 52, 19, 100);
INSERT INTO public.tagging_taggeditem VALUES (1708, 52, 19, 101);
INSERT INTO public.tagging_taggeditem VALUES (1709, 52, 19, 23);
INSERT INTO public.tagging_taggeditem VALUES (1710, 52, 19, 102);
INSERT INTO public.tagging_taggeditem VALUES (1776, 54, 19, 86);
INSERT INTO public.tagging_taggeditem VALUES (1777, 54, 19, 98);
INSERT INTO public.tagging_taggeditem VALUES (1778, 54, 19, 99);
INSERT INTO public.tagging_taggeditem VALUES (1779, 54, 19, 87);
INSERT INTO public.tagging_taggeditem VALUES (1780, 54, 19, 22);
INSERT INTO public.tagging_taggeditem VALUES (1781, 54, 19, 88);
INSERT INTO public.tagging_taggeditem VALUES (1782, 54, 19, 89);
INSERT INTO public.tagging_taggeditem VALUES (1783, 54, 19, 90);
INSERT INTO public.tagging_taggeditem VALUES (1784, 54, 19, 126);
INSERT INTO public.tagging_taggeditem VALUES (1785, 54, 19, 91);
INSERT INTO public.tagging_taggeditem VALUES (1786, 54, 19, 92);
INSERT INTO public.tagging_taggeditem VALUES (1787, 54, 19, 100);
INSERT INTO public.tagging_taggeditem VALUES (1788, 54, 19, 101);
INSERT INTO public.tagging_taggeditem VALUES (1789, 54, 19, 23);
INSERT INTO public.tagging_taggeditem VALUES (1790, 54, 19, 102);
INSERT INTO public.tagging_taggeditem VALUES (1806, 36, 19, 86);
INSERT INTO public.tagging_taggeditem VALUES (1807, 36, 19, 98);
INSERT INTO public.tagging_taggeditem VALUES (1962, 57, 19, 89);
INSERT INTO public.tagging_taggeditem VALUES (1281, 43, 19, 86);
INSERT INTO public.tagging_taggeditem VALUES (1282, 43, 19, 111);
INSERT INTO public.tagging_taggeditem VALUES (1283, 43, 19, 87);
INSERT INTO public.tagging_taggeditem VALUES (1284, 43, 19, 22);
INSERT INTO public.tagging_taggeditem VALUES (1285, 43, 19, 88);
INSERT INTO public.tagging_taggeditem VALUES (1286, 43, 19, 90);
INSERT INTO public.tagging_taggeditem VALUES (1287, 43, 19, 112);
INSERT INTO public.tagging_taggeditem VALUES (1288, 43, 19, 91);
INSERT INTO public.tagging_taggeditem VALUES (1289, 43, 19, 92);
INSERT INTO public.tagging_taggeditem VALUES (1290, 43, 19, 23);
INSERT INTO public.tagging_taggeditem VALUES (1963, 57, 19, 90);
INSERT INTO public.tagging_taggeditem VALUES (1964, 57, 19, 91);
INSERT INTO public.tagging_taggeditem VALUES (1965, 57, 19, 92);
INSERT INTO public.tagging_taggeditem VALUES (1966, 57, 19, 131);
INSERT INTO public.tagging_taggeditem VALUES (1967, 57, 19, 100);
INSERT INTO public.tagging_taggeditem VALUES (1968, 57, 19, 101);
INSERT INTO public.tagging_taggeditem VALUES (1969, 57, 19, 23);
INSERT INTO public.tagging_taggeditem VALUES (1970, 57, 19, 102);
INSERT INTO public.tagging_taggeditem VALUES (1721, 35, 19, 86);
INSERT INTO public.tagging_taggeditem VALUES (1301, 42, 19, 86);
INSERT INTO public.tagging_taggeditem VALUES (1302, 42, 19, 111);
INSERT INTO public.tagging_taggeditem VALUES (1303, 42, 19, 87);
INSERT INTO public.tagging_taggeditem VALUES (1304, 42, 19, 22);
INSERT INTO public.tagging_taggeditem VALUES (1305, 42, 19, 88);
INSERT INTO public.tagging_taggeditem VALUES (1306, 42, 19, 90);
INSERT INTO public.tagging_taggeditem VALUES (1307, 42, 19, 112);
INSERT INTO public.tagging_taggeditem VALUES (1308, 42, 19, 91);
INSERT INTO public.tagging_taggeditem VALUES (1309, 42, 19, 92);
INSERT INTO public.tagging_taggeditem VALUES (1310, 42, 19, 23);
INSERT INTO public.tagging_taggeditem VALUES (1722, 35, 19, 87);
INSERT INTO public.tagging_taggeditem VALUES (1723, 35, 19, 22);
INSERT INTO public.tagging_taggeditem VALUES (1724, 35, 19, 88);
INSERT INTO public.tagging_taggeditem VALUES (1725, 35, 19, 89);
INSERT INTO public.tagging_taggeditem VALUES (1726, 35, 19, 90);
INSERT INTO public.tagging_taggeditem VALUES (1727, 35, 19, 126);
INSERT INTO public.tagging_taggeditem VALUES (1728, 35, 19, 91);
INSERT INTO public.tagging_taggeditem VALUES (1729, 35, 19, 92);
INSERT INTO public.tagging_taggeditem VALUES (1730, 35, 19, 23);
INSERT INTO public.tagging_taggeditem VALUES (1321, 27, 19, 86);
INSERT INTO public.tagging_taggeditem VALUES (1322, 27, 19, 114);
INSERT INTO public.tagging_taggeditem VALUES (1323, 27, 19, 87);
INSERT INTO public.tagging_taggeditem VALUES (1324, 27, 19, 22);
INSERT INTO public.tagging_taggeditem VALUES (1325, 27, 19, 88);
INSERT INTO public.tagging_taggeditem VALUES (1326, 27, 19, 89);
INSERT INTO public.tagging_taggeditem VALUES (1327, 27, 19, 90);
INSERT INTO public.tagging_taggeditem VALUES (1328, 27, 19, 91);
INSERT INTO public.tagging_taggeditem VALUES (1329, 27, 19, 92);
INSERT INTO public.tagging_taggeditem VALUES (1330, 27, 19, 23);
INSERT INTO public.tagging_taggeditem VALUES (2244, 12, 14, 32);
INSERT INTO public.tagging_taggeditem VALUES (2245, 12, 14, 146);
INSERT INTO public.tagging_taggeditem VALUES (2246, 12, 14, 147);
INSERT INTO public.tagging_taggeditem VALUES (2250, 13, 14, 32);
INSERT INTO public.tagging_taggeditem VALUES (2251, 13, 14, 146);
INSERT INTO public.tagging_taggeditem VALUES (2252, 13, 14, 147);
INSERT INTO public.tagging_taggeditem VALUES (1341, 28, 19, 86);
INSERT INTO public.tagging_taggeditem VALUES (1342, 28, 19, 114);
INSERT INTO public.tagging_taggeditem VALUES (1343, 28, 19, 87);
INSERT INTO public.tagging_taggeditem VALUES (1344, 28, 19, 22);
INSERT INTO public.tagging_taggeditem VALUES (1345, 28, 19, 88);
INSERT INTO public.tagging_taggeditem VALUES (1346, 28, 19, 89);
INSERT INTO public.tagging_taggeditem VALUES (1347, 28, 19, 90);
INSERT INTO public.tagging_taggeditem VALUES (1348, 28, 19, 91);
INSERT INTO public.tagging_taggeditem VALUES (1349, 28, 19, 92);
INSERT INTO public.tagging_taggeditem VALUES (1350, 28, 19, 23);
INSERT INTO public.tagging_taggeditem VALUES (1746, 53, 19, 86);
INSERT INTO public.tagging_taggeditem VALUES (1747, 53, 19, 98);
INSERT INTO public.tagging_taggeditem VALUES (1748, 53, 19, 99);
INSERT INTO public.tagging_taggeditem VALUES (1749, 53, 19, 87);
INSERT INTO public.tagging_taggeditem VALUES (1750, 53, 19, 22);
INSERT INTO public.tagging_taggeditem VALUES (1366, 45, 19, 86);
INSERT INTO public.tagging_taggeditem VALUES (1367, 45, 19, 98);
INSERT INTO public.tagging_taggeditem VALUES (1368, 45, 19, 99);
INSERT INTO public.tagging_taggeditem VALUES (1369, 45, 19, 114);
INSERT INTO public.tagging_taggeditem VALUES (1370, 45, 19, 87);
INSERT INTO public.tagging_taggeditem VALUES (1371, 45, 19, 22);
INSERT INTO public.tagging_taggeditem VALUES (1372, 45, 19, 88);
INSERT INTO public.tagging_taggeditem VALUES (1373, 45, 19, 89);
INSERT INTO public.tagging_taggeditem VALUES (1374, 45, 19, 90);
INSERT INTO public.tagging_taggeditem VALUES (1375, 45, 19, 91);
INSERT INTO public.tagging_taggeditem VALUES (1376, 45, 19, 92);
INSERT INTO public.tagging_taggeditem VALUES (1377, 45, 19, 100);
INSERT INTO public.tagging_taggeditem VALUES (1378, 45, 19, 101);
INSERT INTO public.tagging_taggeditem VALUES (1379, 45, 19, 23);
INSERT INTO public.tagging_taggeditem VALUES (1380, 45, 19, 102);
INSERT INTO public.tagging_taggeditem VALUES (1396, 46, 19, 86);
INSERT INTO public.tagging_taggeditem VALUES (1397, 46, 19, 98);
INSERT INTO public.tagging_taggeditem VALUES (1398, 46, 19, 99);
INSERT INTO public.tagging_taggeditem VALUES (1399, 46, 19, 114);
INSERT INTO public.tagging_taggeditem VALUES (1400, 46, 19, 87);
INSERT INTO public.tagging_taggeditem VALUES (1401, 46, 19, 22);
INSERT INTO public.tagging_taggeditem VALUES (1402, 46, 19, 88);
INSERT INTO public.tagging_taggeditem VALUES (1403, 46, 19, 89);
INSERT INTO public.tagging_taggeditem VALUES (1404, 46, 19, 90);
INSERT INTO public.tagging_taggeditem VALUES (1405, 46, 19, 91);
INSERT INTO public.tagging_taggeditem VALUES (1406, 46, 19, 92);
INSERT INTO public.tagging_taggeditem VALUES (1407, 46, 19, 100);
INSERT INTO public.tagging_taggeditem VALUES (1408, 46, 19, 101);
INSERT INTO public.tagging_taggeditem VALUES (1409, 46, 19, 23);
INSERT INTO public.tagging_taggeditem VALUES (1410, 46, 19, 102);
INSERT INTO public.tagging_taggeditem VALUES (1421, 29, 19, 86);
INSERT INTO public.tagging_taggeditem VALUES (1422, 29, 19, 117);
INSERT INTO public.tagging_taggeditem VALUES (1423, 29, 19, 87);
INSERT INTO public.tagging_taggeditem VALUES (1424, 29, 19, 22);
INSERT INTO public.tagging_taggeditem VALUES (1425, 29, 19, 88);
INSERT INTO public.tagging_taggeditem VALUES (1426, 29, 19, 89);
INSERT INTO public.tagging_taggeditem VALUES (1427, 29, 19, 90);
INSERT INTO public.tagging_taggeditem VALUES (1428, 29, 19, 91);
INSERT INTO public.tagging_taggeditem VALUES (1429, 29, 19, 92);
INSERT INTO public.tagging_taggeditem VALUES (1430, 29, 19, 23);
INSERT INTO public.tagging_taggeditem VALUES (1441, 30, 19, 86);
INSERT INTO public.tagging_taggeditem VALUES (1442, 30, 19, 117);
INSERT INTO public.tagging_taggeditem VALUES (1443, 30, 19, 87);
INSERT INTO public.tagging_taggeditem VALUES (1444, 30, 19, 22);
INSERT INTO public.tagging_taggeditem VALUES (1445, 30, 19, 88);
INSERT INTO public.tagging_taggeditem VALUES (1446, 30, 19, 89);
INSERT INTO public.tagging_taggeditem VALUES (1447, 30, 19, 90);
INSERT INTO public.tagging_taggeditem VALUES (1448, 30, 19, 91);
INSERT INTO public.tagging_taggeditem VALUES (1449, 30, 19, 92);
INSERT INTO public.tagging_taggeditem VALUES (1450, 30, 19, 23);
INSERT INTO public.tagging_taggeditem VALUES (1466, 47, 19, 86);
INSERT INTO public.tagging_taggeditem VALUES (1467, 47, 19, 98);
INSERT INTO public.tagging_taggeditem VALUES (1468, 47, 19, 99);
INSERT INTO public.tagging_taggeditem VALUES (1469, 47, 19, 117);
INSERT INTO public.tagging_taggeditem VALUES (1470, 47, 19, 87);
INSERT INTO public.tagging_taggeditem VALUES (1471, 47, 19, 22);
INSERT INTO public.tagging_taggeditem VALUES (1472, 47, 19, 88);
INSERT INTO public.tagging_taggeditem VALUES (1473, 47, 19, 89);
INSERT INTO public.tagging_taggeditem VALUES (1474, 47, 19, 90);
INSERT INTO public.tagging_taggeditem VALUES (1475, 47, 19, 91);
INSERT INTO public.tagging_taggeditem VALUES (1476, 47, 19, 92);
INSERT INTO public.tagging_taggeditem VALUES (1477, 47, 19, 100);
INSERT INTO public.tagging_taggeditem VALUES (1478, 47, 19, 101);
INSERT INTO public.tagging_taggeditem VALUES (1479, 47, 19, 23);
INSERT INTO public.tagging_taggeditem VALUES (1480, 47, 19, 102);
INSERT INTO public.tagging_taggeditem VALUES (1496, 48, 19, 86);
INSERT INTO public.tagging_taggeditem VALUES (1497, 48, 19, 98);
INSERT INTO public.tagging_taggeditem VALUES (1498, 48, 19, 99);
INSERT INTO public.tagging_taggeditem VALUES (1499, 48, 19, 117);
INSERT INTO public.tagging_taggeditem VALUES (1500, 48, 19, 87);
INSERT INTO public.tagging_taggeditem VALUES (1501, 48, 19, 22);
INSERT INTO public.tagging_taggeditem VALUES (1502, 48, 19, 88);
INSERT INTO public.tagging_taggeditem VALUES (1503, 48, 19, 89);
INSERT INTO public.tagging_taggeditem VALUES (1504, 48, 19, 90);
INSERT INTO public.tagging_taggeditem VALUES (1505, 48, 19, 91);
INSERT INTO public.tagging_taggeditem VALUES (1506, 48, 19, 92);
INSERT INTO public.tagging_taggeditem VALUES (1507, 48, 19, 100);
INSERT INTO public.tagging_taggeditem VALUES (1508, 48, 19, 101);
INSERT INTO public.tagging_taggeditem VALUES (1509, 48, 19, 23);
INSERT INTO public.tagging_taggeditem VALUES (1510, 48, 19, 102);
INSERT INTO public.tagging_taggeditem VALUES (1808, 36, 19, 99);
INSERT INTO public.tagging_taggeditem VALUES (1809, 36, 19, 87);
INSERT INTO public.tagging_taggeditem VALUES (1810, 36, 19, 22);
INSERT INTO public.tagging_taggeditem VALUES (1811, 36, 19, 88);
INSERT INTO public.tagging_taggeditem VALUES (1812, 36, 19, 89);
INSERT INTO public.tagging_taggeditem VALUES (1813, 36, 19, 90);
INSERT INTO public.tagging_taggeditem VALUES (1814, 36, 19, 126);
INSERT INTO public.tagging_taggeditem VALUES (1815, 36, 19, 91);
INSERT INTO public.tagging_taggeditem VALUES (1816, 36, 19, 92);
INSERT INTO public.tagging_taggeditem VALUES (1817, 36, 19, 100);
INSERT INTO public.tagging_taggeditem VALUES (1818, 36, 19, 101);
INSERT INTO public.tagging_taggeditem VALUES (1819, 36, 19, 23);
INSERT INTO public.tagging_taggeditem VALUES (1820, 36, 19, 102);
INSERT INTO public.tagging_taggeditem VALUES (2256, 14, 14, 32);
INSERT INTO public.tagging_taggeditem VALUES (2257, 14, 14, 146);
INSERT INTO public.tagging_taggeditem VALUES (2258, 14, 14, 147);
INSERT INTO public.tagging_taggeditem VALUES (1986, 58, 19, 86);
INSERT INTO public.tagging_taggeditem VALUES (1987, 58, 19, 98);
INSERT INTO public.tagging_taggeditem VALUES (1988, 58, 19, 99);
INSERT INTO public.tagging_taggeditem VALUES (1989, 58, 19, 87);
INSERT INTO public.tagging_taggeditem VALUES (1990, 58, 19, 22);
INSERT INTO public.tagging_taggeditem VALUES (1991, 58, 19, 88);
INSERT INTO public.tagging_taggeditem VALUES (1992, 58, 19, 89);
INSERT INTO public.tagging_taggeditem VALUES (1993, 58, 19, 90);
INSERT INTO public.tagging_taggeditem VALUES (1994, 58, 19, 91);
INSERT INTO public.tagging_taggeditem VALUES (1995, 58, 19, 92);
INSERT INTO public.tagging_taggeditem VALUES (1996, 58, 19, 131);
INSERT INTO public.tagging_taggeditem VALUES (1997, 58, 19, 100);
INSERT INTO public.tagging_taggeditem VALUES (1998, 58, 19, 101);
INSERT INTO public.tagging_taggeditem VALUES (1999, 58, 19, 23);
INSERT INTO public.tagging_taggeditem VALUES (2000, 58, 19, 102);
INSERT INTO public.tagging_taggeditem VALUES (2262, 35, 14, 32);
INSERT INTO public.tagging_taggeditem VALUES (2263, 35, 14, 146);
INSERT INTO public.tagging_taggeditem VALUES (2264, 35, 14, 147);
INSERT INTO public.tagging_taggeditem VALUES (2268, 16, 14, 32);
INSERT INTO public.tagging_taggeditem VALUES (2269, 16, 14, 146);
INSERT INTO public.tagging_taggeditem VALUES (2270, 16, 14, 147);
INSERT INTO public.tagging_taggeditem VALUES (2274, 17, 14, 32);
INSERT INTO public.tagging_taggeditem VALUES (2275, 17, 14, 146);
INSERT INTO public.tagging_taggeditem VALUES (2276, 17, 14, 147);
INSERT INTO public.tagging_taggeditem VALUES (2016, 40, 19, 86);
INSERT INTO public.tagging_taggeditem VALUES (2017, 40, 19, 98);
INSERT INTO public.tagging_taggeditem VALUES (2018, 40, 19, 99);
INSERT INTO public.tagging_taggeditem VALUES (2019, 40, 19, 87);
INSERT INTO public.tagging_taggeditem VALUES (2020, 40, 19, 22);
INSERT INTO public.tagging_taggeditem VALUES (2021, 40, 19, 88);
INSERT INTO public.tagging_taggeditem VALUES (2022, 40, 19, 89);
INSERT INTO public.tagging_taggeditem VALUES (2023, 40, 19, 90);
INSERT INTO public.tagging_taggeditem VALUES (2024, 40, 19, 91);
INSERT INTO public.tagging_taggeditem VALUES (2025, 40, 19, 92);
INSERT INTO public.tagging_taggeditem VALUES (2026, 40, 19, 131);
INSERT INTO public.tagging_taggeditem VALUES (2027, 40, 19, 100);
INSERT INTO public.tagging_taggeditem VALUES (2028, 40, 19, 101);
INSERT INTO public.tagging_taggeditem VALUES (2029, 40, 19, 23);
INSERT INTO public.tagging_taggeditem VALUES (2030, 40, 19, 102);
INSERT INTO public.tagging_taggeditem VALUES (2094, 25, 19, 91);
INSERT INTO public.tagging_taggeditem VALUES (2095, 25, 19, 92);
INSERT INTO public.tagging_taggeditem VALUES (2096, 25, 19, 100);
INSERT INTO public.tagging_taggeditem VALUES (2097, 25, 19, 101);
INSERT INTO public.tagging_taggeditem VALUES (2098, 25, 19, 23);
INSERT INTO public.tagging_taggeditem VALUES (2099, 25, 19, 102);
INSERT INTO public.tagging_taggeditem VALUES (2100, 25, 19, 133);
INSERT INTO public.tagging_taggeditem VALUES (2288, 26, 14, 141);
INSERT INTO public.tagging_taggeditem VALUES (2289, 26, 14, 153);
INSERT INTO public.tagging_taggeditem VALUES (2295, 28, 14, 45);
INSERT INTO public.tagging_taggeditem VALUES (2296, 28, 14, 140);
INSERT INTO public.tagging_taggeditem VALUES (2297, 28, 14, 33);
INSERT INTO public.tagging_taggeditem VALUES (2298, 28, 14, 141);
INSERT INTO public.tagging_taggeditem VALUES (2299, 28, 14, 153);
INSERT INTO public.tagging_taggeditem VALUES (2116, 26, 19, 86);
INSERT INTO public.tagging_taggeditem VALUES (2117, 26, 19, 98);
INSERT INTO public.tagging_taggeditem VALUES (2118, 26, 19, 99);
INSERT INTO public.tagging_taggeditem VALUES (2119, 26, 19, 87);
INSERT INTO public.tagging_taggeditem VALUES (2120, 26, 19, 22);
INSERT INTO public.tagging_taggeditem VALUES (2121, 26, 19, 88);
INSERT INTO public.tagging_taggeditem VALUES (2122, 26, 19, 89);
INSERT INTO public.tagging_taggeditem VALUES (2123, 26, 19, 90);
INSERT INTO public.tagging_taggeditem VALUES (2124, 26, 19, 91);
INSERT INTO public.tagging_taggeditem VALUES (2125, 26, 19, 92);
INSERT INTO public.tagging_taggeditem VALUES (2126, 26, 19, 100);
INSERT INTO public.tagging_taggeditem VALUES (2127, 26, 19, 101);
INSERT INTO public.tagging_taggeditem VALUES (2128, 26, 19, 23);
INSERT INTO public.tagging_taggeditem VALUES (2129, 26, 19, 102);
INSERT INTO public.tagging_taggeditem VALUES (2130, 26, 19, 133);
INSERT INTO public.tagging_taggeditem VALUES (2305, 31, 14, 45);
INSERT INTO public.tagging_taggeditem VALUES (2306, 31, 14, 140);
INSERT INTO public.tagging_taggeditem VALUES (2307, 31, 14, 33);
INSERT INTO public.tagging_taggeditem VALUES (2308, 31, 14, 141);
INSERT INTO public.tagging_taggeditem VALUES (2309, 31, 14, 153);
INSERT INTO public.tagging_taggeditem VALUES (2313, 35, 26, 156);
INSERT INTO public.tagging_taggeditem VALUES (2314, 35, 26, 36);
INSERT INTO public.tagging_taggeditem VALUES (2317, 37, 26, 75);
INSERT INTO public.tagging_taggeditem VALUES (2318, 37, 26, 158);
INSERT INTO public.tagging_taggeditem VALUES (2323, 39, 26, 161);
INSERT INTO public.tagging_taggeditem VALUES (2324, 39, 26, 162);
INSERT INTO public.tagging_taggeditem VALUES (2325, 39, 26, 163);
INSERT INTO public.tagging_taggeditem VALUES (2326, 39, 26, 45);
INSERT INTO public.tagging_taggeditem VALUES (2327, 39, 26, 36);
INSERT INTO public.tagging_taggeditem VALUES (2328, 39, 26, 164);
INSERT INTO public.tagging_taggeditem VALUES (2332, 41, 26, 36);
INSERT INTO public.tagging_taggeditem VALUES (2333, 41, 26, 166);
INSERT INTO public.tagging_taggeditem VALUES (2334, 41, 26, 165);
INSERT INTO public.tagging_taggeditem VALUES (2335, 41, 26, 39);
INSERT INTO public.tagging_taggeditem VALUES (2342, 43, 26, 169);
INSERT INTO public.tagging_taggeditem VALUES (2343, 43, 26, 170);
INSERT INTO public.tagging_taggeditem VALUES (2344, 43, 26, 171);
INSERT INTO public.tagging_taggeditem VALUES (2345, 43, 26, 48);
INSERT INTO public.tagging_taggeditem VALUES (2348, 44, 26, 36);
INSERT INTO public.tagging_taggeditem VALUES (2349, 45, 26, 60);
INSERT INTO public.tagging_taggeditem VALUES (2350, 45, 26, 169);
INSERT INTO public.tagging_taggeditem VALUES (2351, 45, 26, 170);
INSERT INTO public.tagging_taggeditem VALUES (2352, 45, 26, 157);
INSERT INTO public.tagging_taggeditem VALUES (2353, 45, 26, 171);
INSERT INTO public.tagging_taggeditem VALUES (2354, 46, 26, 159);
INSERT INTO public.tagging_taggeditem VALUES (2355, 46, 26, 160);
INSERT INTO public.tagging_taggeditem VALUES (2356, 46, 26, 36);
INSERT INTO public.tagging_taggeditem VALUES (2357, 46, 26, 23);
INSERT INTO public.tagging_taggeditem VALUES (2358, 47, 26, 60);
INSERT INTO public.tagging_taggeditem VALUES (2359, 47, 26, 160);
INSERT INTO public.tagging_taggeditem VALUES (2360, 47, 26, 172);
INSERT INTO public.tagging_taggeditem VALUES (2361, 47, 26, 157);
INSERT INTO public.tagging_taggeditem VALUES (2362, 48, 26, 159);
INSERT INTO public.tagging_taggeditem VALUES (2363, 48, 26, 160);
INSERT INTO public.tagging_taggeditem VALUES (2364, 48, 26, 36);
INSERT INTO public.tagging_taggeditem VALUES (2365, 48, 26, 173);
INSERT INTO public.tagging_taggeditem VALUES (2366, 49, 26, 159);
INSERT INTO public.tagging_taggeditem VALUES (2367, 49, 26, 160);
INSERT INTO public.tagging_taggeditem VALUES (2368, 49, 26, 36);
INSERT INTO public.tagging_taggeditem VALUES (2369, 49, 26, 23);
INSERT INTO public.tagging_taggeditem VALUES (2370, 49, 26, 173);
INSERT INTO public.tagging_taggeditem VALUES (2371, 50, 26, 174);
INSERT INTO public.tagging_taggeditem VALUES (2372, 50, 26, 175);
INSERT INTO public.tagging_taggeditem VALUES (2373, 50, 26, 173);
INSERT INTO public.tagging_taggeditem VALUES (2374, 51, 26, 158);
INSERT INTO public.tagging_taggeditem VALUES (2375, 51, 26, 176);
INSERT INTO public.tagging_taggeditem VALUES (2376, 51, 26, 177);
INSERT INTO public.tagging_taggeditem VALUES (2377, 51, 26, 178);
INSERT INTO public.tagging_taggeditem VALUES (2378, 51, 26, 173);
INSERT INTO public.tagging_taggeditem VALUES (2379, 52, 26, 179);
INSERT INTO public.tagging_taggeditem VALUES (2380, 52, 26, 180);
INSERT INTO public.tagging_taggeditem VALUES (2381, 52, 26, 181);
INSERT INTO public.tagging_taggeditem VALUES (2382, 52, 26, 173);
INSERT INTO public.tagging_taggeditem VALUES (2383, 53, 26, 182);
INSERT INTO public.tagging_taggeditem VALUES (2384, 53, 26, 183);
INSERT INTO public.tagging_taggeditem VALUES (2385, 53, 26, 63);
INSERT INTO public.tagging_taggeditem VALUES (2386, 53, 26, 184);
INSERT INTO public.tagging_taggeditem VALUES (2387, 54, 26, 183);
INSERT INTO public.tagging_taggeditem VALUES (2388, 54, 26, 50);
INSERT INTO public.tagging_taggeditem VALUES (2389, 54, 26, 185);
INSERT INTO public.tagging_taggeditem VALUES (2390, 54, 26, 186);
INSERT INTO public.tagging_taggeditem VALUES (2391, 54, 26, 187);
INSERT INTO public.tagging_taggeditem VALUES (2392, 55, 26, 183);
INSERT INTO public.tagging_taggeditem VALUES (2393, 55, 26, 112);
INSERT INTO public.tagging_taggeditem VALUES (2394, 55, 26, 50);
INSERT INTO public.tagging_taggeditem VALUES (2395, 55, 26, 188);
INSERT INTO public.tagging_taggeditem VALUES (2396, 55, 26, 187);
INSERT INTO public.tagging_taggeditem VALUES (2397, 55, 26, 184);
INSERT INTO public.tagging_taggeditem VALUES (2398, 56, 26, 40);
INSERT INTO public.tagging_taggeditem VALUES (2399, 56, 26, 63);
INSERT INTO public.tagging_taggeditem VALUES (2400, 57, 26, 69);
INSERT INTO public.tagging_taggeditem VALUES (2401, 57, 26, 183);
INSERT INTO public.tagging_taggeditem VALUES (2402, 57, 26, 189);
INSERT INTO public.tagging_taggeditem VALUES (2403, 57, 26, 167);
INSERT INTO public.tagging_taggeditem VALUES (2404, 57, 26, 50);
INSERT INTO public.tagging_taggeditem VALUES (2405, 57, 26, 70);
INSERT INTO public.tagging_taggeditem VALUES (2406, 57, 26, 190);
INSERT INTO public.tagging_taggeditem VALUES (2407, 57, 26, 168);
INSERT INTO public.tagging_taggeditem VALUES (2408, 57, 26, 41);
INSERT INTO public.tagging_taggeditem VALUES (2409, 58, 26, 49);
INSERT INTO public.tagging_taggeditem VALUES (2410, 58, 26, 50);
INSERT INTO public.tagging_taggeditem VALUES (2411, 58, 26, 190);
INSERT INTO public.tagging_taggeditem VALUES (2412, 58, 26, 184);
INSERT INTO public.tagging_taggeditem VALUES (2413, 59, 26, 189);
INSERT INTO public.tagging_taggeditem VALUES (2414, 59, 26, 191);
INSERT INTO public.tagging_taggeditem VALUES (2415, 59, 26, 192);
INSERT INTO public.tagging_taggeditem VALUES (2416, 60, 26, 69);
INSERT INTO public.tagging_taggeditem VALUES (2417, 60, 26, 189);
INSERT INTO public.tagging_taggeditem VALUES (2418, 60, 26, 167);
INSERT INTO public.tagging_taggeditem VALUES (2419, 60, 26, 50);
INSERT INTO public.tagging_taggeditem VALUES (2420, 60, 26, 70);
INSERT INTO public.tagging_taggeditem VALUES (2421, 60, 26, 193);
INSERT INTO public.tagging_taggeditem VALUES (2422, 60, 26, 168);
INSERT INTO public.tagging_taggeditem VALUES (2423, 61, 26, 49);
INSERT INTO public.tagging_taggeditem VALUES (2424, 61, 26, 50);
INSERT INTO public.tagging_taggeditem VALUES (2425, 61, 26, 33);
INSERT INTO public.tagging_taggeditem VALUES (2426, 61, 26, 68);
INSERT INTO public.tagging_taggeditem VALUES (2427, 62, 26, 33);
INSERT INTO public.tagging_taggeditem VALUES (2428, 62, 26, 194);
INSERT INTO public.tagging_taggeditem VALUES (2429, 62, 26, 195);
INSERT INTO public.tagging_taggeditem VALUES (2430, 62, 26, 196);
INSERT INTO public.tagging_taggeditem VALUES (2431, 63, 26, 159);
INSERT INTO public.tagging_taggeditem VALUES (2432, 63, 26, 160);
INSERT INTO public.tagging_taggeditem VALUES (2433, 63, 26, 36);
INSERT INTO public.tagging_taggeditem VALUES (2434, 63, 26, 23);
INSERT INTO public.tagging_taggeditem VALUES (2435, 64, 26, 197);
INSERT INTO public.tagging_taggeditem VALUES (2436, 64, 26, 191);
INSERT INTO public.tagging_taggeditem VALUES (2437, 64, 26, 198);
INSERT INTO public.tagging_taggeditem VALUES (2438, 65, 26, 160);
INSERT INTO public.tagging_taggeditem VALUES (2439, 65, 26, 75);
INSERT INTO public.tagging_taggeditem VALUES (2440, 65, 26, 197);
INSERT INTO public.tagging_taggeditem VALUES (2441, 65, 26, 70);
INSERT INTO public.tagging_taggeditem VALUES (2442, 66, 26, 161);
INSERT INTO public.tagging_taggeditem VALUES (2443, 66, 26, 164);
INSERT INTO public.tagging_taggeditem VALUES (2444, 66, 26, 50);
INSERT INTO public.tagging_taggeditem VALUES (2445, 66, 26, 199);
INSERT INTO public.tagging_taggeditem VALUES (2446, 66, 26, 186);
INSERT INTO public.tagging_taggeditem VALUES (2447, 67, 26, 200);
INSERT INTO public.tagging_taggeditem VALUES (2448, 67, 26, 201);
INSERT INTO public.tagging_taggeditem VALUES (2449, 67, 26, 181);
INSERT INTO public.tagging_taggeditem VALUES (2450, 68, 26, 202);
INSERT INTO public.tagging_taggeditem VALUES (2451, 68, 26, 158);
INSERT INTO public.tagging_taggeditem VALUES (2452, 68, 26, 176);
INSERT INTO public.tagging_taggeditem VALUES (2453, 68, 26, 178);
INSERT INTO public.tagging_taggeditem VALUES (2454, 69, 26, 47);
INSERT INTO public.tagging_taggeditem VALUES (2455, 69, 26, 196);
INSERT INTO public.tagging_taggeditem VALUES (2456, 70, 26, 35);
INSERT INTO public.tagging_taggeditem VALUES (2457, 70, 26, 203);
INSERT INTO public.tagging_taggeditem VALUES (2458, 70, 26, 75);
INSERT INTO public.tagging_taggeditem VALUES (2459, 70, 26, 204);
INSERT INTO public.tagging_taggeditem VALUES (2460, 70, 26, 205);


--
-- TOC entry 3886 (class 0 OID 0)
-- Dependencies: 215
-- Name: auth_group_id_seq; Type: SEQUENCE SET; Schema: public; Owner: doadmin
--

SELECT pg_catalog.setval('public.auth_group_id_seq', 2, true);


--
-- TOC entry 3887 (class 0 OID 0)
-- Dependencies: 217
-- Name: auth_group_permissions_id_seq; Type: SEQUENCE SET; Schema: public; Owner: doadmin
--

SELECT pg_catalog.setval('public.auth_group_permissions_id_seq', 43, true);


--
-- TOC entry 3888 (class 0 OID 0)
-- Dependencies: 219
-- Name: auth_permission_id_seq; Type: SEQUENCE SET; Schema: public; Owner: doadmin
--

SELECT pg_catalog.setval('public.auth_permission_id_seq', 184, true);


--
-- TOC entry 3889 (class 0 OID 0)
-- Dependencies: 221
-- Name: django_admin_log_id_seq; Type: SEQUENCE SET; Schema: public; Owner: doadmin
--

SELECT pg_catalog.setval('public.django_admin_log_id_seq', 307, true);


--
-- TOC entry 3890 (class 0 OID 0)
-- Dependencies: 223
-- Name: django_content_type_id_seq; Type: SEQUENCE SET; Schema: public; Owner: doadmin
--

SELECT pg_catalog.setval('public.django_content_type_id_seq', 46, true);


--
-- TOC entry 3891 (class 0 OID 0)
-- Dependencies: 225
-- Name: django_migrations_id_seq; Type: SEQUENCE SET; Schema: public; Owner: doadmin
--

SELECT pg_catalog.setval('public.django_migrations_id_seq', 195, true);


--
-- TOC entry 3892 (class 0 OID 0)
-- Dependencies: 228
-- Name: necrotopia_advertisement_id_seq; Type: SEQUENCE SET; Schema: public; Owner: doadmin
--

SELECT pg_catalog.setval('public.necrotopia_advertisement_id_seq', 2, true);


--
-- TOC entry 3893 (class 0 OID 0)
-- Dependencies: 230
-- Name: necrotopia_chapter_id_seq; Type: SEQUENCE SET; Schema: public; Owner: doadmin
--

SELECT pg_catalog.setval('public.necrotopia_chapter_id_seq', 1, true);


--
-- TOC entry 3894 (class 0 OID 0)
-- Dependencies: 232
-- Name: necrotopia_chapterstaff_id_seq; Type: SEQUENCE SET; Schema: public; Owner: doadmin
--

SELECT pg_catalog.setval('public.necrotopia_chapterstaff_id_seq', 1, false);


--
-- TOC entry 3895 (class 0 OID 0)
-- Dependencies: 234
-- Name: necrotopia_chapterstafftype_id_seq; Type: SEQUENCE SET; Schema: public; Owner: doadmin
--

SELECT pg_catalog.setval('public.necrotopia_chapterstafftype_id_seq', 4, true);


--
-- TOC entry 3896 (class 0 OID 0)
-- Dependencies: 236
-- Name: necrotopia_department_id_seq; Type: SEQUENCE SET; Schema: public; Owner: doadmin
--

SELECT pg_catalog.setval('public.necrotopia_department_id_seq', 5, true);


--
-- TOC entry 3897 (class 0 OID 0)
-- Dependencies: 238
-- Name: necrotopia_financialinstitution_id_seq; Type: SEQUENCE SET; Schema: public; Owner: doadmin
--

SELECT pg_catalog.setval('public.necrotopia_financialinstitution_id_seq', 7, true);


--
-- TOC entry 3898 (class 0 OID 0)
-- Dependencies: 240
-- Name: necrotopia_financialinvestment_id_seq; Type: SEQUENCE SET; Schema: public; Owner: doadmin
--

SELECT pg_catalog.setval('public.necrotopia_financialinvestment_id_seq', 1, true);


--
-- TOC entry 3899 (class 0 OID 0)
-- Dependencies: 242
-- Name: necrotopia_gender_id_seq; Type: SEQUENCE SET; Schema: public; Owner: doadmin
--

SELECT pg_catalog.setval('public.necrotopia_gender_id_seq', 1, false);


--
-- TOC entry 3900 (class 0 OID 0)
-- Dependencies: 244
-- Name: necrotopia_institutionpicture_id_seq; Type: SEQUENCE SET; Schema: public; Owner: doadmin
--

SELECT pg_catalog.setval('public.necrotopia_institutionpicture_id_seq', 1, true);


--
-- TOC entry 3901 (class 0 OID 0)
-- Dependencies: 246
-- Name: necrotopia_itempdf_id_seq; Type: SEQUENCE SET; Schema: public; Owner: doadmin
--

SELECT pg_catalog.setval('public.necrotopia_itempdf_id_seq', 7, true);


--
-- TOC entry 3902 (class 0 OID 0)
-- Dependencies: 248
-- Name: necrotopia_itempicture_id_seq; Type: SEQUENCE SET; Schema: public; Owner: doadmin
--

SELECT pg_catalog.setval('public.necrotopia_itempicture_id_seq', 66, true);


--
-- TOC entry 3903 (class 0 OID 0)
-- Dependencies: 250
-- Name: necrotopia_loottable_id_seq; Type: SEQUENCE SET; Schema: public; Owner: doadmin
--

SELECT pg_catalog.setval('public.necrotopia_loottable_id_seq', 1, false);


--
-- TOC entry 3904 (class 0 OID 0)
-- Dependencies: 252
-- Name: necrotopia_loottableitem_id_seq; Type: SEQUENCE SET; Schema: public; Owner: doadmin
--

SELECT pg_catalog.setval('public.necrotopia_loottableitem_id_seq', 1, false);


--
-- TOC entry 3905 (class 0 OID 0)
-- Dependencies: 254
-- Name: necrotopia_moduleassembly_line_id_seq; Type: SEQUENCE SET; Schema: public; Owner: doadmin
--

SELECT pg_catalog.setval('public.necrotopia_moduleassembly_line_id_seq', 70, true);


--
-- TOC entry 3906 (class 0 OID 0)
-- Dependencies: 256
-- Name: necrotopia_modulegrade_id_seq; Type: SEQUENCE SET; Schema: public; Owner: doadmin
--

SELECT pg_catalog.setval('public.necrotopia_modulegrade_id_seq', 194, true);


--
-- TOC entry 3907 (class 0 OID 0)
-- Dependencies: 258
-- Name: necrotopia_modulegraderesource_id_seq; Type: SEQUENCE SET; Schema: public; Owner: doadmin
--

SELECT pg_catalog.setval('public.necrotopia_modulegraderesource_id_seq', 366, true);


--
-- TOC entry 3908 (class 0 OID 0)
-- Dependencies: 260
-- Name: necrotopia_modulegradesubassembly_id_seq; Type: SEQUENCE SET; Schema: public; Owner: doadmin
--

SELECT pg_catalog.setval('public.necrotopia_modulegradesubassembly_id_seq', 166, true);


--
-- TOC entry 3909 (class 0 OID 0)
-- Dependencies: 262
-- Name: necrotopia_ratedskillitem_id_seq; Type: SEQUENCE SET; Schema: public; Owner: doadmin
--

SELECT pg_catalog.setval('public.necrotopia_ratedskillitem_id_seq', 1, false);


--
-- TOC entry 3910 (class 0 OID 0)
-- Dependencies: 264
-- Name: necrotopia_resourceitem_id_seq; Type: SEQUENCE SET; Schema: public; Owner: doadmin
--

SELECT pg_catalog.setval('public.necrotopia_resourceitem_id_seq', 1, false);


--
-- TOC entry 3911 (class 0 OID 0)
-- Dependencies: 266
-- Name: necrotopia_rule_id_seq; Type: SEQUENCE SET; Schema: public; Owner: doadmin
--

SELECT pg_catalog.setval('public.necrotopia_rule_id_seq', 2, true);


--
-- TOC entry 3912 (class 0 OID 0)
-- Dependencies: 268
-- Name: necrotopia_rulepicture_id_seq; Type: SEQUENCE SET; Schema: public; Owner: doadmin
--

SELECT pg_catalog.setval('public.necrotopia_rulepicture_id_seq', 2, true);


--
-- TOC entry 3913 (class 0 OID 0)
-- Dependencies: 270
-- Name: necrotopia_skillitem_id_seq; Type: SEQUENCE SET; Schema: public; Owner: doadmin
--

SELECT pg_catalog.setval('public.necrotopia_skillitem_id_seq', 48, true);


--
-- TOC entry 3914 (class 0 OID 0)
-- Dependencies: 272
-- Name: necrotopia_skillratings_id_seq; Type: SEQUENCE SET; Schema: public; Owner: doadmin
--

SELECT pg_catalog.setval('public.necrotopia_skillratings_id_seq', 126, true);


--
-- TOC entry 3915 (class 0 OID 0)
-- Dependencies: 274
-- Name: necrotopia_title_id_seq; Type: SEQUENCE SET; Schema: public; Owner: doadmin
--

SELECT pg_catalog.setval('public.necrotopia_title_id_seq', 1, false);


--
-- TOC entry 3916 (class 0 OID 0)
-- Dependencies: 276
-- Name: necrotopia_usefullinks_id_seq; Type: SEQUENCE SET; Schema: public; Owner: doadmin
--

SELECT pg_catalog.setval('public.necrotopia_usefullinks_id_seq', 1, false);


--
-- TOC entry 3917 (class 0 OID 0)
-- Dependencies: 279
-- Name: necrotopia_userprofile_groups_id_seq; Type: SEQUENCE SET; Schema: public; Owner: doadmin
--

SELECT pg_catalog.setval('public.necrotopia_userprofile_groups_id_seq', 1, true);


--
-- TOC entry 3918 (class 0 OID 0)
-- Dependencies: 280
-- Name: necrotopia_userprofile_id_seq; Type: SEQUENCE SET; Schema: public; Owner: doadmin
--

SELECT pg_catalog.setval('public.necrotopia_userprofile_id_seq', 4, true);


--
-- TOC entry 3919 (class 0 OID 0)
-- Dependencies: 282
-- Name: necrotopia_userprofile_user_permissions_id_seq; Type: SEQUENCE SET; Schema: public; Owner: doadmin
--

SELECT pg_catalog.setval('public.necrotopia_userprofile_user_permissions_id_seq', 1, false);


--
-- TOC entry 3920 (class 0 OID 0)
-- Dependencies: 291
-- Name: necrotopia_wallet_id_seq; Type: SEQUENCE SET; Schema: public; Owner: doadmin
--

SELECT pg_catalog.setval('public.necrotopia_wallet_id_seq', 1, true);


--
-- TOC entry 3921 (class 0 OID 0)
-- Dependencies: 293
-- Name: necrotopia_walletobjectbase_id_seq; Type: SEQUENCE SET; Schema: public; Owner: doadmin
--

SELECT pg_catalog.setval('public.necrotopia_walletobjectbase_id_seq', 2, true);


--
-- TOC entry 3922 (class 0 OID 0)
-- Dependencies: 284
-- Name: password_history_passwordhistory_id_seq; Type: SEQUENCE SET; Schema: public; Owner: doadmin
--

SELECT pg_catalog.setval('public.password_history_passwordhistory_id_seq', 4, true);


--
-- TOC entry 3923 (class 0 OID 0)
-- Dependencies: 286
-- Name: password_history_userpasswordhistoryconfig_id_seq; Type: SEQUENCE SET; Schema: public; Owner: doadmin
--

SELECT pg_catalog.setval('public.password_history_userpasswordhistoryconfig_id_seq', 4, true);


--
-- TOC entry 3924 (class 0 OID 0)
-- Dependencies: 288
-- Name: tagging_tag_id_seq; Type: SEQUENCE SET; Schema: public; Owner: doadmin
--

SELECT pg_catalog.setval('public.tagging_tag_id_seq', 205, true);


--
-- TOC entry 3925 (class 0 OID 0)
-- Dependencies: 290
-- Name: tagging_taggeditem_id_seq; Type: SEQUENCE SET; Schema: public; Owner: doadmin
--

SELECT pg_catalog.setval('public.tagging_taggeditem_id_seq', 2460, true);


--
-- TOC entry 3395 (class 2606 OID 37422)
-- Name: auth_group auth_group_name_key; Type: CONSTRAINT; Schema: public; Owner: doadmin
--

ALTER TABLE ONLY public.auth_group
    ADD CONSTRAINT auth_group_name_key UNIQUE (name);


--
-- TOC entry 3400 (class 2606 OID 37424)
-- Name: auth_group_permissions auth_group_permissions_group_id_permission_id_0cd325b0_uniq; Type: CONSTRAINT; Schema: public; Owner: doadmin
--

ALTER TABLE ONLY public.auth_group_permissions
    ADD CONSTRAINT auth_group_permissions_group_id_permission_id_0cd325b0_uniq UNIQUE (group_id, permission_id);


--
-- TOC entry 3403 (class 2606 OID 37426)
-- Name: auth_group_permissions auth_group_permissions_pkey; Type: CONSTRAINT; Schema: public; Owner: doadmin
--

ALTER TABLE ONLY public.auth_group_permissions
    ADD CONSTRAINT auth_group_permissions_pkey PRIMARY KEY (id);


--
-- TOC entry 3397 (class 2606 OID 37428)
-- Name: auth_group auth_group_pkey; Type: CONSTRAINT; Schema: public; Owner: doadmin
--

ALTER TABLE ONLY public.auth_group
    ADD CONSTRAINT auth_group_pkey PRIMARY KEY (id);


--
-- TOC entry 3406 (class 2606 OID 37430)
-- Name: auth_permission auth_permission_content_type_id_codename_01ab375a_uniq; Type: CONSTRAINT; Schema: public; Owner: doadmin
--

ALTER TABLE ONLY public.auth_permission
    ADD CONSTRAINT auth_permission_content_type_id_codename_01ab375a_uniq UNIQUE (content_type_id, codename);


--
-- TOC entry 3408 (class 2606 OID 37432)
-- Name: auth_permission auth_permission_pkey; Type: CONSTRAINT; Schema: public; Owner: doadmin
--

ALTER TABLE ONLY public.auth_permission
    ADD CONSTRAINT auth_permission_pkey PRIMARY KEY (id);


--
-- TOC entry 3411 (class 2606 OID 37434)
-- Name: django_admin_log django_admin_log_pkey; Type: CONSTRAINT; Schema: public; Owner: doadmin
--

ALTER TABLE ONLY public.django_admin_log
    ADD CONSTRAINT django_admin_log_pkey PRIMARY KEY (id);


--
-- TOC entry 3414 (class 2606 OID 37436)
-- Name: django_content_type django_content_type_app_label_model_76bd3d3b_uniq; Type: CONSTRAINT; Schema: public; Owner: doadmin
--

ALTER TABLE ONLY public.django_content_type
    ADD CONSTRAINT django_content_type_app_label_model_76bd3d3b_uniq UNIQUE (app_label, model);


--
-- TOC entry 3416 (class 2606 OID 37438)
-- Name: django_content_type django_content_type_pkey; Type: CONSTRAINT; Schema: public; Owner: doadmin
--

ALTER TABLE ONLY public.django_content_type
    ADD CONSTRAINT django_content_type_pkey PRIMARY KEY (id);


--
-- TOC entry 3418 (class 2606 OID 37440)
-- Name: django_migrations django_migrations_pkey; Type: CONSTRAINT; Schema: public; Owner: doadmin
--

ALTER TABLE ONLY public.django_migrations
    ADD CONSTRAINT django_migrations_pkey PRIMARY KEY (id);


--
-- TOC entry 3421 (class 2606 OID 37442)
-- Name: django_session django_session_pkey; Type: CONSTRAINT; Schema: public; Owner: doadmin
--

ALTER TABLE ONLY public.django_session
    ADD CONSTRAINT django_session_pkey PRIMARY KEY (session_key);


--
-- TOC entry 3424 (class 2606 OID 37444)
-- Name: necrotopia_advertisement necrotopia_advertisement_pkey; Type: CONSTRAINT; Schema: public; Owner: doadmin
--

ALTER TABLE ONLY public.necrotopia_advertisement
    ADD CONSTRAINT necrotopia_advertisement_pkey PRIMARY KEY (id);


--
-- TOC entry 3428 (class 2606 OID 37446)
-- Name: necrotopia_chapter necrotopia_chapter_name_key; Type: CONSTRAINT; Schema: public; Owner: doadmin
--

ALTER TABLE ONLY public.necrotopia_chapter
    ADD CONSTRAINT necrotopia_chapter_name_key UNIQUE (name);


--
-- TOC entry 3430 (class 2606 OID 37448)
-- Name: necrotopia_chapter necrotopia_chapter_pkey; Type: CONSTRAINT; Schema: public; Owner: doadmin
--

ALTER TABLE ONLY public.necrotopia_chapter
    ADD CONSTRAINT necrotopia_chapter_pkey PRIMARY KEY (id);


--
-- TOC entry 3435 (class 2606 OID 37450)
-- Name: necrotopia_chapter necrotopia_chapter_stub_key; Type: CONSTRAINT; Schema: public; Owner: doadmin
--

ALTER TABLE ONLY public.necrotopia_chapter
    ADD CONSTRAINT necrotopia_chapter_stub_key UNIQUE (stub);


--
-- TOC entry 3440 (class 2606 OID 37452)
-- Name: necrotopia_chapterstaff necrotopia_chapterstaff_pkey; Type: CONSTRAINT; Schema: public; Owner: doadmin
--

ALTER TABLE ONLY public.necrotopia_chapterstaff
    ADD CONSTRAINT necrotopia_chapterstaff_pkey PRIMARY KEY (id);


--
-- TOC entry 3445 (class 2606 OID 37454)
-- Name: necrotopia_chapterstafftype necrotopia_chapterstafftype_name_key; Type: CONSTRAINT; Schema: public; Owner: doadmin
--

ALTER TABLE ONLY public.necrotopia_chapterstafftype
    ADD CONSTRAINT necrotopia_chapterstafftype_name_key UNIQUE (name);


--
-- TOC entry 3447 (class 2606 OID 37456)
-- Name: necrotopia_chapterstafftype necrotopia_chapterstafftype_pkey; Type: CONSTRAINT; Schema: public; Owner: doadmin
--

ALTER TABLE ONLY public.necrotopia_chapterstafftype
    ADD CONSTRAINT necrotopia_chapterstafftype_pkey PRIMARY KEY (id);


--
-- TOC entry 3451 (class 2606 OID 37458)
-- Name: necrotopia_department necrotopia_department_name_key; Type: CONSTRAINT; Schema: public; Owner: doadmin
--

ALTER TABLE ONLY public.necrotopia_department
    ADD CONSTRAINT necrotopia_department_name_key UNIQUE (name);


--
-- TOC entry 3453 (class 2606 OID 37460)
-- Name: necrotopia_department necrotopia_department_pkey; Type: CONSTRAINT; Schema: public; Owner: doadmin
--

ALTER TABLE ONLY public.necrotopia_department
    ADD CONSTRAINT necrotopia_department_pkey PRIMARY KEY (id);


--
-- TOC entry 3459 (class 2606 OID 37462)
-- Name: necrotopia_financialinstitution necrotopia_financialinstitution_name_key; Type: CONSTRAINT; Schema: public; Owner: doadmin
--

ALTER TABLE ONLY public.necrotopia_financialinstitution
    ADD CONSTRAINT necrotopia_financialinstitution_name_key UNIQUE (name);


--
-- TOC entry 3461 (class 2606 OID 37464)
-- Name: necrotopia_financialinstitution necrotopia_financialinstitution_pkey; Type: CONSTRAINT; Schema: public; Owner: doadmin
--

ALTER TABLE ONLY public.necrotopia_financialinstitution
    ADD CONSTRAINT necrotopia_financialinstitution_pkey PRIMARY KEY (id);


--
-- TOC entry 3466 (class 2606 OID 37466)
-- Name: necrotopia_financialinvestment necrotopia_financialinvestment_pkey; Type: CONSTRAINT; Schema: public; Owner: doadmin
--

ALTER TABLE ONLY public.necrotopia_financialinvestment
    ADD CONSTRAINT necrotopia_financialinvestment_pkey PRIMARY KEY (id);


--
-- TOC entry 3468 (class 2606 OID 37468)
-- Name: necrotopia_gender necrotopia_gender_pkey; Type: CONSTRAINT; Schema: public; Owner: doadmin
--

ALTER TABLE ONLY public.necrotopia_gender
    ADD CONSTRAINT necrotopia_gender_pkey PRIMARY KEY (id);


--
-- TOC entry 3471 (class 2606 OID 37470)
-- Name: necrotopia_institutionpicture necrotopia_institutionpicture_pkey; Type: CONSTRAINT; Schema: public; Owner: doadmin
--

ALTER TABLE ONLY public.necrotopia_institutionpicture
    ADD CONSTRAINT necrotopia_institutionpicture_pkey PRIMARY KEY (id);


--
-- TOC entry 3474 (class 2606 OID 37472)
-- Name: necrotopia_itempdf necrotopia_itempdf_pkey; Type: CONSTRAINT; Schema: public; Owner: doadmin
--

ALTER TABLE ONLY public.necrotopia_itempdf
    ADD CONSTRAINT necrotopia_itempdf_pkey PRIMARY KEY (id);


--
-- TOC entry 3477 (class 2606 OID 37474)
-- Name: necrotopia_itempicture necrotopia_itempicture_pkey; Type: CONSTRAINT; Schema: public; Owner: doadmin
--

ALTER TABLE ONLY public.necrotopia_itempicture
    ADD CONSTRAINT necrotopia_itempicture_pkey PRIMARY KEY (id);


--
-- TOC entry 3481 (class 2606 OID 37476)
-- Name: necrotopia_loottable necrotopia_loottable_name_key; Type: CONSTRAINT; Schema: public; Owner: doadmin
--

ALTER TABLE ONLY public.necrotopia_loottable
    ADD CONSTRAINT necrotopia_loottable_name_key UNIQUE (name);


--
-- TOC entry 3483 (class 2606 OID 37478)
-- Name: necrotopia_loottable necrotopia_loottable_pkey; Type: CONSTRAINT; Schema: public; Owner: doadmin
--

ALTER TABLE ONLY public.necrotopia_loottable
    ADD CONSTRAINT necrotopia_loottable_pkey PRIMARY KEY (id);


--
-- TOC entry 3487 (class 2606 OID 37480)
-- Name: necrotopia_loottableitem necrotopia_loottableitem_item_name_key; Type: CONSTRAINT; Schema: public; Owner: doadmin
--

ALTER TABLE ONLY public.necrotopia_loottableitem
    ADD CONSTRAINT necrotopia_loottableitem_item_name_key UNIQUE (item_name);


--
-- TOC entry 3490 (class 2606 OID 37482)
-- Name: necrotopia_loottableitem necrotopia_loottableitem_pkey; Type: CONSTRAINT; Schema: public; Owner: doadmin
--

ALTER TABLE ONLY public.necrotopia_loottableitem
    ADD CONSTRAINT necrotopia_loottableitem_pkey PRIMARY KEY (id);


--
-- TOC entry 3493 (class 2606 OID 37484)
-- Name: necrotopia_moduleassembly necrotopia_moduleassembly_pkey; Type: CONSTRAINT; Schema: public; Owner: doadmin
--

ALTER TABLE ONLY public.necrotopia_moduleassembly
    ADD CONSTRAINT necrotopia_moduleassembly_pkey PRIMARY KEY (line_id);


--
-- TOC entry 3497 (class 2606 OID 37486)
-- Name: necrotopia_modulegrade necrotopia_modulegrade_pkey; Type: CONSTRAINT; Schema: public; Owner: doadmin
--

ALTER TABLE ONLY public.necrotopia_modulegrade
    ADD CONSTRAINT necrotopia_modulegrade_pkey PRIMARY KEY (id);


--
-- TOC entry 3502 (class 2606 OID 37488)
-- Name: necrotopia_modulegraderesource necrotopia_modulegraderesource_pkey; Type: CONSTRAINT; Schema: public; Owner: doadmin
--

ALTER TABLE ONLY public.necrotopia_modulegraderesource
    ADD CONSTRAINT necrotopia_modulegraderesource_pkey PRIMARY KEY (id);


--
-- TOC entry 3507 (class 2606 OID 37490)
-- Name: necrotopia_modulegradesubassembly necrotopia_modulegradesubassembly_pkey; Type: CONSTRAINT; Schema: public; Owner: doadmin
--

ALTER TABLE ONLY public.necrotopia_modulegradesubassembly
    ADD CONSTRAINT necrotopia_modulegradesubassembly_pkey PRIMARY KEY (id);


--
-- TOC entry 3509 (class 2606 OID 37492)
-- Name: necrotopia_ratedskillitem necrotopia_ratedskillitem_pkey; Type: CONSTRAINT; Schema: public; Owner: doadmin
--

ALTER TABLE ONLY public.necrotopia_ratedskillitem
    ADD CONSTRAINT necrotopia_ratedskillitem_pkey PRIMARY KEY (id);


--
-- TOC entry 3513 (class 2606 OID 37494)
-- Name: necrotopia_resourceitem necrotopia_resourceitem_pkey; Type: CONSTRAINT; Schema: public; Owner: doadmin
--

ALTER TABLE ONLY public.necrotopia_resourceitem
    ADD CONSTRAINT necrotopia_resourceitem_pkey PRIMARY KEY (id);


--
-- TOC entry 3519 (class 2606 OID 37496)
-- Name: necrotopia_rule necrotopia_rule_pkey; Type: CONSTRAINT; Schema: public; Owner: doadmin
--

ALTER TABLE ONLY public.necrotopia_rule
    ADD CONSTRAINT necrotopia_rule_pkey PRIMARY KEY (id);


--
-- TOC entry 3521 (class 2606 OID 37498)
-- Name: necrotopia_rulepicture necrotopia_rulepicture_pkey; Type: CONSTRAINT; Schema: public; Owner: doadmin
--

ALTER TABLE ONLY public.necrotopia_rulepicture
    ADD CONSTRAINT necrotopia_rulepicture_pkey PRIMARY KEY (id);


--
-- TOC entry 3524 (class 2606 OID 37500)
-- Name: necrotopia_skillitem necrotopia_skillitem_pkey; Type: CONSTRAINT; Schema: public; Owner: doadmin
--

ALTER TABLE ONLY public.necrotopia_skillitem
    ADD CONSTRAINT necrotopia_skillitem_pkey PRIMARY KEY (id);


--
-- TOC entry 3528 (class 2606 OID 37502)
-- Name: necrotopia_skillratings necrotopia_skillratings_pkey; Type: CONSTRAINT; Schema: public; Owner: doadmin
--

ALTER TABLE ONLY public.necrotopia_skillratings
    ADD CONSTRAINT necrotopia_skillratings_pkey PRIMARY KEY (id);


--
-- TOC entry 3531 (class 2606 OID 37504)
-- Name: necrotopia_title necrotopia_title_pkey; Type: CONSTRAINT; Schema: public; Owner: doadmin
--

ALTER TABLE ONLY public.necrotopia_title
    ADD CONSTRAINT necrotopia_title_pkey PRIMARY KEY (id);


--
-- TOC entry 3534 (class 2606 OID 37506)
-- Name: necrotopia_usefullinks necrotopia_usefullinks_pkey; Type: CONSTRAINT; Schema: public; Owner: doadmin
--

ALTER TABLE ONLY public.necrotopia_usefullinks
    ADD CONSTRAINT necrotopia_usefullinks_pkey PRIMARY KEY (id);


--
-- TOC entry 3538 (class 2606 OID 37508)
-- Name: necrotopia_userprofile necrotopia_userprofile_email_key; Type: CONSTRAINT; Schema: public; Owner: doadmin
--

ALTER TABLE ONLY public.necrotopia_userprofile
    ADD CONSTRAINT necrotopia_userprofile_email_key UNIQUE (email);


--
-- TOC entry 3544 (class 2606 OID 37510)
-- Name: necrotopia_userprofile_groups necrotopia_userprofile_g_userprofile_id_group_id_f6ecc65b_uniq; Type: CONSTRAINT; Schema: public; Owner: doadmin
--

ALTER TABLE ONLY public.necrotopia_userprofile_groups
    ADD CONSTRAINT necrotopia_userprofile_g_userprofile_id_group_id_f6ecc65b_uniq UNIQUE (userprofile_id, group_id);


--
-- TOC entry 3547 (class 2606 OID 37512)
-- Name: necrotopia_userprofile_groups necrotopia_userprofile_groups_pkey; Type: CONSTRAINT; Schema: public; Owner: doadmin
--

ALTER TABLE ONLY public.necrotopia_userprofile_groups
    ADD CONSTRAINT necrotopia_userprofile_groups_pkey PRIMARY KEY (id);


--
-- TOC entry 3541 (class 2606 OID 37514)
-- Name: necrotopia_userprofile necrotopia_userprofile_pkey; Type: CONSTRAINT; Schema: public; Owner: doadmin
--

ALTER TABLE ONLY public.necrotopia_userprofile
    ADD CONSTRAINT necrotopia_userprofile_pkey PRIMARY KEY (id);


--
-- TOC entry 3550 (class 2606 OID 37516)
-- Name: necrotopia_userprofile_user_permissions necrotopia_userprofile_u_userprofile_id_permissio_83b7fe70_uniq; Type: CONSTRAINT; Schema: public; Owner: doadmin
--

ALTER TABLE ONLY public.necrotopia_userprofile_user_permissions
    ADD CONSTRAINT necrotopia_userprofile_u_userprofile_id_permissio_83b7fe70_uniq UNIQUE (userprofile_id, permission_id);


--
-- TOC entry 3553 (class 2606 OID 37518)
-- Name: necrotopia_userprofile_user_permissions necrotopia_userprofile_user_permissions_pkey; Type: CONSTRAINT; Schema: public; Owner: doadmin
--

ALTER TABLE ONLY public.necrotopia_userprofile_user_permissions
    ADD CONSTRAINT necrotopia_userprofile_user_permissions_pkey PRIMARY KEY (id);


--
-- TOC entry 3580 (class 2606 OID 37899)
-- Name: necrotopia_wallet necrotopia_wallet_pkey; Type: CONSTRAINT; Schema: public; Owner: doadmin
--

ALTER TABLE ONLY public.necrotopia_wallet
    ADD CONSTRAINT necrotopia_wallet_pkey PRIMARY KEY (id);


--
-- TOC entry 3590 (class 2606 OID 37918)
-- Name: necrotopia_walletitem necrotopia_walletitem_pkey; Type: CONSTRAINT; Schema: public; Owner: doadmin
--

ALTER TABLE ONLY public.necrotopia_walletitem
    ADD CONSTRAINT necrotopia_walletitem_pkey PRIMARY KEY (walletobjectbase_ptr_id);


--
-- TOC entry 3583 (class 2606 OID 37906)
-- Name: necrotopia_walletobjectbase necrotopia_walletobjectbase_pkey; Type: CONSTRAINT; Schema: public; Owner: doadmin
--

ALTER TABLE ONLY public.necrotopia_walletobjectbase
    ADD CONSTRAINT necrotopia_walletobjectbase_pkey PRIMARY KEY (id);


--
-- TOC entry 3586 (class 2606 OID 37911)
-- Name: necrotopia_walletresource necrotopia_walletresource_pkey; Type: CONSTRAINT; Schema: public; Owner: doadmin
--

ALTER TABLE ONLY public.necrotopia_walletresource
    ADD CONSTRAINT necrotopia_walletresource_pkey PRIMARY KEY (walletobjectbase_ptr_id);


--
-- TOC entry 3556 (class 2606 OID 37520)
-- Name: password_history_passwordhistory password_history_passwor_user_config_id_password_788e1175_uniq; Type: CONSTRAINT; Schema: public; Owner: doadmin
--

ALTER TABLE ONLY public.password_history_passwordhistory
    ADD CONSTRAINT password_history_passwor_user_config_id_password_788e1175_uniq UNIQUE (user_config_id, password);


--
-- TOC entry 3558 (class 2606 OID 37522)
-- Name: password_history_passwordhistory password_history_passwordhistory_pkey; Type: CONSTRAINT; Schema: public; Owner: doadmin
--

ALTER TABLE ONLY public.password_history_passwordhistory
    ADD CONSTRAINT password_history_passwordhistory_pkey PRIMARY KEY (id);


--
-- TOC entry 3561 (class 2606 OID 37524)
-- Name: password_history_userpasswordhistoryconfig password_history_userpas_user_id_iterations_fa725dcb_uniq; Type: CONSTRAINT; Schema: public; Owner: doadmin
--

ALTER TABLE ONLY public.password_history_userpasswordhistoryconfig
    ADD CONSTRAINT password_history_userpas_user_id_iterations_fa725dcb_uniq UNIQUE (user_id, iterations);


--
-- TOC entry 3563 (class 2606 OID 37526)
-- Name: password_history_userpasswordhistoryconfig password_history_userpasswordhistoryconfig_pkey; Type: CONSTRAINT; Schema: public; Owner: doadmin
--

ALTER TABLE ONLY public.password_history_userpasswordhistoryconfig
    ADD CONSTRAINT password_history_userpasswordhistoryconfig_pkey PRIMARY KEY (id);


--
-- TOC entry 3567 (class 2606 OID 37528)
-- Name: tagging_tag tagging_tag_name_key; Type: CONSTRAINT; Schema: public; Owner: doadmin
--

ALTER TABLE ONLY public.tagging_tag
    ADD CONSTRAINT tagging_tag_name_key UNIQUE (name);


--
-- TOC entry 3569 (class 2606 OID 37530)
-- Name: tagging_tag tagging_tag_pkey; Type: CONSTRAINT; Schema: public; Owner: doadmin
--

ALTER TABLE ONLY public.tagging_tag
    ADD CONSTRAINT tagging_tag_pkey PRIMARY KEY (id);


--
-- TOC entry 3573 (class 2606 OID 37532)
-- Name: tagging_taggeditem tagging_taggeditem_pkey; Type: CONSTRAINT; Schema: public; Owner: doadmin
--

ALTER TABLE ONLY public.tagging_taggeditem
    ADD CONSTRAINT tagging_taggeditem_pkey PRIMARY KEY (id);


--
-- TOC entry 3575 (class 2606 OID 37534)
-- Name: tagging_taggeditem tagging_taggeditem_tag_id_content_type_id_o_3d53f09d_uniq; Type: CONSTRAINT; Schema: public; Owner: doadmin
--

ALTER TABLE ONLY public.tagging_taggeditem
    ADD CONSTRAINT tagging_taggeditem_tag_id_content_type_id_o_3d53f09d_uniq UNIQUE (tag_id, content_type_id, object_id);


--
-- TOC entry 3393 (class 1259 OID 37535)
-- Name: auth_group_name_a6ea08ec_like; Type: INDEX; Schema: public; Owner: doadmin
--

CREATE INDEX auth_group_name_a6ea08ec_like ON public.auth_group USING btree (name varchar_pattern_ops);


--
-- TOC entry 3398 (class 1259 OID 37536)
-- Name: auth_group_permissions_group_id_b120cbf9; Type: INDEX; Schema: public; Owner: doadmin
--

CREATE INDEX auth_group_permissions_group_id_b120cbf9 ON public.auth_group_permissions USING btree (group_id);


--
-- TOC entry 3401 (class 1259 OID 37537)
-- Name: auth_group_permissions_permission_id_84c5c92e; Type: INDEX; Schema: public; Owner: doadmin
--

CREATE INDEX auth_group_permissions_permission_id_84c5c92e ON public.auth_group_permissions USING btree (permission_id);


--
-- TOC entry 3404 (class 1259 OID 37538)
-- Name: auth_permission_content_type_id_2f476e4b; Type: INDEX; Schema: public; Owner: doadmin
--

CREATE INDEX auth_permission_content_type_id_2f476e4b ON public.auth_permission USING btree (content_type_id);


--
-- TOC entry 3409 (class 1259 OID 37539)
-- Name: django_admin_log_content_type_id_c4bce8eb; Type: INDEX; Schema: public; Owner: doadmin
--

CREATE INDEX django_admin_log_content_type_id_c4bce8eb ON public.django_admin_log USING btree (content_type_id);


--
-- TOC entry 3412 (class 1259 OID 37540)
-- Name: django_admin_log_user_id_c564eba6; Type: INDEX; Schema: public; Owner: doadmin
--

CREATE INDEX django_admin_log_user_id_c564eba6 ON public.django_admin_log USING btree (user_id);


--
-- TOC entry 3419 (class 1259 OID 37541)
-- Name: django_session_expire_date_a5c62663; Type: INDEX; Schema: public; Owner: doadmin
--

CREATE INDEX django_session_expire_date_a5c62663 ON public.django_session USING btree (expire_date);


--
-- TOC entry 3422 (class 1259 OID 37542)
-- Name: django_session_session_key_c0390e0f_like; Type: INDEX; Schema: public; Owner: doadmin
--

CREATE INDEX django_session_session_key_c0390e0f_like ON public.django_session USING btree (session_key varchar_pattern_ops);


--
-- TOC entry 3425 (class 1259 OID 37543)
-- Name: necrotopia_advertisement_registrar_id_d50e3f04; Type: INDEX; Schema: public; Owner: doadmin
--

CREATE INDEX necrotopia_advertisement_registrar_id_d50e3f04 ON public.necrotopia_advertisement USING btree (registrar_id);


--
-- TOC entry 3426 (class 1259 OID 37544)
-- Name: necrotopia_chapter_name_e262d67b_like; Type: INDEX; Schema: public; Owner: doadmin
--

CREATE INDEX necrotopia_chapter_name_e262d67b_like ON public.necrotopia_chapter USING btree (name varchar_pattern_ops);


--
-- TOC entry 3431 (class 1259 OID 37545)
-- Name: necrotopia_chapter_registrar_id_d9ed5f69; Type: INDEX; Schema: public; Owner: doadmin
--

CREATE INDEX necrotopia_chapter_registrar_id_d9ed5f69 ON public.necrotopia_chapter USING btree (registrar_id);


--
-- TOC entry 3432 (class 1259 OID 37546)
-- Name: necrotopia_chapter_staff_id_5b50e6c0; Type: INDEX; Schema: public; Owner: doadmin
--

CREATE INDEX necrotopia_chapter_staff_id_5b50e6c0 ON public.necrotopia_chapter USING btree (staff_id);


--
-- TOC entry 3433 (class 1259 OID 37547)
-- Name: necrotopia_chapter_stub_5330ac82_like; Type: INDEX; Schema: public; Owner: doadmin
--

CREATE INDEX necrotopia_chapter_stub_5330ac82_like ON public.necrotopia_chapter USING btree (stub varchar_pattern_ops);


--
-- TOC entry 3436 (class 1259 OID 37548)
-- Name: necrotopia_chapter_useful_links_id_48748406; Type: INDEX; Schema: public; Owner: doadmin
--

CREATE INDEX necrotopia_chapter_useful_links_id_48748406 ON public.necrotopia_chapter USING btree (useful_links_id);


--
-- TOC entry 3437 (class 1259 OID 37549)
-- Name: necrotopia_chapterstaff_chapter_link_id_71950bf3; Type: INDEX; Schema: public; Owner: doadmin
--

CREATE INDEX necrotopia_chapterstaff_chapter_link_id_71950bf3 ON public.necrotopia_chapterstaff USING btree (chapter_link_id);


--
-- TOC entry 3438 (class 1259 OID 37550)
-- Name: necrotopia_chapterstaff_department_id_c6f3cb47; Type: INDEX; Schema: public; Owner: doadmin
--

CREATE INDEX necrotopia_chapterstaff_department_id_c6f3cb47 ON public.necrotopia_chapterstaff USING btree (department_id);


--
-- TOC entry 3441 (class 1259 OID 37551)
-- Name: necrotopia_chapterstaff_type_id_5d297368; Type: INDEX; Schema: public; Owner: doadmin
--

CREATE INDEX necrotopia_chapterstaff_type_id_5d297368 ON public.necrotopia_chapterstaff USING btree (type_id);


--
-- TOC entry 3442 (class 1259 OID 37552)
-- Name: necrotopia_chapterstaff_user_profile_id_849c9ab4; Type: INDEX; Schema: public; Owner: doadmin
--

CREATE INDEX necrotopia_chapterstaff_user_profile_id_849c9ab4 ON public.necrotopia_chapterstaff USING btree (user_profile_id);


--
-- TOC entry 3443 (class 1259 OID 37553)
-- Name: necrotopia_chapterstafftype_name_6b0bfff8_like; Type: INDEX; Schema: public; Owner: doadmin
--

CREATE INDEX necrotopia_chapterstafftype_name_6b0bfff8_like ON public.necrotopia_chapterstafftype USING btree (name varchar_pattern_ops);


--
-- TOC entry 3448 (class 1259 OID 37554)
-- Name: necrotopia_chapterstafftype_registrar_id_85af36df; Type: INDEX; Schema: public; Owner: doadmin
--

CREATE INDEX necrotopia_chapterstafftype_registrar_id_85af36df ON public.necrotopia_chapterstafftype USING btree (registrar_id);


--
-- TOC entry 3449 (class 1259 OID 37555)
-- Name: necrotopia_department_name_b94eff63_like; Type: INDEX; Schema: public; Owner: doadmin
--

CREATE INDEX necrotopia_department_name_b94eff63_like ON public.necrotopia_department USING btree (name varchar_pattern_ops);


--
-- TOC entry 3454 (class 1259 OID 37556)
-- Name: necrotopia_department_registrar_id_d67a22ea; Type: INDEX; Schema: public; Owner: doadmin
--

CREATE INDEX necrotopia_department_registrar_id_d67a22ea ON public.necrotopia_department USING btree (registrar_id);


--
-- TOC entry 3455 (class 1259 OID 37557)
-- Name: necrotopia_financialinstit_institution_pictures_id_a62a9dc0; Type: INDEX; Schema: public; Owner: doadmin
--

CREATE INDEX necrotopia_financialinstit_institution_pictures_id_a62a9dc0 ON public.necrotopia_financialinstitution USING btree (institution_pictures_id);


--
-- TOC entry 3456 (class 1259 OID 37558)
-- Name: necrotopia_financialinstitution_branch_id_ad2869a3; Type: INDEX; Schema: public; Owner: doadmin
--

CREATE INDEX necrotopia_financialinstitution_branch_id_ad2869a3 ON public.necrotopia_financialinstitution USING btree (branch_id);


--
-- TOC entry 3457 (class 1259 OID 37559)
-- Name: necrotopia_financialinstitution_name_be7977b2_like; Type: INDEX; Schema: public; Owner: doadmin
--

CREATE INDEX necrotopia_financialinstitution_name_be7977b2_like ON public.necrotopia_financialinstitution USING btree (name varchar_pattern_ops);


--
-- TOC entry 3462 (class 1259 OID 37560)
-- Name: necrotopia_financialinstitution_registrar_id_9e95058e; Type: INDEX; Schema: public; Owner: doadmin
--

CREATE INDEX necrotopia_financialinstitution_registrar_id_9e95058e ON public.necrotopia_financialinstitution USING btree (registrar_id);


--
-- TOC entry 3463 (class 1259 OID 37561)
-- Name: necrotopia_financialinvestment_character_id_f35d1514; Type: INDEX; Schema: public; Owner: doadmin
--

CREATE INDEX necrotopia_financialinvestment_character_id_f35d1514 ON public.necrotopia_financialinvestment USING btree (character_id);


--
-- TOC entry 3464 (class 1259 OID 37562)
-- Name: necrotopia_financialinvestment_institution_id_3cf96b9f; Type: INDEX; Schema: public; Owner: doadmin
--

CREATE INDEX necrotopia_financialinvestment_institution_id_3cf96b9f ON public.necrotopia_financialinvestment USING btree (institution_id);


--
-- TOC entry 3469 (class 1259 OID 37563)
-- Name: necrotopia_institutionpicture_institution_item_id_0e04ff4f; Type: INDEX; Schema: public; Owner: doadmin
--

CREATE INDEX necrotopia_institutionpicture_institution_item_id_0e04ff4f ON public.necrotopia_institutionpicture USING btree (institution_item_id);


--
-- TOC entry 3472 (class 1259 OID 37564)
-- Name: necrotopia_itempdf_pdf_assembly_item_id_d6c0dcb4; Type: INDEX; Schema: public; Owner: doadmin
--

CREATE INDEX necrotopia_itempdf_pdf_assembly_item_id_d6c0dcb4 ON public.necrotopia_itempdf USING btree (pdf_assembly_item_id);


--
-- TOC entry 3475 (class 1259 OID 37565)
-- Name: necrotopia_itempicture_imd_assembly_item_id_84eeaf79; Type: INDEX; Schema: public; Owner: doadmin
--

CREATE INDEX necrotopia_itempicture_imd_assembly_item_id_84eeaf79 ON public.necrotopia_itempicture USING btree (imd_assembly_item_id);


--
-- TOC entry 3478 (class 1259 OID 37566)
-- Name: necrotopia_loottable_loot_items_id_d3be3791; Type: INDEX; Schema: public; Owner: doadmin
--

CREATE INDEX necrotopia_loottable_loot_items_id_d3be3791 ON public.necrotopia_loottable USING btree (loot_items_id);


--
-- TOC entry 3479 (class 1259 OID 37567)
-- Name: necrotopia_loottable_name_ca7b0ccf_like; Type: INDEX; Schema: public; Owner: doadmin
--

CREATE INDEX necrotopia_loottable_name_ca7b0ccf_like ON public.necrotopia_loottable USING btree (name varchar_pattern_ops);


--
-- TOC entry 3484 (class 1259 OID 37568)
-- Name: necrotopia_loottable_registrar_id_7dbe0668; Type: INDEX; Schema: public; Owner: doadmin
--

CREATE INDEX necrotopia_loottable_registrar_id_7dbe0668 ON public.necrotopia_loottable USING btree (registrar_id);


--
-- TOC entry 3485 (class 1259 OID 37569)
-- Name: necrotopia_loottableitem_item_name_819fb150_like; Type: INDEX; Schema: public; Owner: doadmin
--

CREATE INDEX necrotopia_loottableitem_item_name_819fb150_like ON public.necrotopia_loottableitem USING btree (item_name varchar_pattern_ops);


--
-- TOC entry 3488 (class 1259 OID 37570)
-- Name: necrotopia_loottableitem_loot_table_id_421811da; Type: INDEX; Schema: public; Owner: doadmin
--

CREATE INDEX necrotopia_loottableitem_loot_table_id_421811da ON public.necrotopia_loottableitem USING btree (loot_table_id);


--
-- TOC entry 3491 (class 1259 OID 37571)
-- Name: necrotopia_moduleassembly_module_grades_id_b47224be; Type: INDEX; Schema: public; Owner: doadmin
--

CREATE INDEX necrotopia_moduleassembly_module_grades_id_b47224be ON public.necrotopia_moduleassembly USING btree (module_grades_id);


--
-- TOC entry 3494 (class 1259 OID 37572)
-- Name: necrotopia_moduleassembly_registrar_id_897e0450; Type: INDEX; Schema: public; Owner: doadmin
--

CREATE INDEX necrotopia_moduleassembly_registrar_id_897e0450 ON public.necrotopia_moduleassembly USING btree (registrar_id);


--
-- TOC entry 3495 (class 1259 OID 37573)
-- Name: necrotopia_modulegrade_module_assembly_id_d8e089f3; Type: INDEX; Schema: public; Owner: doadmin
--

CREATE INDEX necrotopia_modulegrade_module_assembly_id_d8e089f3 ON public.necrotopia_modulegrade USING btree (module_assembly_id);


--
-- TOC entry 3498 (class 1259 OID 37574)
-- Name: necrotopia_modulegrade_resources_id_caccd8e6; Type: INDEX; Schema: public; Owner: doadmin
--

CREATE INDEX necrotopia_modulegrade_resources_id_caccd8e6 ON public.necrotopia_modulegrade USING btree (resources_id);


--
-- TOC entry 3499 (class 1259 OID 37575)
-- Name: necrotopia_modulegrade_sub_assemblies_id_3d068933; Type: INDEX; Schema: public; Owner: doadmin
--

CREATE INDEX necrotopia_modulegrade_sub_assemblies_id_3d068933 ON public.necrotopia_modulegrade USING btree (sub_assemblies_id);


--
-- TOC entry 3500 (class 1259 OID 37576)
-- Name: necrotopia_modulegraderesource_parent_grade_id_deb1595a; Type: INDEX; Schema: public; Owner: doadmin
--

CREATE INDEX necrotopia_modulegraderesource_parent_grade_id_deb1595a ON public.necrotopia_modulegraderesource USING btree (parent_grade_id);


--
-- TOC entry 3503 (class 1259 OID 37577)
-- Name: necrotopia_modulegraderesource_resource_id_f3709d07; Type: INDEX; Schema: public; Owner: doadmin
--

CREATE INDEX necrotopia_modulegraderesource_resource_id_f3709d07 ON public.necrotopia_modulegraderesource USING btree (resource_id);


--
-- TOC entry 3504 (class 1259 OID 37578)
-- Name: necrotopia_modulegradesubassembly_assembly_id_db1eab95; Type: INDEX; Schema: public; Owner: doadmin
--

CREATE INDEX necrotopia_modulegradesubassembly_assembly_id_db1eab95 ON public.necrotopia_modulegradesubassembly USING btree (assembly_id);


--
-- TOC entry 3505 (class 1259 OID 37579)
-- Name: necrotopia_modulegradesubassembly_parent_grade_id_c50fa28e; Type: INDEX; Schema: public; Owner: doadmin
--

CREATE INDEX necrotopia_modulegradesubassembly_parent_grade_id_c50fa28e ON public.necrotopia_modulegradesubassembly USING btree (parent_grade_id);


--
-- TOC entry 3510 (class 1259 OID 37580)
-- Name: necrotopia_ratedskillitem_resource_item_id_ebdada88; Type: INDEX; Schema: public; Owner: doadmin
--

CREATE INDEX necrotopia_ratedskillitem_resource_item_id_ebdada88 ON public.necrotopia_ratedskillitem USING btree (resource_item_id);


--
-- TOC entry 3511 (class 1259 OID 37581)
-- Name: necrotopia_ratedskillitem_skill_id_86393dbb; Type: INDEX; Schema: public; Owner: doadmin
--

CREATE INDEX necrotopia_ratedskillitem_skill_id_86393dbb ON public.necrotopia_ratedskillitem USING btree (skill_id);


--
-- TOC entry 3514 (class 1259 OID 37582)
-- Name: necrotopia_resourceitem_rated_skills_id_79ba7cfe; Type: INDEX; Schema: public; Owner: doadmin
--

CREATE INDEX necrotopia_resourceitem_rated_skills_id_79ba7cfe ON public.necrotopia_resourceitem USING btree (rated_skills_id);


--
-- TOC entry 3515 (class 1259 OID 37583)
-- Name: necrotopia_resourceitem_registrar_id_1b5905a7; Type: INDEX; Schema: public; Owner: doadmin
--

CREATE INDEX necrotopia_resourceitem_registrar_id_1b5905a7 ON public.necrotopia_resourceitem USING btree (registrar_id);


--
-- TOC entry 3516 (class 1259 OID 37584)
-- Name: necrotopia_rule_creator_id_ac7a65d2; Type: INDEX; Schema: public; Owner: doadmin
--

CREATE INDEX necrotopia_rule_creator_id_ac7a65d2 ON public.necrotopia_rule USING btree (creator_id);


--
-- TOC entry 3517 (class 1259 OID 37585)
-- Name: necrotopia_rule_pictures_id_8788d630; Type: INDEX; Schema: public; Owner: doadmin
--

CREATE INDEX necrotopia_rule_pictures_id_8788d630 ON public.necrotopia_rule USING btree (pictures_id);


--
-- TOC entry 3522 (class 1259 OID 37586)
-- Name: necrotopia_rulepicture_rule_item_id_ed9b5eb0; Type: INDEX; Schema: public; Owner: doadmin
--

CREATE INDEX necrotopia_rulepicture_rule_item_id_ed9b5eb0 ON public.necrotopia_rulepicture USING btree (rule_item_id);


--
-- TOC entry 3525 (class 1259 OID 37587)
-- Name: necrotopia_skillitem_registrar_id_1e8543df; Type: INDEX; Schema: public; Owner: doadmin
--

CREATE INDEX necrotopia_skillitem_registrar_id_1e8543df ON public.necrotopia_skillitem USING btree (registrar_id);


--
-- TOC entry 3526 (class 1259 OID 37588)
-- Name: necrotopia_skillitem_skill_ratings_id_b494d37b; Type: INDEX; Schema: public; Owner: doadmin
--

CREATE INDEX necrotopia_skillitem_skill_ratings_id_b494d37b ON public.necrotopia_skillitem USING btree (skill_ratings_id);


--
-- TOC entry 3529 (class 1259 OID 37589)
-- Name: necrotopia_skillratings_skill_id_e14e6107; Type: INDEX; Schema: public; Owner: doadmin
--

CREATE INDEX necrotopia_skillratings_skill_id_e14e6107 ON public.necrotopia_skillratings USING btree (skill_id);


--
-- TOC entry 3532 (class 1259 OID 37590)
-- Name: necrotopia_usefullinks_chapter_link_id_d669a6b9; Type: INDEX; Schema: public; Owner: doadmin
--

CREATE INDEX necrotopia_usefullinks_chapter_link_id_d669a6b9 ON public.necrotopia_usefullinks USING btree (chapter_link_id);


--
-- TOC entry 3535 (class 1259 OID 37591)
-- Name: necrotopia_usefullinks_registrar_id_cb41fd2b; Type: INDEX; Schema: public; Owner: doadmin
--

CREATE INDEX necrotopia_usefullinks_registrar_id_cb41fd2b ON public.necrotopia_usefullinks USING btree (registrar_id);


--
-- TOC entry 3536 (class 1259 OID 37592)
-- Name: necrotopia_userprofile_email_f4b4f013_like; Type: INDEX; Schema: public; Owner: doadmin
--

CREATE INDEX necrotopia_userprofile_email_f4b4f013_like ON public.necrotopia_userprofile USING btree (email varchar_pattern_ops);


--
-- TOC entry 3539 (class 1259 OID 37593)
-- Name: necrotopia_userprofile_gender_id_78df003e; Type: INDEX; Schema: public; Owner: doadmin
--

CREATE INDEX necrotopia_userprofile_gender_id_78df003e ON public.necrotopia_userprofile USING btree (gender_id);


--
-- TOC entry 3545 (class 1259 OID 37594)
-- Name: necrotopia_userprofile_groups_group_id_ff71aba1; Type: INDEX; Schema: public; Owner: doadmin
--

CREATE INDEX necrotopia_userprofile_groups_group_id_ff71aba1 ON public.necrotopia_userprofile_groups USING btree (group_id);


--
-- TOC entry 3548 (class 1259 OID 37595)
-- Name: necrotopia_userprofile_groups_userprofile_id_7a60d865; Type: INDEX; Schema: public; Owner: doadmin
--

CREATE INDEX necrotopia_userprofile_groups_userprofile_id_7a60d865 ON public.necrotopia_userprofile_groups USING btree (userprofile_id);


--
-- TOC entry 3542 (class 1259 OID 37596)
-- Name: necrotopia_userprofile_title_id_3c084030; Type: INDEX; Schema: public; Owner: doadmin
--

CREATE INDEX necrotopia_userprofile_title_id_3c084030 ON public.necrotopia_userprofile USING btree (title_id);


--
-- TOC entry 3551 (class 1259 OID 37597)
-- Name: necrotopia_userprofile_user_permissions_permission_id_940323f4; Type: INDEX; Schema: public; Owner: doadmin
--

CREATE INDEX necrotopia_userprofile_user_permissions_permission_id_940323f4 ON public.necrotopia_userprofile_user_permissions USING btree (permission_id);


--
-- TOC entry 3554 (class 1259 OID 37598)
-- Name: necrotopia_userprofile_user_permissions_userprofile_id_0b6c73cf; Type: INDEX; Schema: public; Owner: doadmin
--

CREATE INDEX necrotopia_userprofile_user_permissions_userprofile_id_0b6c73cf ON public.necrotopia_userprofile_user_permissions USING btree (userprofile_id);


--
-- TOC entry 3577 (class 1259 OID 37963)
-- Name: necrotopia_wallet_items_id_9ce464e5; Type: INDEX; Schema: public; Owner: doadmin
--

CREATE INDEX necrotopia_wallet_items_id_9ce464e5 ON public.necrotopia_wallet USING btree (items_id);


--
-- TOC entry 3578 (class 1259 OID 37934)
-- Name: necrotopia_wallet_owner_link_id_2232a096; Type: INDEX; Schema: public; Owner: doadmin
--

CREATE INDEX necrotopia_wallet_owner_link_id_2232a096 ON public.necrotopia_wallet USING btree (owner_link_id);


--
-- TOC entry 3581 (class 1259 OID 37964)
-- Name: necrotopia_wallet_resources_id_d0b6f08d; Type: INDEX; Schema: public; Owner: doadmin
--

CREATE INDEX necrotopia_wallet_resources_id_d0b6f08d ON public.necrotopia_wallet USING btree (resources_id);


--
-- TOC entry 3588 (class 1259 OID 37962)
-- Name: necrotopia_walletitem_module_link_id_6c9df0ae; Type: INDEX; Schema: public; Owner: doadmin
--

CREATE INDEX necrotopia_walletitem_module_link_id_6c9df0ae ON public.necrotopia_walletitem USING btree (module_link_id);


--
-- TOC entry 3584 (class 1259 OID 37940)
-- Name: necrotopia_walletobjectbase_wallet_link_id_88ef5154; Type: INDEX; Schema: public; Owner: doadmin
--

CREATE INDEX necrotopia_walletobjectbase_wallet_link_id_88ef5154 ON public.necrotopia_walletobjectbase USING btree (wallet_link_id);


--
-- TOC entry 3587 (class 1259 OID 37951)
-- Name: necrotopia_walletresource_resource_link_id_a0111f03; Type: INDEX; Schema: public; Owner: doadmin
--

CREATE INDEX necrotopia_walletresource_resource_link_id_a0111f03 ON public.necrotopia_walletresource USING btree (resource_link_id);


--
-- TOC entry 3559 (class 1259 OID 37599)
-- Name: password_history_passwordhistory_user_config_id_20af20ac; Type: INDEX; Schema: public; Owner: doadmin
--

CREATE INDEX password_history_passwordhistory_user_config_id_20af20ac ON public.password_history_passwordhistory USING btree (user_config_id);


--
-- TOC entry 3564 (class 1259 OID 37600)
-- Name: password_history_userpasswordhistoryconfig_user_id_bc5676f2; Type: INDEX; Schema: public; Owner: doadmin
--

CREATE INDEX password_history_userpasswordhistoryconfig_user_id_bc5676f2 ON public.password_history_userpasswordhistoryconfig USING btree (user_id);


--
-- TOC entry 3565 (class 1259 OID 37601)
-- Name: tagging_tag_name_a1527681_like; Type: INDEX; Schema: public; Owner: doadmin
--

CREATE INDEX tagging_tag_name_a1527681_like ON public.tagging_tag USING btree (name varchar_pattern_ops);


--
-- TOC entry 3570 (class 1259 OID 37602)
-- Name: tagging_taggeditem_content_type_id_ede1c265; Type: INDEX; Schema: public; Owner: doadmin
--

CREATE INDEX tagging_taggeditem_content_type_id_ede1c265 ON public.tagging_taggeditem USING btree (content_type_id);


--
-- TOC entry 3571 (class 1259 OID 37603)
-- Name: tagging_taggeditem_object_id_0d0d5e42; Type: INDEX; Schema: public; Owner: doadmin
--

CREATE INDEX tagging_taggeditem_object_id_0d0d5e42 ON public.tagging_taggeditem USING btree (object_id);


--
-- TOC entry 3576 (class 1259 OID 37604)
-- Name: tagging_taggeditem_tag_id_f008ca79; Type: INDEX; Schema: public; Owner: doadmin
--

CREATE INDEX tagging_taggeditem_tag_id_f008ca79 ON public.tagging_taggeditem USING btree (tag_id);


--
-- TOC entry 3591 (class 2606 OID 37605)
-- Name: auth_group_permissions auth_group_permissio_permission_id_84c5c92e_fk_auth_perm; Type: FK CONSTRAINT; Schema: public; Owner: doadmin
--

ALTER TABLE ONLY public.auth_group_permissions
    ADD CONSTRAINT auth_group_permissio_permission_id_84c5c92e_fk_auth_perm FOREIGN KEY (permission_id) REFERENCES public.auth_permission(id) DEFERRABLE INITIALLY DEFERRED;


--
-- TOC entry 3592 (class 2606 OID 37610)
-- Name: auth_group_permissions auth_group_permissions_group_id_b120cbf9_fk_auth_group_id; Type: FK CONSTRAINT; Schema: public; Owner: doadmin
--

ALTER TABLE ONLY public.auth_group_permissions
    ADD CONSTRAINT auth_group_permissions_group_id_b120cbf9_fk_auth_group_id FOREIGN KEY (group_id) REFERENCES public.auth_group(id) DEFERRABLE INITIALLY DEFERRED;


--
-- TOC entry 3593 (class 2606 OID 37615)
-- Name: auth_permission auth_permission_content_type_id_2f476e4b_fk_django_co; Type: FK CONSTRAINT; Schema: public; Owner: doadmin
--

ALTER TABLE ONLY public.auth_permission
    ADD CONSTRAINT auth_permission_content_type_id_2f476e4b_fk_django_co FOREIGN KEY (content_type_id) REFERENCES public.django_content_type(id) DEFERRABLE INITIALLY DEFERRED;


--
-- TOC entry 3594 (class 2606 OID 37620)
-- Name: django_admin_log django_admin_log_content_type_id_c4bce8eb_fk_django_co; Type: FK CONSTRAINT; Schema: public; Owner: doadmin
--

ALTER TABLE ONLY public.django_admin_log
    ADD CONSTRAINT django_admin_log_content_type_id_c4bce8eb_fk_django_co FOREIGN KEY (content_type_id) REFERENCES public.django_content_type(id) DEFERRABLE INITIALLY DEFERRED;


--
-- TOC entry 3595 (class 2606 OID 37625)
-- Name: django_admin_log django_admin_log_user_id_c564eba6_fk_necrotopia_userprofile_id; Type: FK CONSTRAINT; Schema: public; Owner: doadmin
--

ALTER TABLE ONLY public.django_admin_log
    ADD CONSTRAINT django_admin_log_user_id_c564eba6_fk_necrotopia_userprofile_id FOREIGN KEY (user_id) REFERENCES public.necrotopia_userprofile(id) DEFERRABLE INITIALLY DEFERRED;


--
-- TOC entry 3596 (class 2606 OID 37630)
-- Name: necrotopia_advertisement necrotopia_advertise_registrar_id_d50e3f04_fk_necrotopi; Type: FK CONSTRAINT; Schema: public; Owner: doadmin
--

ALTER TABLE ONLY public.necrotopia_advertisement
    ADD CONSTRAINT necrotopia_advertise_registrar_id_d50e3f04_fk_necrotopi FOREIGN KEY (registrar_id) REFERENCES public.necrotopia_userprofile(id) DEFERRABLE INITIALLY DEFERRED;


--
-- TOC entry 3597 (class 2606 OID 37635)
-- Name: necrotopia_chapter necrotopia_chapter_registrar_id_d9ed5f69_fk_necrotopi; Type: FK CONSTRAINT; Schema: public; Owner: doadmin
--

ALTER TABLE ONLY public.necrotopia_chapter
    ADD CONSTRAINT necrotopia_chapter_registrar_id_d9ed5f69_fk_necrotopi FOREIGN KEY (registrar_id) REFERENCES public.necrotopia_userprofile(id) DEFERRABLE INITIALLY DEFERRED;


--
-- TOC entry 3598 (class 2606 OID 37640)
-- Name: necrotopia_chapter necrotopia_chapter_staff_id_5b50e6c0_fk_necrotopi; Type: FK CONSTRAINT; Schema: public; Owner: doadmin
--

ALTER TABLE ONLY public.necrotopia_chapter
    ADD CONSTRAINT necrotopia_chapter_staff_id_5b50e6c0_fk_necrotopi FOREIGN KEY (staff_id) REFERENCES public.necrotopia_chapterstaff(id) DEFERRABLE INITIALLY DEFERRED;


--
-- TOC entry 3599 (class 2606 OID 37645)
-- Name: necrotopia_chapter necrotopia_chapter_useful_links_id_48748406_fk_necrotopi; Type: FK CONSTRAINT; Schema: public; Owner: doadmin
--

ALTER TABLE ONLY public.necrotopia_chapter
    ADD CONSTRAINT necrotopia_chapter_useful_links_id_48748406_fk_necrotopi FOREIGN KEY (useful_links_id) REFERENCES public.necrotopia_usefullinks(id) DEFERRABLE INITIALLY DEFERRED;


--
-- TOC entry 3600 (class 2606 OID 37650)
-- Name: necrotopia_chapterstaff necrotopia_chapterst_chapter_link_id_71950bf3_fk_necrotopi; Type: FK CONSTRAINT; Schema: public; Owner: doadmin
--

ALTER TABLE ONLY public.necrotopia_chapterstaff
    ADD CONSTRAINT necrotopia_chapterst_chapter_link_id_71950bf3_fk_necrotopi FOREIGN KEY (chapter_link_id) REFERENCES public.necrotopia_chapter(id) DEFERRABLE INITIALLY DEFERRED;


--
-- TOC entry 3601 (class 2606 OID 37655)
-- Name: necrotopia_chapterstaff necrotopia_chapterst_department_id_c6f3cb47_fk_necrotopi; Type: FK CONSTRAINT; Schema: public; Owner: doadmin
--

ALTER TABLE ONLY public.necrotopia_chapterstaff
    ADD CONSTRAINT necrotopia_chapterst_department_id_c6f3cb47_fk_necrotopi FOREIGN KEY (department_id) REFERENCES public.necrotopia_department(id) DEFERRABLE INITIALLY DEFERRED;


--
-- TOC entry 3604 (class 2606 OID 37660)
-- Name: necrotopia_chapterstafftype necrotopia_chapterst_registrar_id_85af36df_fk_necrotopi; Type: FK CONSTRAINT; Schema: public; Owner: doadmin
--

ALTER TABLE ONLY public.necrotopia_chapterstafftype
    ADD CONSTRAINT necrotopia_chapterst_registrar_id_85af36df_fk_necrotopi FOREIGN KEY (registrar_id) REFERENCES public.necrotopia_userprofile(id) DEFERRABLE INITIALLY DEFERRED;


--
-- TOC entry 3602 (class 2606 OID 37665)
-- Name: necrotopia_chapterstaff necrotopia_chapterst_type_id_5d297368_fk_necrotopi; Type: FK CONSTRAINT; Schema: public; Owner: doadmin
--

ALTER TABLE ONLY public.necrotopia_chapterstaff
    ADD CONSTRAINT necrotopia_chapterst_type_id_5d297368_fk_necrotopi FOREIGN KEY (type_id) REFERENCES public.necrotopia_chapterstafftype(id) DEFERRABLE INITIALLY DEFERRED;


--
-- TOC entry 3603 (class 2606 OID 37670)
-- Name: necrotopia_chapterstaff necrotopia_chapterst_user_profile_id_849c9ab4_fk_necrotopi; Type: FK CONSTRAINT; Schema: public; Owner: doadmin
--

ALTER TABLE ONLY public.necrotopia_chapterstaff
    ADD CONSTRAINT necrotopia_chapterst_user_profile_id_849c9ab4_fk_necrotopi FOREIGN KEY (user_profile_id) REFERENCES public.necrotopia_userprofile(id) DEFERRABLE INITIALLY DEFERRED;


--
-- TOC entry 3605 (class 2606 OID 37675)
-- Name: necrotopia_department necrotopia_departmen_registrar_id_d67a22ea_fk_necrotopi; Type: FK CONSTRAINT; Schema: public; Owner: doadmin
--

ALTER TABLE ONLY public.necrotopia_department
    ADD CONSTRAINT necrotopia_departmen_registrar_id_d67a22ea_fk_necrotopi FOREIGN KEY (registrar_id) REFERENCES public.necrotopia_userprofile(id) DEFERRABLE INITIALLY DEFERRED;


--
-- TOC entry 3606 (class 2606 OID 37680)
-- Name: necrotopia_financialinstitution necrotopia_financial_branch_id_ad2869a3_fk_necrotopi; Type: FK CONSTRAINT; Schema: public; Owner: doadmin
--

ALTER TABLE ONLY public.necrotopia_financialinstitution
    ADD CONSTRAINT necrotopia_financial_branch_id_ad2869a3_fk_necrotopi FOREIGN KEY (branch_id) REFERENCES public.necrotopia_chapter(id) DEFERRABLE INITIALLY DEFERRED;


--
-- TOC entry 3609 (class 2606 OID 37685)
-- Name: necrotopia_financialinvestment necrotopia_financial_institution_id_3cf96b9f_fk_necrotopi; Type: FK CONSTRAINT; Schema: public; Owner: doadmin
--

ALTER TABLE ONLY public.necrotopia_financialinvestment
    ADD CONSTRAINT necrotopia_financial_institution_id_3cf96b9f_fk_necrotopi FOREIGN KEY (institution_id) REFERENCES public.necrotopia_financialinstitution(id) DEFERRABLE INITIALLY DEFERRED;


--
-- TOC entry 3607 (class 2606 OID 37690)
-- Name: necrotopia_financialinstitution necrotopia_financial_institution_pictures_a62a9dc0_fk_necrotopi; Type: FK CONSTRAINT; Schema: public; Owner: doadmin
--

ALTER TABLE ONLY public.necrotopia_financialinstitution
    ADD CONSTRAINT necrotopia_financial_institution_pictures_a62a9dc0_fk_necrotopi FOREIGN KEY (institution_pictures_id) REFERENCES public.necrotopia_institutionpicture(id) DEFERRABLE INITIALLY DEFERRED;


--
-- TOC entry 3608 (class 2606 OID 37695)
-- Name: necrotopia_financialinstitution necrotopia_financial_registrar_id_9e95058e_fk_necrotopi; Type: FK CONSTRAINT; Schema: public; Owner: doadmin
--

ALTER TABLE ONLY public.necrotopia_financialinstitution
    ADD CONSTRAINT necrotopia_financial_registrar_id_9e95058e_fk_necrotopi FOREIGN KEY (registrar_id) REFERENCES public.necrotopia_userprofile(id) DEFERRABLE INITIALLY DEFERRED;


--
-- TOC entry 3610 (class 2606 OID 37700)
-- Name: necrotopia_institutionpicture necrotopia_instituti_institution_item_id_0e04ff4f_fk_necrotopi; Type: FK CONSTRAINT; Schema: public; Owner: doadmin
--

ALTER TABLE ONLY public.necrotopia_institutionpicture
    ADD CONSTRAINT necrotopia_instituti_institution_item_id_0e04ff4f_fk_necrotopi FOREIGN KEY (institution_item_id) REFERENCES public.necrotopia_financialinstitution(id) DEFERRABLE INITIALLY DEFERRED;


--
-- TOC entry 3611 (class 2606 OID 37705)
-- Name: necrotopia_itempdf necrotopia_itempdf_pdf_assembly_item_id_d6c0dcb4_fk_necrotopi; Type: FK CONSTRAINT; Schema: public; Owner: doadmin
--

ALTER TABLE ONLY public.necrotopia_itempdf
    ADD CONSTRAINT necrotopia_itempdf_pdf_assembly_item_id_d6c0dcb4_fk_necrotopi FOREIGN KEY (pdf_assembly_item_id) REFERENCES public.necrotopia_moduleassembly(line_id) DEFERRABLE INITIALLY DEFERRED;


--
-- TOC entry 3612 (class 2606 OID 37710)
-- Name: necrotopia_itempicture necrotopia_itempictu_imd_assembly_item_id_84eeaf79_fk_necrotopi; Type: FK CONSTRAINT; Schema: public; Owner: doadmin
--

ALTER TABLE ONLY public.necrotopia_itempicture
    ADD CONSTRAINT necrotopia_itempictu_imd_assembly_item_id_84eeaf79_fk_necrotopi FOREIGN KEY (imd_assembly_item_id) REFERENCES public.necrotopia_moduleassembly(line_id) DEFERRABLE INITIALLY DEFERRED;


--
-- TOC entry 3613 (class 2606 OID 37715)
-- Name: necrotopia_loottable necrotopia_loottable_loot_items_id_d3be3791_fk_necrotopi; Type: FK CONSTRAINT; Schema: public; Owner: doadmin
--

ALTER TABLE ONLY public.necrotopia_loottable
    ADD CONSTRAINT necrotopia_loottable_loot_items_id_d3be3791_fk_necrotopi FOREIGN KEY (loot_items_id) REFERENCES public.necrotopia_loottableitem(id) DEFERRABLE INITIALLY DEFERRED;


--
-- TOC entry 3615 (class 2606 OID 37720)
-- Name: necrotopia_loottableitem necrotopia_loottable_loot_table_id_421811da_fk_necrotopi; Type: FK CONSTRAINT; Schema: public; Owner: doadmin
--

ALTER TABLE ONLY public.necrotopia_loottableitem
    ADD CONSTRAINT necrotopia_loottable_loot_table_id_421811da_fk_necrotopi FOREIGN KEY (loot_table_id) REFERENCES public.necrotopia_loottable(id) DEFERRABLE INITIALLY DEFERRED;


--
-- TOC entry 3614 (class 2606 OID 37725)
-- Name: necrotopia_loottable necrotopia_loottable_registrar_id_7dbe0668_fk_necrotopi; Type: FK CONSTRAINT; Schema: public; Owner: doadmin
--

ALTER TABLE ONLY public.necrotopia_loottable
    ADD CONSTRAINT necrotopia_loottable_registrar_id_7dbe0668_fk_necrotopi FOREIGN KEY (registrar_id) REFERENCES public.necrotopia_userprofile(id) DEFERRABLE INITIALLY DEFERRED;


--
-- TOC entry 3616 (class 2606 OID 37730)
-- Name: necrotopia_moduleassembly necrotopia_moduleass_module_grades_id_b47224be_fk_necrotopi; Type: FK CONSTRAINT; Schema: public; Owner: doadmin
--

ALTER TABLE ONLY public.necrotopia_moduleassembly
    ADD CONSTRAINT necrotopia_moduleass_module_grades_id_b47224be_fk_necrotopi FOREIGN KEY (module_grades_id) REFERENCES public.necrotopia_modulegrade(id) DEFERRABLE INITIALLY DEFERRED;


--
-- TOC entry 3617 (class 2606 OID 37735)
-- Name: necrotopia_moduleassembly necrotopia_moduleass_registrar_id_897e0450_fk_necrotopi; Type: FK CONSTRAINT; Schema: public; Owner: doadmin
--

ALTER TABLE ONLY public.necrotopia_moduleassembly
    ADD CONSTRAINT necrotopia_moduleass_registrar_id_897e0450_fk_necrotopi FOREIGN KEY (registrar_id) REFERENCES public.necrotopia_userprofile(id) DEFERRABLE INITIALLY DEFERRED;


--
-- TOC entry 3623 (class 2606 OID 37740)
-- Name: necrotopia_modulegradesubassembly necrotopia_modulegra_assembly_id_db1eab95_fk_necrotopi; Type: FK CONSTRAINT; Schema: public; Owner: doadmin
--

ALTER TABLE ONLY public.necrotopia_modulegradesubassembly
    ADD CONSTRAINT necrotopia_modulegra_assembly_id_db1eab95_fk_necrotopi FOREIGN KEY (assembly_id) REFERENCES public.necrotopia_moduleassembly(line_id) DEFERRABLE INITIALLY DEFERRED;


--
-- TOC entry 3618 (class 2606 OID 37745)
-- Name: necrotopia_modulegrade necrotopia_modulegra_module_assembly_id_d8e089f3_fk_necrotopi; Type: FK CONSTRAINT; Schema: public; Owner: doadmin
--

ALTER TABLE ONLY public.necrotopia_modulegrade
    ADD CONSTRAINT necrotopia_modulegra_module_assembly_id_d8e089f3_fk_necrotopi FOREIGN KEY (module_assembly_id) REFERENCES public.necrotopia_moduleassembly(line_id) DEFERRABLE INITIALLY DEFERRED;


--
-- TOC entry 3624 (class 2606 OID 37750)
-- Name: necrotopia_modulegradesubassembly necrotopia_modulegra_parent_grade_id_c50fa28e_fk_necrotopi; Type: FK CONSTRAINT; Schema: public; Owner: doadmin
--

ALTER TABLE ONLY public.necrotopia_modulegradesubassembly
    ADD CONSTRAINT necrotopia_modulegra_parent_grade_id_c50fa28e_fk_necrotopi FOREIGN KEY (parent_grade_id) REFERENCES public.necrotopia_modulegrade(id) DEFERRABLE INITIALLY DEFERRED;


--
-- TOC entry 3621 (class 2606 OID 37755)
-- Name: necrotopia_modulegraderesource necrotopia_modulegra_parent_grade_id_deb1595a_fk_necrotopi; Type: FK CONSTRAINT; Schema: public; Owner: doadmin
--

ALTER TABLE ONLY public.necrotopia_modulegraderesource
    ADD CONSTRAINT necrotopia_modulegra_parent_grade_id_deb1595a_fk_necrotopi FOREIGN KEY (parent_grade_id) REFERENCES public.necrotopia_modulegrade(id) DEFERRABLE INITIALLY DEFERRED;


--
-- TOC entry 3622 (class 2606 OID 37760)
-- Name: necrotopia_modulegraderesource necrotopia_modulegra_resource_id_f3709d07_fk_necrotopi; Type: FK CONSTRAINT; Schema: public; Owner: doadmin
--

ALTER TABLE ONLY public.necrotopia_modulegraderesource
    ADD CONSTRAINT necrotopia_modulegra_resource_id_f3709d07_fk_necrotopi FOREIGN KEY (resource_id) REFERENCES public.necrotopia_resourceitem(id) DEFERRABLE INITIALLY DEFERRED;


--
-- TOC entry 3619 (class 2606 OID 37765)
-- Name: necrotopia_modulegrade necrotopia_modulegra_resources_id_caccd8e6_fk_necrotopi; Type: FK CONSTRAINT; Schema: public; Owner: doadmin
--

ALTER TABLE ONLY public.necrotopia_modulegrade
    ADD CONSTRAINT necrotopia_modulegra_resources_id_caccd8e6_fk_necrotopi FOREIGN KEY (resources_id) REFERENCES public.necrotopia_modulegraderesource(id) DEFERRABLE INITIALLY DEFERRED;


--
-- TOC entry 3620 (class 2606 OID 37770)
-- Name: necrotopia_modulegrade necrotopia_modulegra_sub_assemblies_id_3d068933_fk_necrotopi; Type: FK CONSTRAINT; Schema: public; Owner: doadmin
--

ALTER TABLE ONLY public.necrotopia_modulegrade
    ADD CONSTRAINT necrotopia_modulegra_sub_assemblies_id_3d068933_fk_necrotopi FOREIGN KEY (sub_assemblies_id) REFERENCES public.necrotopia_modulegradesubassembly(id) DEFERRABLE INITIALLY DEFERRED;


--
-- TOC entry 3625 (class 2606 OID 37775)
-- Name: necrotopia_ratedskillitem necrotopia_ratedskil_resource_item_id_ebdada88_fk_necrotopi; Type: FK CONSTRAINT; Schema: public; Owner: doadmin
--

ALTER TABLE ONLY public.necrotopia_ratedskillitem
    ADD CONSTRAINT necrotopia_ratedskil_resource_item_id_ebdada88_fk_necrotopi FOREIGN KEY (resource_item_id) REFERENCES public.necrotopia_resourceitem(id) DEFERRABLE INITIALLY DEFERRED;


--
-- TOC entry 3626 (class 2606 OID 37780)
-- Name: necrotopia_ratedskillitem necrotopia_ratedskil_skill_id_86393dbb_fk_necrotopi; Type: FK CONSTRAINT; Schema: public; Owner: doadmin
--

ALTER TABLE ONLY public.necrotopia_ratedskillitem
    ADD CONSTRAINT necrotopia_ratedskil_skill_id_86393dbb_fk_necrotopi FOREIGN KEY (skill_id) REFERENCES public.necrotopia_skillitem(id) DEFERRABLE INITIALLY DEFERRED;


--
-- TOC entry 3627 (class 2606 OID 37785)
-- Name: necrotopia_resourceitem necrotopia_resourcei_rated_skills_id_79ba7cfe_fk_necrotopi; Type: FK CONSTRAINT; Schema: public; Owner: doadmin
--

ALTER TABLE ONLY public.necrotopia_resourceitem
    ADD CONSTRAINT necrotopia_resourcei_rated_skills_id_79ba7cfe_fk_necrotopi FOREIGN KEY (rated_skills_id) REFERENCES public.necrotopia_ratedskillitem(id) DEFERRABLE INITIALLY DEFERRED;


--
-- TOC entry 3628 (class 2606 OID 37790)
-- Name: necrotopia_resourceitem necrotopia_resourcei_registrar_id_1b5905a7_fk_necrotopi; Type: FK CONSTRAINT; Schema: public; Owner: doadmin
--

ALTER TABLE ONLY public.necrotopia_resourceitem
    ADD CONSTRAINT necrotopia_resourcei_registrar_id_1b5905a7_fk_necrotopi FOREIGN KEY (registrar_id) REFERENCES public.necrotopia_userprofile(id) DEFERRABLE INITIALLY DEFERRED;


--
-- TOC entry 3629 (class 2606 OID 37795)
-- Name: necrotopia_rule necrotopia_rule_creator_id_ac7a65d2_fk_necrotopi; Type: FK CONSTRAINT; Schema: public; Owner: doadmin
--

ALTER TABLE ONLY public.necrotopia_rule
    ADD CONSTRAINT necrotopia_rule_creator_id_ac7a65d2_fk_necrotopi FOREIGN KEY (creator_id) REFERENCES public.necrotopia_userprofile(id) DEFERRABLE INITIALLY DEFERRED;


--
-- TOC entry 3630 (class 2606 OID 37800)
-- Name: necrotopia_rule necrotopia_rule_pictures_id_8788d630_fk_necrotopi; Type: FK CONSTRAINT; Schema: public; Owner: doadmin
--

ALTER TABLE ONLY public.necrotopia_rule
    ADD CONSTRAINT necrotopia_rule_pictures_id_8788d630_fk_necrotopi FOREIGN KEY (pictures_id) REFERENCES public.necrotopia_rulepicture(id) DEFERRABLE INITIALLY DEFERRED;


--
-- TOC entry 3631 (class 2606 OID 37805)
-- Name: necrotopia_rulepicture necrotopia_rulepictu_rule_item_id_ed9b5eb0_fk_necrotopi; Type: FK CONSTRAINT; Schema: public; Owner: doadmin
--

ALTER TABLE ONLY public.necrotopia_rulepicture
    ADD CONSTRAINT necrotopia_rulepictu_rule_item_id_ed9b5eb0_fk_necrotopi FOREIGN KEY (rule_item_id) REFERENCES public.necrotopia_rule(id) DEFERRABLE INITIALLY DEFERRED;


--
-- TOC entry 3632 (class 2606 OID 37810)
-- Name: necrotopia_skillitem necrotopia_skillitem_registrar_id_1e8543df_fk_necrotopi; Type: FK CONSTRAINT; Schema: public; Owner: doadmin
--

ALTER TABLE ONLY public.necrotopia_skillitem
    ADD CONSTRAINT necrotopia_skillitem_registrar_id_1e8543df_fk_necrotopi FOREIGN KEY (registrar_id) REFERENCES public.necrotopia_userprofile(id) DEFERRABLE INITIALLY DEFERRED;


--
-- TOC entry 3633 (class 2606 OID 37815)
-- Name: necrotopia_skillitem necrotopia_skillitem_skill_ratings_id_b494d37b_fk_necrotopi; Type: FK CONSTRAINT; Schema: public; Owner: doadmin
--

ALTER TABLE ONLY public.necrotopia_skillitem
    ADD CONSTRAINT necrotopia_skillitem_skill_ratings_id_b494d37b_fk_necrotopi FOREIGN KEY (skill_ratings_id) REFERENCES public.necrotopia_skillratings(id) DEFERRABLE INITIALLY DEFERRED;


--
-- TOC entry 3634 (class 2606 OID 37820)
-- Name: necrotopia_skillratings necrotopia_skillrati_skill_id_e14e6107_fk_necrotopi; Type: FK CONSTRAINT; Schema: public; Owner: doadmin
--

ALTER TABLE ONLY public.necrotopia_skillratings
    ADD CONSTRAINT necrotopia_skillrati_skill_id_e14e6107_fk_necrotopi FOREIGN KEY (skill_id) REFERENCES public.necrotopia_skillitem(id) DEFERRABLE INITIALLY DEFERRED;


--
-- TOC entry 3635 (class 2606 OID 37825)
-- Name: necrotopia_usefullinks necrotopia_usefullin_chapter_link_id_d669a6b9_fk_necrotopi; Type: FK CONSTRAINT; Schema: public; Owner: doadmin
--

ALTER TABLE ONLY public.necrotopia_usefullinks
    ADD CONSTRAINT necrotopia_usefullin_chapter_link_id_d669a6b9_fk_necrotopi FOREIGN KEY (chapter_link_id) REFERENCES public.necrotopia_chapter(id) DEFERRABLE INITIALLY DEFERRED;


--
-- TOC entry 3636 (class 2606 OID 37830)
-- Name: necrotopia_usefullinks necrotopia_usefullin_registrar_id_cb41fd2b_fk_necrotopi; Type: FK CONSTRAINT; Schema: public; Owner: doadmin
--

ALTER TABLE ONLY public.necrotopia_usefullinks
    ADD CONSTRAINT necrotopia_usefullin_registrar_id_cb41fd2b_fk_necrotopi FOREIGN KEY (registrar_id) REFERENCES public.necrotopia_userprofile(id) DEFERRABLE INITIALLY DEFERRED;


--
-- TOC entry 3637 (class 2606 OID 37835)
-- Name: necrotopia_userprofile necrotopia_userprofi_gender_id_78df003e_fk_necrotopi; Type: FK CONSTRAINT; Schema: public; Owner: doadmin
--

ALTER TABLE ONLY public.necrotopia_userprofile
    ADD CONSTRAINT necrotopia_userprofi_gender_id_78df003e_fk_necrotopi FOREIGN KEY (gender_id) REFERENCES public.necrotopia_gender(id) DEFERRABLE INITIALLY DEFERRED;


--
-- TOC entry 3639 (class 2606 OID 37840)
-- Name: necrotopia_userprofile_groups necrotopia_userprofi_group_id_ff71aba1_fk_auth_grou; Type: FK CONSTRAINT; Schema: public; Owner: doadmin
--

ALTER TABLE ONLY public.necrotopia_userprofile_groups
    ADD CONSTRAINT necrotopia_userprofi_group_id_ff71aba1_fk_auth_grou FOREIGN KEY (group_id) REFERENCES public.auth_group(id) DEFERRABLE INITIALLY DEFERRED;


--
-- TOC entry 3641 (class 2606 OID 37845)
-- Name: necrotopia_userprofile_user_permissions necrotopia_userprofi_permission_id_940323f4_fk_auth_perm; Type: FK CONSTRAINT; Schema: public; Owner: doadmin
--

ALTER TABLE ONLY public.necrotopia_userprofile_user_permissions
    ADD CONSTRAINT necrotopia_userprofi_permission_id_940323f4_fk_auth_perm FOREIGN KEY (permission_id) REFERENCES public.auth_permission(id) DEFERRABLE INITIALLY DEFERRED;


--
-- TOC entry 3642 (class 2606 OID 37850)
-- Name: necrotopia_userprofile_user_permissions necrotopia_userprofi_userprofile_id_0b6c73cf_fk_necrotopi; Type: FK CONSTRAINT; Schema: public; Owner: doadmin
--

ALTER TABLE ONLY public.necrotopia_userprofile_user_permissions
    ADD CONSTRAINT necrotopia_userprofi_userprofile_id_0b6c73cf_fk_necrotopi FOREIGN KEY (userprofile_id) REFERENCES public.necrotopia_userprofile(id) DEFERRABLE INITIALLY DEFERRED;


--
-- TOC entry 3640 (class 2606 OID 37855)
-- Name: necrotopia_userprofile_groups necrotopia_userprofi_userprofile_id_7a60d865_fk_necrotopi; Type: FK CONSTRAINT; Schema: public; Owner: doadmin
--

ALTER TABLE ONLY public.necrotopia_userprofile_groups
    ADD CONSTRAINT necrotopia_userprofi_userprofile_id_7a60d865_fk_necrotopi FOREIGN KEY (userprofile_id) REFERENCES public.necrotopia_userprofile(id) DEFERRABLE INITIALLY DEFERRED;


--
-- TOC entry 3638 (class 2606 OID 37860)
-- Name: necrotopia_userprofile necrotopia_userprofile_title_id_3c084030_fk_necrotopia_title_id; Type: FK CONSTRAINT; Schema: public; Owner: doadmin
--

ALTER TABLE ONLY public.necrotopia_userprofile
    ADD CONSTRAINT necrotopia_userprofile_title_id_3c084030_fk_necrotopia_title_id FOREIGN KEY (title_id) REFERENCES public.necrotopia_title(id) DEFERRABLE INITIALLY DEFERRED;


--
-- TOC entry 3647 (class 2606 OID 37919)
-- Name: necrotopia_wallet necrotopia_wallet_items_id_9ce464e5_fk_necrotopi; Type: FK CONSTRAINT; Schema: public; Owner: doadmin
--

ALTER TABLE ONLY public.necrotopia_wallet
    ADD CONSTRAINT necrotopia_wallet_items_id_9ce464e5_fk_necrotopi FOREIGN KEY (items_id) REFERENCES public.necrotopia_walletitem(walletobjectbase_ptr_id) DEFERRABLE INITIALLY DEFERRED;


--
-- TOC entry 3648 (class 2606 OID 37929)
-- Name: necrotopia_wallet necrotopia_wallet_owner_link_id_2232a096_fk_necrotopi; Type: FK CONSTRAINT; Schema: public; Owner: doadmin
--

ALTER TABLE ONLY public.necrotopia_wallet
    ADD CONSTRAINT necrotopia_wallet_owner_link_id_2232a096_fk_necrotopi FOREIGN KEY (owner_link_id) REFERENCES public.necrotopia_userprofile(id) DEFERRABLE INITIALLY DEFERRED;


--
-- TOC entry 3649 (class 2606 OID 37924)
-- Name: necrotopia_wallet necrotopia_wallet_resources_id_d0b6f08d_fk_necrotopi; Type: FK CONSTRAINT; Schema: public; Owner: doadmin
--

ALTER TABLE ONLY public.necrotopia_wallet
    ADD CONSTRAINT necrotopia_wallet_resources_id_d0b6f08d_fk_necrotopi FOREIGN KEY (resources_id) REFERENCES public.necrotopia_walletresource(walletobjectbase_ptr_id) DEFERRABLE INITIALLY DEFERRED;


--
-- TOC entry 3653 (class 2606 OID 37957)
-- Name: necrotopia_walletitem necrotopia_walletite_module_link_id_6c9df0ae_fk_necrotopi; Type: FK CONSTRAINT; Schema: public; Owner: doadmin
--

ALTER TABLE ONLY public.necrotopia_walletitem
    ADD CONSTRAINT necrotopia_walletite_module_link_id_6c9df0ae_fk_necrotopi FOREIGN KEY (module_link_id) REFERENCES public.necrotopia_moduleassembly(line_id) DEFERRABLE INITIALLY DEFERRED;


--
-- TOC entry 3654 (class 2606 OID 37952)
-- Name: necrotopia_walletitem necrotopia_walletite_walletobjectbase_ptr_1978305e_fk_necrotopi; Type: FK CONSTRAINT; Schema: public; Owner: doadmin
--

ALTER TABLE ONLY public.necrotopia_walletitem
    ADD CONSTRAINT necrotopia_walletite_walletobjectbase_ptr_1978305e_fk_necrotopi FOREIGN KEY (walletobjectbase_ptr_id) REFERENCES public.necrotopia_walletobjectbase(id) DEFERRABLE INITIALLY DEFERRED;


--
-- TOC entry 3650 (class 2606 OID 37935)
-- Name: necrotopia_walletobjectbase necrotopia_walletobj_wallet_link_id_88ef5154_fk_necrotopi; Type: FK CONSTRAINT; Schema: public; Owner: doadmin
--

ALTER TABLE ONLY public.necrotopia_walletobjectbase
    ADD CONSTRAINT necrotopia_walletobj_wallet_link_id_88ef5154_fk_necrotopi FOREIGN KEY (wallet_link_id) REFERENCES public.necrotopia_wallet(id) DEFERRABLE INITIALLY DEFERRED;


--
-- TOC entry 3651 (class 2606 OID 37946)
-- Name: necrotopia_walletresource necrotopia_walletres_resource_link_id_a0111f03_fk_necrotopi; Type: FK CONSTRAINT; Schema: public; Owner: doadmin
--

ALTER TABLE ONLY public.necrotopia_walletresource
    ADD CONSTRAINT necrotopia_walletres_resource_link_id_a0111f03_fk_necrotopi FOREIGN KEY (resource_link_id) REFERENCES public.necrotopia_resourceitem(id) DEFERRABLE INITIALLY DEFERRED;


--
-- TOC entry 3652 (class 2606 OID 37941)
-- Name: necrotopia_walletresource necrotopia_walletres_walletobjectbase_ptr_9af0440f_fk_necrotopi; Type: FK CONSTRAINT; Schema: public; Owner: doadmin
--

ALTER TABLE ONLY public.necrotopia_walletresource
    ADD CONSTRAINT necrotopia_walletres_walletobjectbase_ptr_9af0440f_fk_necrotopi FOREIGN KEY (walletobjectbase_ptr_id) REFERENCES public.necrotopia_walletobjectbase(id) DEFERRABLE INITIALLY DEFERRED;


--
-- TOC entry 3643 (class 2606 OID 37865)
-- Name: password_history_passwordhistory password_history_pas_user_config_id_20af20ac_fk_password_; Type: FK CONSTRAINT; Schema: public; Owner: doadmin
--

ALTER TABLE ONLY public.password_history_passwordhistory
    ADD CONSTRAINT password_history_pas_user_config_id_20af20ac_fk_password_ FOREIGN KEY (user_config_id) REFERENCES public.password_history_userpasswordhistoryconfig(id) DEFERRABLE INITIALLY DEFERRED;


--
-- TOC entry 3644 (class 2606 OID 37870)
-- Name: password_history_userpasswordhistoryconfig password_history_use_user_id_bc5676f2_fk_necrotopi; Type: FK CONSTRAINT; Schema: public; Owner: doadmin
--

ALTER TABLE ONLY public.password_history_userpasswordhistoryconfig
    ADD CONSTRAINT password_history_use_user_id_bc5676f2_fk_necrotopi FOREIGN KEY (user_id) REFERENCES public.necrotopia_userprofile(id) DEFERRABLE INITIALLY DEFERRED;


--
-- TOC entry 3645 (class 2606 OID 37875)
-- Name: tagging_taggeditem tagging_taggeditem_content_type_id_ede1c265_fk_django_co; Type: FK CONSTRAINT; Schema: public; Owner: doadmin
--

ALTER TABLE ONLY public.tagging_taggeditem
    ADD CONSTRAINT tagging_taggeditem_content_type_id_ede1c265_fk_django_co FOREIGN KEY (content_type_id) REFERENCES public.django_content_type(id) DEFERRABLE INITIALLY DEFERRED;


--
-- TOC entry 3646 (class 2606 OID 37880)
-- Name: tagging_taggeditem tagging_taggeditem_tag_id_f008ca79_fk; Type: FK CONSTRAINT; Schema: public; Owner: doadmin
--

ALTER TABLE ONLY public.tagging_taggeditem
    ADD CONSTRAINT tagging_taggeditem_tag_id_f008ca79_fk FOREIGN KEY (tag_id) REFERENCES public.tagging_tag(id) DEFERRABLE INITIALLY DEFERRED;


--
-- TOC entry 3885 (class 0 OID 0)
-- Dependencies: 5
-- Name: SCHEMA public; Type: ACL; Schema: -; Owner: doadmin
--

REVOKE USAGE ON SCHEMA public FROM PUBLIC;


-- Completed on 2023-07-27 10:17:20

--
-- PostgreSQL database dump complete
--

