--
-- PostgreSQL database dump
--

-- Dumped from database version 15.3
-- Dumped by pg_dump version 15.2

-- Started on 2023-07-20 17:55:55

SET statement_timeout = 0;
SET lock_timeout = 0;
SET idle_in_transaction_session_timeout = 0;
SET client_encoding = 'UTF8';
SET standard_conforming_strings = on;
SELECT pg_catalog.set_config('search_path', '', false);
SET check_function_bodies = false;
SET xmloption = content;
SET client_min_messages = warning;
SET row_security = off;

--
-- TOC entry 5 (class 2615 OID 16593)
-- Name: public; Type: SCHEMA; Schema: -; Owner: doadmin
--

CREATE SCHEMA public;


ALTER SCHEMA public OWNER TO doadmin;

SET default_tablespace = '';

SET default_table_access_method = heap;

--
-- TOC entry 214 (class 1259 OID 21265)
-- Name: auth_group; Type: TABLE; Schema: public; Owner: doadmin
--

CREATE TABLE public.auth_group (
    id integer NOT NULL,
    name character varying(150) NOT NULL
);


ALTER TABLE public.auth_group OWNER TO doadmin;

--
-- TOC entry 215 (class 1259 OID 21268)
-- Name: auth_group_id_seq; Type: SEQUENCE; Schema: public; Owner: doadmin
--

ALTER TABLE public.auth_group ALTER COLUMN id ADD GENERATED BY DEFAULT AS IDENTITY (
    SEQUENCE NAME public.auth_group_id_seq
    START WITH 1
    INCREMENT BY 1
    NO MINVALUE
    NO MAXVALUE
    CACHE 1
);


--
-- TOC entry 216 (class 1259 OID 21269)
-- Name: auth_group_permissions; Type: TABLE; Schema: public; Owner: doadmin
--

CREATE TABLE public.auth_group_permissions (
    id bigint NOT NULL,
    group_id integer NOT NULL,
    permission_id integer NOT NULL
);


ALTER TABLE public.auth_group_permissions OWNER TO doadmin;

--
-- TOC entry 217 (class 1259 OID 21272)
-- Name: auth_group_permissions_id_seq; Type: SEQUENCE; Schema: public; Owner: doadmin
--

ALTER TABLE public.auth_group_permissions ALTER COLUMN id ADD GENERATED BY DEFAULT AS IDENTITY (
    SEQUENCE NAME public.auth_group_permissions_id_seq
    START WITH 1
    INCREMENT BY 1
    NO MINVALUE
    NO MAXVALUE
    CACHE 1
);


--
-- TOC entry 218 (class 1259 OID 21273)
-- Name: auth_permission; Type: TABLE; Schema: public; Owner: doadmin
--

CREATE TABLE public.auth_permission (
    id integer NOT NULL,
    name character varying(255) NOT NULL,
    content_type_id integer NOT NULL,
    codename character varying(100) NOT NULL
);


ALTER TABLE public.auth_permission OWNER TO doadmin;

--
-- TOC entry 219 (class 1259 OID 21276)
-- Name: auth_permission_id_seq; Type: SEQUENCE; Schema: public; Owner: doadmin
--

ALTER TABLE public.auth_permission ALTER COLUMN id ADD GENERATED BY DEFAULT AS IDENTITY (
    SEQUENCE NAME public.auth_permission_id_seq
    START WITH 1
    INCREMENT BY 1
    NO MINVALUE
    NO MAXVALUE
    CACHE 1
);


--
-- TOC entry 220 (class 1259 OID 21277)
-- Name: django_admin_log; Type: TABLE; Schema: public; Owner: doadmin
--

CREATE TABLE public.django_admin_log (
    id integer NOT NULL,
    action_time timestamp with time zone NOT NULL,
    object_id text,
    object_repr character varying(200) NOT NULL,
    action_flag smallint NOT NULL,
    change_message text NOT NULL,
    content_type_id integer,
    user_id bigint NOT NULL,
    CONSTRAINT django_admin_log_action_flag_check CHECK ((action_flag >= 0))
);


ALTER TABLE public.django_admin_log OWNER TO doadmin;

--
-- TOC entry 221 (class 1259 OID 21283)
-- Name: django_admin_log_id_seq; Type: SEQUENCE; Schema: public; Owner: doadmin
--

ALTER TABLE public.django_admin_log ALTER COLUMN id ADD GENERATED BY DEFAULT AS IDENTITY (
    SEQUENCE NAME public.django_admin_log_id_seq
    START WITH 1
    INCREMENT BY 1
    NO MINVALUE
    NO MAXVALUE
    CACHE 1
);


--
-- TOC entry 222 (class 1259 OID 21284)
-- Name: django_content_type; Type: TABLE; Schema: public; Owner: doadmin
--

CREATE TABLE public.django_content_type (
    id integer NOT NULL,
    app_label character varying(100) NOT NULL,
    model character varying(100) NOT NULL,
    name text
);


ALTER TABLE public.django_content_type OWNER TO doadmin;

--
-- TOC entry 223 (class 1259 OID 21287)
-- Name: django_content_type_id_seq; Type: SEQUENCE; Schema: public; Owner: doadmin
--

ALTER TABLE public.django_content_type ALTER COLUMN id ADD GENERATED BY DEFAULT AS IDENTITY (
    SEQUENCE NAME public.django_content_type_id_seq
    START WITH 1
    INCREMENT BY 1
    NO MINVALUE
    NO MAXVALUE
    CACHE 1
);


--
-- TOC entry 224 (class 1259 OID 21288)
-- Name: django_migrations; Type: TABLE; Schema: public; Owner: doadmin
--

CREATE TABLE public.django_migrations (
    id bigint NOT NULL,
    app character varying(255) NOT NULL,
    name character varying(255) NOT NULL,
    applied timestamp with time zone NOT NULL
);


ALTER TABLE public.django_migrations OWNER TO doadmin;

--
-- TOC entry 225 (class 1259 OID 21293)
-- Name: django_migrations_id_seq; Type: SEQUENCE; Schema: public; Owner: doadmin
--

ALTER TABLE public.django_migrations ALTER COLUMN id ADD GENERATED BY DEFAULT AS IDENTITY (
    SEQUENCE NAME public.django_migrations_id_seq
    START WITH 1
    INCREMENT BY 1
    NO MINVALUE
    NO MAXVALUE
    CACHE 1
);


--
-- TOC entry 226 (class 1259 OID 21294)
-- Name: django_session; Type: TABLE; Schema: public; Owner: doadmin
--

CREATE TABLE public.django_session (
    session_key character varying(40) NOT NULL,
    session_data text NOT NULL,
    expire_date timestamp with time zone NOT NULL
);


ALTER TABLE public.django_session OWNER TO doadmin;

--
-- TOC entry 227 (class 1259 OID 21299)
-- Name: necrotopia_advertisement; Type: TABLE; Schema: public; Owner: doadmin
--

CREATE TABLE public.necrotopia_advertisement (
    id bigint NOT NULL,
    name character varying(60) NOT NULL,
    slug text NOT NULL,
    link character varying(1000),
    image character varying(100) NOT NULL,
    published boolean NOT NULL,
    registry_date timestamp with time zone NOT NULL,
    registrar_id bigint NOT NULL,
    end_date date NOT NULL,
    start_date date NOT NULL
);


ALTER TABLE public.necrotopia_advertisement OWNER TO doadmin;

--
-- TOC entry 228 (class 1259 OID 21304)
-- Name: necrotopia_advertisement_id_seq; Type: SEQUENCE; Schema: public; Owner: doadmin
--

ALTER TABLE public.necrotopia_advertisement ALTER COLUMN id ADD GENERATED BY DEFAULT AS IDENTITY (
    SEQUENCE NAME public.necrotopia_advertisement_id_seq
    START WITH 1
    INCREMENT BY 1
    NO MINVALUE
    NO MAXVALUE
    CACHE 1
);


--
-- TOC entry 229 (class 1259 OID 21305)
-- Name: necrotopia_chapter; Type: TABLE; Schema: public; Owner: doadmin
--

CREATE TABLE public.necrotopia_chapter (
    id bigint NOT NULL,
    name character varying(255) NOT NULL,
    active boolean NOT NULL,
    registry_date timestamp with time zone NOT NULL,
    registrar_id bigint NOT NULL,
    staff_id bigint,
    useful_links_id bigint,
    chapter_pictures_id bigint
);


ALTER TABLE public.necrotopia_chapter OWNER TO doadmin;

--
-- TOC entry 230 (class 1259 OID 21308)
-- Name: necrotopia_chapter_id_seq; Type: SEQUENCE; Schema: public; Owner: doadmin
--

ALTER TABLE public.necrotopia_chapter ALTER COLUMN id ADD GENERATED BY DEFAULT AS IDENTITY (
    SEQUENCE NAME public.necrotopia_chapter_id_seq
    START WITH 1
    INCREMENT BY 1
    NO MINVALUE
    NO MAXVALUE
    CACHE 1
);


--
-- TOC entry 231 (class 1259 OID 21309)
-- Name: necrotopia_chapterpicture; Type: TABLE; Schema: public; Owner: doadmin
--

CREATE TABLE public.necrotopia_chapterpicture (
    id bigint NOT NULL,
    picture character varying(100) NOT NULL,
    chapter_item_id bigint NOT NULL
);


ALTER TABLE public.necrotopia_chapterpicture OWNER TO doadmin;

--
-- TOC entry 232 (class 1259 OID 21312)
-- Name: necrotopia_chapterpicture_id_seq; Type: SEQUENCE; Schema: public; Owner: doadmin
--

ALTER TABLE public.necrotopia_chapterpicture ALTER COLUMN id ADD GENERATED BY DEFAULT AS IDENTITY (
    SEQUENCE NAME public.necrotopia_chapterpicture_id_seq
    START WITH 1
    INCREMENT BY 1
    NO MINVALUE
    NO MAXVALUE
    CACHE 1
);


--
-- TOC entry 233 (class 1259 OID 21313)
-- Name: necrotopia_chapterstaff; Type: TABLE; Schema: public; Owner: doadmin
--

CREATE TABLE public.necrotopia_chapterstaff (
    id bigint NOT NULL,
    chapter_link_id bigint,
    department_id bigint,
    type_id bigint NOT NULL,
    user_profile_id bigint NOT NULL
);


ALTER TABLE public.necrotopia_chapterstaff OWNER TO doadmin;

--
-- TOC entry 234 (class 1259 OID 21316)
-- Name: necrotopia_chapterstaff_id_seq; Type: SEQUENCE; Schema: public; Owner: doadmin
--

ALTER TABLE public.necrotopia_chapterstaff ALTER COLUMN id ADD GENERATED BY DEFAULT AS IDENTITY (
    SEQUENCE NAME public.necrotopia_chapterstaff_id_seq
    START WITH 1
    INCREMENT BY 1
    NO MINVALUE
    NO MAXVALUE
    CACHE 1
);


--
-- TOC entry 235 (class 1259 OID 21317)
-- Name: necrotopia_chapterstafftype; Type: TABLE; Schema: public; Owner: doadmin
--

CREATE TABLE public.necrotopia_chapterstafftype (
    id bigint NOT NULL,
    name character varying(255) NOT NULL,
    description character varying(255),
    registry_date timestamp with time zone NOT NULL,
    registrar_id bigint NOT NULL
);


ALTER TABLE public.necrotopia_chapterstafftype OWNER TO doadmin;

--
-- TOC entry 236 (class 1259 OID 21322)
-- Name: necrotopia_chapterstafftype_id_seq; Type: SEQUENCE; Schema: public; Owner: doadmin
--

ALTER TABLE public.necrotopia_chapterstafftype ALTER COLUMN id ADD GENERATED BY DEFAULT AS IDENTITY (
    SEQUENCE NAME public.necrotopia_chapterstafftype_id_seq
    START WITH 1
    INCREMENT BY 1
    NO MINVALUE
    NO MAXVALUE
    CACHE 1
);


--
-- TOC entry 292 (class 1259 OID 22082)
-- Name: necrotopia_character; Type: TABLE; Schema: public; Owner: doadmin
--

CREATE TABLE public.necrotopia_character (
    id bigint NOT NULL,
    name character varying(255) NOT NULL,
    registry_date timestamp with time zone NOT NULL,
    registrar_id bigint NOT NULL,
    user_id bigint NOT NULL
);


ALTER TABLE public.necrotopia_character OWNER TO doadmin;

--
-- TOC entry 291 (class 1259 OID 22081)
-- Name: necrotopia_character_id_seq; Type: SEQUENCE; Schema: public; Owner: doadmin
--

ALTER TABLE public.necrotopia_character ALTER COLUMN id ADD GENERATED BY DEFAULT AS IDENTITY (
    SEQUENCE NAME public.necrotopia_character_id_seq
    START WITH 1
    INCREMENT BY 1
    NO MINVALUE
    NO MAXVALUE
    CACHE 1
);


--
-- TOC entry 237 (class 1259 OID 21327)
-- Name: necrotopia_department; Type: TABLE; Schema: public; Owner: doadmin
--

CREATE TABLE public.necrotopia_department (
    id bigint NOT NULL,
    name character varying(255) NOT NULL,
    description character varying(255),
    registry_date timestamp with time zone NOT NULL,
    registrar_id bigint NOT NULL
);


ALTER TABLE public.necrotopia_department OWNER TO doadmin;

--
-- TOC entry 238 (class 1259 OID 21332)
-- Name: necrotopia_department_id_seq; Type: SEQUENCE; Schema: public; Owner: doadmin
--

ALTER TABLE public.necrotopia_department ALTER COLUMN id ADD GENERATED BY DEFAULT AS IDENTITY (
    SEQUENCE NAME public.necrotopia_department_id_seq
    START WITH 1
    INCREMENT BY 1
    NO MINVALUE
    NO MAXVALUE
    CACHE 1
);


--
-- TOC entry 288 (class 1259 OID 22022)
-- Name: necrotopia_financialinstitution; Type: TABLE; Schema: public; Owner: doadmin
--

CREATE TABLE public.necrotopia_financialinstitution (
    id bigint NOT NULL,
    name character varying(255) NOT NULL,
    slug character varying(255),
    text character varying(2048),
    active boolean NOT NULL,
    published boolean NOT NULL,
    modifier integer NOT NULL,
    registry_date timestamp with time zone NOT NULL,
    branch_id bigint NOT NULL,
    institution_pictures_id bigint,
    registrar_id bigint NOT NULL
);


ALTER TABLE public.necrotopia_financialinstitution OWNER TO doadmin;

--
-- TOC entry 287 (class 1259 OID 22021)
-- Name: necrotopia_financialinstitution_id_seq; Type: SEQUENCE; Schema: public; Owner: doadmin
--

ALTER TABLE public.necrotopia_financialinstitution ALTER COLUMN id ADD GENERATED BY DEFAULT AS IDENTITY (
    SEQUENCE NAME public.necrotopia_financialinstitution_id_seq
    START WITH 1
    INCREMENT BY 1
    NO MINVALUE
    NO MAXVALUE
    CACHE 1
);


--
-- TOC entry 294 (class 1259 OID 22088)
-- Name: necrotopia_financialinvestment; Type: TABLE; Schema: public; Owner: doadmin
--

CREATE TABLE public.necrotopia_financialinvestment (
    id bigint NOT NULL,
    amount_invested integer NOT NULL,
    die_roll integer NOT NULL,
    modifier integer NOT NULL,
    roll_total integer NOT NULL,
    investment_date timestamp with time zone NOT NULL,
    character_id bigint NOT NULL,
    institution_id bigint NOT NULL
);


ALTER TABLE public.necrotopia_financialinvestment OWNER TO doadmin;

--
-- TOC entry 293 (class 1259 OID 22087)
-- Name: necrotopia_financialinvestment_id_seq; Type: SEQUENCE; Schema: public; Owner: doadmin
--

ALTER TABLE public.necrotopia_financialinvestment ALTER COLUMN id ADD GENERATED BY DEFAULT AS IDENTITY (
    SEQUENCE NAME public.necrotopia_financialinvestment_id_seq
    START WITH 1
    INCREMENT BY 1
    NO MINVALUE
    NO MAXVALUE
    CACHE 1
);


--
-- TOC entry 239 (class 1259 OID 21343)
-- Name: necrotopia_gender; Type: TABLE; Schema: public; Owner: doadmin
--

CREATE TABLE public.necrotopia_gender (
    id bigint NOT NULL,
    descriptor character varying(30) NOT NULL
);


ALTER TABLE public.necrotopia_gender OWNER TO doadmin;

--
-- TOC entry 240 (class 1259 OID 21346)
-- Name: necrotopia_gender_id_seq; Type: SEQUENCE; Schema: public; Owner: doadmin
--

ALTER TABLE public.necrotopia_gender ALTER COLUMN id ADD GENERATED BY DEFAULT AS IDENTITY (
    SEQUENCE NAME public.necrotopia_gender_id_seq
    START WITH 1
    INCREMENT BY 1
    NO MINVALUE
    NO MAXVALUE
    CACHE 1
);


--
-- TOC entry 290 (class 1259 OID 22032)
-- Name: necrotopia_institutionpicture; Type: TABLE; Schema: public; Owner: doadmin
--

CREATE TABLE public.necrotopia_institutionpicture (
    id bigint NOT NULL,
    picture character varying(100) NOT NULL,
    institution_item_id bigint NOT NULL
);


ALTER TABLE public.necrotopia_institutionpicture OWNER TO doadmin;

--
-- TOC entry 289 (class 1259 OID 22031)
-- Name: necrotopia_institutionpicture_id_seq; Type: SEQUENCE; Schema: public; Owner: doadmin
--

ALTER TABLE public.necrotopia_institutionpicture ALTER COLUMN id ADD GENERATED BY DEFAULT AS IDENTITY (
    SEQUENCE NAME public.necrotopia_institutionpicture_id_seq
    START WITH 1
    INCREMENT BY 1
    NO MINVALUE
    NO MAXVALUE
    CACHE 1
);


--
-- TOC entry 241 (class 1259 OID 21347)
-- Name: necrotopia_itempdf; Type: TABLE; Schema: public; Owner: doadmin
--

CREATE TABLE public.necrotopia_itempdf (
    id bigint NOT NULL,
    pdf character varying(100),
    pdf_assembly_item_id integer NOT NULL
);


ALTER TABLE public.necrotopia_itempdf OWNER TO doadmin;

--
-- TOC entry 242 (class 1259 OID 21350)
-- Name: necrotopia_itempdf_id_seq; Type: SEQUENCE; Schema: public; Owner: doadmin
--

ALTER TABLE public.necrotopia_itempdf ALTER COLUMN id ADD GENERATED BY DEFAULT AS IDENTITY (
    SEQUENCE NAME public.necrotopia_itempdf_id_seq
    START WITH 1
    INCREMENT BY 1
    NO MINVALUE
    NO MAXVALUE
    CACHE 1
);


--
-- TOC entry 243 (class 1259 OID 21351)
-- Name: necrotopia_itempicture; Type: TABLE; Schema: public; Owner: doadmin
--

CREATE TABLE public.necrotopia_itempicture (
    id bigint NOT NULL,
    picture character varying(100) NOT NULL,
    imd_assembly_item_id integer NOT NULL
);


ALTER TABLE public.necrotopia_itempicture OWNER TO doadmin;

--
-- TOC entry 244 (class 1259 OID 21354)
-- Name: necrotopia_itempicture_id_seq; Type: SEQUENCE; Schema: public; Owner: doadmin
--

ALTER TABLE public.necrotopia_itempicture ALTER COLUMN id ADD GENERATED BY DEFAULT AS IDENTITY (
    SEQUENCE NAME public.necrotopia_itempicture_id_seq
    START WITH 1
    INCREMENT BY 1
    NO MINVALUE
    NO MAXVALUE
    CACHE 1
);


--
-- TOC entry 245 (class 1259 OID 21355)
-- Name: necrotopia_loottable; Type: TABLE; Schema: public; Owner: doadmin
--

CREATE TABLE public.necrotopia_loottable (
    id bigint NOT NULL,
    name character varying(255) NOT NULL,
    registry_date timestamp with time zone NOT NULL,
    loot_items_id bigint,
    registrar_id bigint NOT NULL
);


ALTER TABLE public.necrotopia_loottable OWNER TO doadmin;

--
-- TOC entry 246 (class 1259 OID 21358)
-- Name: necrotopia_loottable_id_seq; Type: SEQUENCE; Schema: public; Owner: doadmin
--

ALTER TABLE public.necrotopia_loottable ALTER COLUMN id ADD GENERATED BY DEFAULT AS IDENTITY (
    SEQUENCE NAME public.necrotopia_loottable_id_seq
    START WITH 1
    INCREMENT BY 1
    NO MINVALUE
    NO MAXVALUE
    CACHE 1
);


--
-- TOC entry 247 (class 1259 OID 21359)
-- Name: necrotopia_loottableitem; Type: TABLE; Schema: public; Owner: doadmin
--

CREATE TABLE public.necrotopia_loottableitem (
    id bigint NOT NULL,
    item_name character varying(255) NOT NULL,
    probability double precision NOT NULL,
    loot_table_id bigint NOT NULL,
    CONSTRAINT probability_range CHECK (((probability >= (0.0)::double precision) AND (probability <= (1.0)::double precision)))
);


ALTER TABLE public.necrotopia_loottableitem OWNER TO doadmin;

--
-- TOC entry 248 (class 1259 OID 21363)
-- Name: necrotopia_loottableitem_id_seq; Type: SEQUENCE; Schema: public; Owner: doadmin
--

ALTER TABLE public.necrotopia_loottableitem ALTER COLUMN id ADD GENERATED BY DEFAULT AS IDENTITY (
    SEQUENCE NAME public.necrotopia_loottableitem_id_seq
    START WITH 1
    INCREMENT BY 1
    NO MINVALUE
    NO MAXVALUE
    CACHE 1
);


--
-- TOC entry 249 (class 1259 OID 21364)
-- Name: necrotopia_moduleassembly; Type: TABLE; Schema: public; Owner: doadmin
--

CREATE TABLE public.necrotopia_moduleassembly (
    line_id integer NOT NULL,
    name character varying(255) NOT NULL,
    expiration_units smallint,
    time_units integer NOT NULL,
    item_type integer NOT NULL,
    achievement_mechanics character varying(1000),
    print_duplication character varying(1000),
    details character varying(1000),
    registration_date timestamp with time zone NOT NULL,
    last_update_date timestamp with time zone NOT NULL,
    crafting_tree character varying(100),
    crafting_area character varying(100),
    usage_tree character varying(100),
    update_required boolean,
    visual_description character varying(1000),
    season character varying(50),
    published boolean NOT NULL,
    checked boolean NOT NULL,
    module_grades_id bigint,
    registrar_id bigint NOT NULL
);


ALTER TABLE public.necrotopia_moduleassembly OWNER TO doadmin;

--
-- TOC entry 250 (class 1259 OID 21369)
-- Name: necrotopia_moduleassembly_line_id_seq; Type: SEQUENCE; Schema: public; Owner: doadmin
--

ALTER TABLE public.necrotopia_moduleassembly ALTER COLUMN line_id ADD GENERATED BY DEFAULT AS IDENTITY (
    SEQUENCE NAME public.necrotopia_moduleassembly_line_id_seq
    START WITH 1
    INCREMENT BY 1
    NO MINVALUE
    NO MAXVALUE
    CACHE 1
);


--
-- TOC entry 251 (class 1259 OID 21370)
-- Name: necrotopia_modulegrade; Type: TABLE; Schema: public; Owner: doadmin
--

CREATE TABLE public.necrotopia_modulegrade (
    id bigint NOT NULL,
    grade integer NOT NULL,
    name character varying(255) NOT NULL,
    mind integer,
    "time" integer,
    mechanics character varying(1000),
    module_assembly_id integer,
    resources_id bigint,
    sub_assemblies_id bigint
);


ALTER TABLE public.necrotopia_modulegrade OWNER TO doadmin;

--
-- TOC entry 252 (class 1259 OID 21375)
-- Name: necrotopia_modulegrade_id_seq; Type: SEQUENCE; Schema: public; Owner: doadmin
--

ALTER TABLE public.necrotopia_modulegrade ALTER COLUMN id ADD GENERATED BY DEFAULT AS IDENTITY (
    SEQUENCE NAME public.necrotopia_modulegrade_id_seq
    START WITH 1
    INCREMENT BY 1
    NO MINVALUE
    NO MAXVALUE
    CACHE 1
);


--
-- TOC entry 253 (class 1259 OID 21376)
-- Name: necrotopia_modulegraderesource; Type: TABLE; Schema: public; Owner: doadmin
--

CREATE TABLE public.necrotopia_modulegraderesource (
    id bigint NOT NULL,
    quantity integer NOT NULL,
    parent_grade_id bigint NOT NULL,
    resource_id bigint
);


ALTER TABLE public.necrotopia_modulegraderesource OWNER TO doadmin;

--
-- TOC entry 254 (class 1259 OID 21379)
-- Name: necrotopia_modulegraderesource_id_seq; Type: SEQUENCE; Schema: public; Owner: doadmin
--

ALTER TABLE public.necrotopia_modulegraderesource ALTER COLUMN id ADD GENERATED BY DEFAULT AS IDENTITY (
    SEQUENCE NAME public.necrotopia_modulegraderesource_id_seq
    START WITH 1
    INCREMENT BY 1
    NO MINVALUE
    NO MAXVALUE
    CACHE 1
);


--
-- TOC entry 255 (class 1259 OID 21380)
-- Name: necrotopia_modulegradesubassembly; Type: TABLE; Schema: public; Owner: doadmin
--

CREATE TABLE public.necrotopia_modulegradesubassembly (
    id bigint NOT NULL,
    quantity integer NOT NULL,
    grade integer NOT NULL,
    assembly_id integer,
    parent_grade_id bigint NOT NULL
);


ALTER TABLE public.necrotopia_modulegradesubassembly OWNER TO doadmin;

--
-- TOC entry 256 (class 1259 OID 21383)
-- Name: necrotopia_modulegradesubassembly_id_seq; Type: SEQUENCE; Schema: public; Owner: doadmin
--

ALTER TABLE public.necrotopia_modulegradesubassembly ALTER COLUMN id ADD GENERATED BY DEFAULT AS IDENTITY (
    SEQUENCE NAME public.necrotopia_modulegradesubassembly_id_seq
    START WITH 1
    INCREMENT BY 1
    NO MINVALUE
    NO MAXVALUE
    CACHE 1
);


--
-- TOC entry 257 (class 1259 OID 21384)
-- Name: necrotopia_ratedskillitem; Type: TABLE; Schema: public; Owner: doadmin
--

CREATE TABLE public.necrotopia_ratedskillitem (
    id bigint NOT NULL,
    grade integer NOT NULL,
    mind integer,
    "time" integer,
    one_use_per_game boolean,
    resource_item_id bigint NOT NULL,
    skill_id bigint NOT NULL
);


ALTER TABLE public.necrotopia_ratedskillitem OWNER TO doadmin;

--
-- TOC entry 258 (class 1259 OID 21387)
-- Name: necrotopia_ratedskillitem_id_seq; Type: SEQUENCE; Schema: public; Owner: doadmin
--

ALTER TABLE public.necrotopia_ratedskillitem ALTER COLUMN id ADD GENERATED BY DEFAULT AS IDENTITY (
    SEQUENCE NAME public.necrotopia_ratedskillitem_id_seq
    START WITH 1
    INCREMENT BY 1
    NO MINVALUE
    NO MAXVALUE
    CACHE 1
);


--
-- TOC entry 259 (class 1259 OID 21388)
-- Name: necrotopia_resourceitem; Type: TABLE; Schema: public; Owner: doadmin
--

CREATE TABLE public.necrotopia_resourceitem (
    id bigint NOT NULL,
    name character varying(255) NOT NULL,
    expiration_units smallint,
    time_units integer NOT NULL,
    registry_date timestamp with time zone NOT NULL,
    rated_skills_id bigint,
    registrar_id bigint NOT NULL
);


ALTER TABLE public.necrotopia_resourceitem OWNER TO doadmin;

--
-- TOC entry 260 (class 1259 OID 21391)
-- Name: necrotopia_resourceitem_id_seq; Type: SEQUENCE; Schema: public; Owner: doadmin
--

ALTER TABLE public.necrotopia_resourceitem ALTER COLUMN id ADD GENERATED BY DEFAULT AS IDENTITY (
    SEQUENCE NAME public.necrotopia_resourceitem_id_seq
    START WITH 1
    INCREMENT BY 1
    NO MINVALUE
    NO MAXVALUE
    CACHE 1
);


--
-- TOC entry 261 (class 1259 OID 21392)
-- Name: necrotopia_rule; Type: TABLE; Schema: public; Owner: doadmin
--

CREATE TABLE public.necrotopia_rule (
    id bigint NOT NULL,
    name character varying(255) NOT NULL,
    reference character varying(255),
    slug character varying(255),
    text character varying(2048),
    creation_date timestamp with time zone NOT NULL,
    creator_id bigint NOT NULL,
    pictures_id bigint
);


ALTER TABLE public.necrotopia_rule OWNER TO doadmin;

--
-- TOC entry 262 (class 1259 OID 21397)
-- Name: necrotopia_rule_id_seq; Type: SEQUENCE; Schema: public; Owner: doadmin
--

ALTER TABLE public.necrotopia_rule ALTER COLUMN id ADD GENERATED BY DEFAULT AS IDENTITY (
    SEQUENCE NAME public.necrotopia_rule_id_seq
    START WITH 1
    INCREMENT BY 1
    NO MINVALUE
    NO MAXVALUE
    CACHE 1
);


--
-- TOC entry 263 (class 1259 OID 21398)
-- Name: necrotopia_rulepicture; Type: TABLE; Schema: public; Owner: doadmin
--

CREATE TABLE public.necrotopia_rulepicture (
    id bigint NOT NULL,
    picture character varying(100) NOT NULL,
    rule_item_id bigint NOT NULL
);


ALTER TABLE public.necrotopia_rulepicture OWNER TO doadmin;

--
-- TOC entry 264 (class 1259 OID 21401)
-- Name: necrotopia_rulepicture_id_seq; Type: SEQUENCE; Schema: public; Owner: doadmin
--

ALTER TABLE public.necrotopia_rulepicture ALTER COLUMN id ADD GENERATED BY DEFAULT AS IDENTITY (
    SEQUENCE NAME public.necrotopia_rulepicture_id_seq
    START WITH 1
    INCREMENT BY 1
    NO MINVALUE
    NO MAXVALUE
    CACHE 1
);


--
-- TOC entry 265 (class 1259 OID 21402)
-- Name: necrotopia_skillitem; Type: TABLE; Schema: public; Owner: doadmin
--

CREATE TABLE public.necrotopia_skillitem (
    id bigint NOT NULL,
    name character varying(255) NOT NULL,
    category integer NOT NULL,
    registry_date timestamp with time zone NOT NULL,
    registrar_id bigint NOT NULL,
    skill_ratings_id bigint
);


ALTER TABLE public.necrotopia_skillitem OWNER TO doadmin;

--
-- TOC entry 266 (class 1259 OID 21405)
-- Name: necrotopia_skillitem_id_seq; Type: SEQUENCE; Schema: public; Owner: doadmin
--

ALTER TABLE public.necrotopia_skillitem ALTER COLUMN id ADD GENERATED BY DEFAULT AS IDENTITY (
    SEQUENCE NAME public.necrotopia_skillitem_id_seq
    START WITH 39
    INCREMENT BY 1
    MINVALUE 39
    NO MAXVALUE
    CACHE 1
);


--
-- TOC entry 267 (class 1259 OID 21406)
-- Name: necrotopia_skillratings; Type: TABLE; Schema: public; Owner: doadmin
--

CREATE TABLE public.necrotopia_skillratings (
    id bigint NOT NULL,
    grade integer NOT NULL,
    description character varying(3000) NOT NULL,
    skill_id bigint NOT NULL
);


ALTER TABLE public.necrotopia_skillratings OWNER TO doadmin;

--
-- TOC entry 268 (class 1259 OID 21411)
-- Name: necrotopia_skillratings_id_seq; Type: SEQUENCE; Schema: public; Owner: doadmin
--

ALTER TABLE public.necrotopia_skillratings ALTER COLUMN id ADD GENERATED BY DEFAULT AS IDENTITY (
    SEQUENCE NAME public.necrotopia_skillratings_id_seq
    START WITH 1
    INCREMENT BY 1
    NO MINVALUE
    NO MAXVALUE
    CACHE 1
);


--
-- TOC entry 269 (class 1259 OID 21412)
-- Name: necrotopia_title; Type: TABLE; Schema: public; Owner: doadmin
--

CREATE TABLE public.necrotopia_title (
    id bigint NOT NULL,
    descriptor character varying(30) NOT NULL
);


ALTER TABLE public.necrotopia_title OWNER TO doadmin;

--
-- TOC entry 270 (class 1259 OID 21415)
-- Name: necrotopia_title_id_seq; Type: SEQUENCE; Schema: public; Owner: doadmin
--

ALTER TABLE public.necrotopia_title ALTER COLUMN id ADD GENERATED BY DEFAULT AS IDENTITY (
    SEQUENCE NAME public.necrotopia_title_id_seq
    START WITH 1
    INCREMENT BY 1
    NO MINVALUE
    NO MAXVALUE
    CACHE 1
);


--
-- TOC entry 271 (class 1259 OID 21416)
-- Name: necrotopia_usefullinks; Type: TABLE; Schema: public; Owner: doadmin
--

CREATE TABLE public.necrotopia_usefullinks (
    id bigint NOT NULL,
    name character varying(255) NOT NULL,
    description character varying(500),
    url character varying(200) NOT NULL,
    published boolean NOT NULL,
    registry_date timestamp with time zone NOT NULL,
    chapter_link_id bigint,
    registrar_id bigint
);


ALTER TABLE public.necrotopia_usefullinks OWNER TO doadmin;

--
-- TOC entry 272 (class 1259 OID 21421)
-- Name: necrotopia_usefullinks_id_seq; Type: SEQUENCE; Schema: public; Owner: doadmin
--

ALTER TABLE public.necrotopia_usefullinks ALTER COLUMN id ADD GENERATED BY DEFAULT AS IDENTITY (
    SEQUENCE NAME public.necrotopia_usefullinks_id_seq
    START WITH 1
    INCREMENT BY 1
    NO MINVALUE
    NO MAXVALUE
    CACHE 1
);


--
-- TOC entry 273 (class 1259 OID 21422)
-- Name: necrotopia_userprofile; Type: TABLE; Schema: public; Owner: doadmin
--

CREATE TABLE public.necrotopia_userprofile (
    id bigint NOT NULL,
    password character varying(128) NOT NULL,
    last_login timestamp with time zone,
    display_name character varying(255) NOT NULL,
    full_name character varying(255) NOT NULL,
    email character varying(254) NOT NULL,
    pronouns character varying(255),
    is_staff boolean NOT NULL,
    is_active boolean NOT NULL,
    is_superuser boolean NOT NULL,
    date_joined timestamp with time zone NOT NULL,
    birth_date timestamp with time zone,
    gender_id bigint,
    title_id bigint,
    display_game_advertisements boolean DEFAULT true
);


ALTER TABLE public.necrotopia_userprofile OWNER TO doadmin;

--
-- TOC entry 274 (class 1259 OID 21428)
-- Name: necrotopia_userprofile_groups; Type: TABLE; Schema: public; Owner: doadmin
--

CREATE TABLE public.necrotopia_userprofile_groups (
    id bigint NOT NULL,
    userprofile_id bigint NOT NULL,
    group_id integer NOT NULL
);


ALTER TABLE public.necrotopia_userprofile_groups OWNER TO doadmin;

--
-- TOC entry 275 (class 1259 OID 21431)
-- Name: necrotopia_userprofile_groups_id_seq; Type: SEQUENCE; Schema: public; Owner: doadmin
--

ALTER TABLE public.necrotopia_userprofile_groups ALTER COLUMN id ADD GENERATED BY DEFAULT AS IDENTITY (
    SEQUENCE NAME public.necrotopia_userprofile_groups_id_seq
    START WITH 1
    INCREMENT BY 1
    NO MINVALUE
    NO MAXVALUE
    CACHE 1
);


--
-- TOC entry 276 (class 1259 OID 21432)
-- Name: necrotopia_userprofile_id_seq; Type: SEQUENCE; Schema: public; Owner: doadmin
--

ALTER TABLE public.necrotopia_userprofile ALTER COLUMN id ADD GENERATED BY DEFAULT AS IDENTITY (
    SEQUENCE NAME public.necrotopia_userprofile_id_seq
    START WITH 1
    INCREMENT BY 1
    NO MINVALUE
    NO MAXVALUE
    CACHE 1
);


--
-- TOC entry 277 (class 1259 OID 21433)
-- Name: necrotopia_userprofile_user_permissions; Type: TABLE; Schema: public; Owner: doadmin
--

CREATE TABLE public.necrotopia_userprofile_user_permissions (
    id bigint NOT NULL,
    userprofile_id bigint NOT NULL,
    permission_id integer NOT NULL
);


ALTER TABLE public.necrotopia_userprofile_user_permissions OWNER TO doadmin;

--
-- TOC entry 278 (class 1259 OID 21436)
-- Name: necrotopia_userprofile_user_permissions_id_seq; Type: SEQUENCE; Schema: public; Owner: doadmin
--

ALTER TABLE public.necrotopia_userprofile_user_permissions ALTER COLUMN id ADD GENERATED BY DEFAULT AS IDENTITY (
    SEQUENCE NAME public.necrotopia_userprofile_user_permissions_id_seq
    START WITH 1
    INCREMENT BY 1
    NO MINVALUE
    NO MAXVALUE
    CACHE 1
);


--
-- TOC entry 279 (class 1259 OID 21437)
-- Name: password_history_passwordhistory; Type: TABLE; Schema: public; Owner: doadmin
--

CREATE TABLE public.password_history_passwordhistory (
    id integer NOT NULL,
    password character varying(255) NOT NULL,
    date timestamp with time zone NOT NULL,
    user_config_id integer NOT NULL
);


ALTER TABLE public.password_history_passwordhistory OWNER TO doadmin;

--
-- TOC entry 280 (class 1259 OID 21440)
-- Name: password_history_passwordhistory_id_seq; Type: SEQUENCE; Schema: public; Owner: doadmin
--

ALTER TABLE public.password_history_passwordhistory ALTER COLUMN id ADD GENERATED BY DEFAULT AS IDENTITY (
    SEQUENCE NAME public.password_history_passwordhistory_id_seq
    START WITH 1
    INCREMENT BY 1
    NO MINVALUE
    NO MAXVALUE
    CACHE 1
);


--
-- TOC entry 281 (class 1259 OID 21441)
-- Name: password_history_userpasswordhistoryconfig; Type: TABLE; Schema: public; Owner: doadmin
--

CREATE TABLE public.password_history_userpasswordhistoryconfig (
    id integer NOT NULL,
    date timestamp with time zone NOT NULL,
    salt character varying(120) NOT NULL,
    iterations integer,
    user_id bigint NOT NULL
);


ALTER TABLE public.password_history_userpasswordhistoryconfig OWNER TO doadmin;

--
-- TOC entry 282 (class 1259 OID 21444)
-- Name: password_history_userpasswordhistoryconfig_id_seq; Type: SEQUENCE; Schema: public; Owner: doadmin
--

ALTER TABLE public.password_history_userpasswordhistoryconfig ALTER COLUMN id ADD GENERATED BY DEFAULT AS IDENTITY (
    SEQUENCE NAME public.password_history_userpasswordhistoryconfig_id_seq
    START WITH 1
    INCREMENT BY 1
    NO MINVALUE
    NO MAXVALUE
    CACHE 1
);


--
-- TOC entry 283 (class 1259 OID 21445)
-- Name: taggit_tag; Type: TABLE; Schema: public; Owner: doadmin
--

CREATE TABLE public.taggit_tag (
    id integer NOT NULL,
    name character varying(100) NOT NULL,
    slug character varying(100) NOT NULL
);


ALTER TABLE public.taggit_tag OWNER TO doadmin;

--
-- TOC entry 284 (class 1259 OID 21448)
-- Name: taggit_tag_id_seq; Type: SEQUENCE; Schema: public; Owner: doadmin
--

ALTER TABLE public.taggit_tag ALTER COLUMN id ADD GENERATED BY DEFAULT AS IDENTITY (
    SEQUENCE NAME public.taggit_tag_id_seq
    START WITH 1
    INCREMENT BY 1
    NO MINVALUE
    NO MAXVALUE
    CACHE 1
);


--
-- TOC entry 285 (class 1259 OID 21449)
-- Name: taggit_taggeditem; Type: TABLE; Schema: public; Owner: doadmin
--

CREATE TABLE public.taggit_taggeditem (
    id integer NOT NULL,
    object_id integer NOT NULL,
    content_type_id integer NOT NULL,
    tag_id integer NOT NULL
);


ALTER TABLE public.taggit_taggeditem OWNER TO doadmin;

--
-- TOC entry 286 (class 1259 OID 21452)
-- Name: taggit_taggeditem_id_seq; Type: SEQUENCE; Schema: public; Owner: doadmin
--

ALTER TABLE public.taggit_taggeditem ALTER COLUMN id ADD GENERATED BY DEFAULT AS IDENTITY (
    SEQUENCE NAME public.taggit_taggeditem_id_seq
    START WITH 1
    INCREMENT BY 1
    NO MINVALUE
    NO MAXVALUE
    CACHE 1
);


--
-- TOC entry 4796 (class 0 OID 21265)
-- Dependencies: 214
-- Data for Name: auth_group; Type: TABLE DATA; Schema: public; Owner: doadmin
--



--
-- TOC entry 4798 (class 0 OID 21269)
-- Dependencies: 216
-- Data for Name: auth_group_permissions; Type: TABLE DATA; Schema: public; Owner: doadmin
--



--
-- TOC entry 4800 (class 0 OID 21273)
-- Dependencies: 218
-- Data for Name: auth_permission; Type: TABLE DATA; Schema: public; Owner: doadmin
--

INSERT INTO public.auth_permission VALUES (1, 'Can add log entry', 1, 'add_logentry');
INSERT INTO public.auth_permission VALUES (2, 'Can change log entry', 1, 'change_logentry');
INSERT INTO public.auth_permission VALUES (3, 'Can delete log entry', 1, 'delete_logentry');
INSERT INTO public.auth_permission VALUES (4, 'Can view log entry', 1, 'view_logentry');
INSERT INTO public.auth_permission VALUES (5, 'Can add permission', 2, 'add_permission');
INSERT INTO public.auth_permission VALUES (6, 'Can change permission', 2, 'change_permission');
INSERT INTO public.auth_permission VALUES (7, 'Can delete permission', 2, 'delete_permission');
INSERT INTO public.auth_permission VALUES (8, 'Can view permission', 2, 'view_permission');
INSERT INTO public.auth_permission VALUES (9, 'Can add group', 3, 'add_group');
INSERT INTO public.auth_permission VALUES (10, 'Can change group', 3, 'change_group');
INSERT INTO public.auth_permission VALUES (11, 'Can delete group', 3, 'delete_group');
INSERT INTO public.auth_permission VALUES (12, 'Can view group', 3, 'view_group');
INSERT INTO public.auth_permission VALUES (13, 'Can add content type', 4, 'add_contenttype');
INSERT INTO public.auth_permission VALUES (14, 'Can change content type', 4, 'change_contenttype');
INSERT INTO public.auth_permission VALUES (15, 'Can delete content type', 4, 'delete_contenttype');
INSERT INTO public.auth_permission VALUES (16, 'Can view content type', 4, 'view_contenttype');
INSERT INTO public.auth_permission VALUES (17, 'Can add session', 5, 'add_session');
INSERT INTO public.auth_permission VALUES (18, 'Can change session', 5, 'change_session');
INSERT INTO public.auth_permission VALUES (19, 'Can delete session', 5, 'delete_session');
INSERT INTO public.auth_permission VALUES (20, 'Can view session', 5, 'view_session');
INSERT INTO public.auth_permission VALUES (21, 'Can add Old password', 6, 'add_passwordhistory');
INSERT INTO public.auth_permission VALUES (22, 'Can change Old password', 6, 'change_passwordhistory');
INSERT INTO public.auth_permission VALUES (23, 'Can delete Old password', 6, 'delete_passwordhistory');
INSERT INTO public.auth_permission VALUES (24, 'Can view Old password', 6, 'view_passwordhistory');
INSERT INTO public.auth_permission VALUES (25, 'Can add Configuration', 7, 'add_userpasswordhistoryconfig');
INSERT INTO public.auth_permission VALUES (26, 'Can change Configuration', 7, 'change_userpasswordhistoryconfig');
INSERT INTO public.auth_permission VALUES (27, 'Can delete Configuration', 7, 'delete_userpasswordhistoryconfig');
INSERT INTO public.auth_permission VALUES (28, 'Can view Configuration', 7, 'view_userpasswordhistoryconfig');
INSERT INTO public.auth_permission VALUES (29, 'Can add tag', 8, 'add_tag');
INSERT INTO public.auth_permission VALUES (30, 'Can change tag', 8, 'change_tag');
INSERT INTO public.auth_permission VALUES (31, 'Can delete tag', 8, 'delete_tag');
INSERT INTO public.auth_permission VALUES (32, 'Can view tag', 8, 'view_tag');
INSERT INTO public.auth_permission VALUES (33, 'Can add tagged item', 9, 'add_taggeditem');
INSERT INTO public.auth_permission VALUES (34, 'Can change tagged item', 9, 'change_taggeditem');
INSERT INTO public.auth_permission VALUES (35, 'Can delete tagged item', 9, 'delete_taggeditem');
INSERT INTO public.auth_permission VALUES (36, 'Can view tagged item', 9, 'view_taggeditem');
INSERT INTO public.auth_permission VALUES (37, 'Can add user', 10, 'add_userprofile');
INSERT INTO public.auth_permission VALUES (38, 'Can change user', 10, 'change_userprofile');
INSERT INTO public.auth_permission VALUES (39, 'Can delete user', 10, 'delete_userprofile');
INSERT INTO public.auth_permission VALUES (40, 'Can view user', 10, 'view_userprofile');
INSERT INTO public.auth_permission VALUES (41, 'Can add chapter', 11, 'add_chapter');
INSERT INTO public.auth_permission VALUES (42, 'Can change chapter', 11, 'change_chapter');
INSERT INTO public.auth_permission VALUES (43, 'Can delete chapter', 11, 'delete_chapter');
INSERT INTO public.auth_permission VALUES (44, 'Can view chapter', 11, 'view_chapter');
INSERT INTO public.auth_permission VALUES (45, 'Can add gender', 12, 'add_gender');
INSERT INTO public.auth_permission VALUES (46, 'Can change gender', 12, 'change_gender');
INSERT INTO public.auth_permission VALUES (47, 'Can delete gender', 12, 'delete_gender');
INSERT INTO public.auth_permission VALUES (48, 'Can view gender', 12, 'view_gender');
INSERT INTO public.auth_permission VALUES (49, 'Can add rated skill item', 13, 'add_ratedskillitem');
INSERT INTO public.auth_permission VALUES (50, 'Can change rated skill item', 13, 'change_ratedskillitem');
INSERT INTO public.auth_permission VALUES (51, 'Can delete rated skill item', 13, 'delete_ratedskillitem');
INSERT INTO public.auth_permission VALUES (52, 'Can view rated skill item', 13, 'view_ratedskillitem');
INSERT INTO public.auth_permission VALUES (53, 'Can add Skill', 14, 'add_skillitem');
INSERT INTO public.auth_permission VALUES (54, 'Can change Skill', 14, 'change_skillitem');
INSERT INTO public.auth_permission VALUES (55, 'Can delete Skill', 14, 'delete_skillitem');
INSERT INTO public.auth_permission VALUES (56, 'Can view Skill', 14, 'view_skillitem');
INSERT INTO public.auth_permission VALUES (57, 'Can add title', 15, 'add_title');
INSERT INTO public.auth_permission VALUES (58, 'Can change title', 15, 'change_title');
INSERT INTO public.auth_permission VALUES (59, 'Can delete title', 15, 'delete_title');
INSERT INTO public.auth_permission VALUES (60, 'Can view title', 15, 'view_title');
INSERT INTO public.auth_permission VALUES (61, 'Can add group', 16, 'add_group');
INSERT INTO public.auth_permission VALUES (62, 'Can change group', 16, 'change_group');
INSERT INTO public.auth_permission VALUES (63, 'Can delete group', 16, 'delete_group');
INSERT INTO public.auth_permission VALUES (64, 'Can view group', 16, 'view_group');
INSERT INTO public.auth_permission VALUES (65, 'Can add Chapter Useful Link', 17, 'add_usefullinks');
INSERT INTO public.auth_permission VALUES (66, 'Can change Chapter Useful Link', 17, 'change_usefullinks');
INSERT INTO public.auth_permission VALUES (67, 'Can delete Chapter Useful Link', 17, 'delete_usefullinks');
INSERT INTO public.auth_permission VALUES (68, 'Can view Chapter Useful Link', 17, 'view_usefullinks');
INSERT INTO public.auth_permission VALUES (69, 'Can add SkillRating', 18, 'add_skillratings');
INSERT INTO public.auth_permission VALUES (70, 'Can change SkillRating', 18, 'change_skillratings');
INSERT INTO public.auth_permission VALUES (71, 'Can delete SkillRating', 18, 'delete_skillratings');
INSERT INTO public.auth_permission VALUES (72, 'Can view SkillRating', 18, 'view_skillratings');
INSERT INTO public.auth_permission VALUES (73, 'Can add Resource', 19, 'add_resourceitem');
INSERT INTO public.auth_permission VALUES (74, 'Can change Resource', 19, 'change_resourceitem');
INSERT INTO public.auth_permission VALUES (75, 'Can delete Resource', 19, 'delete_resourceitem');
INSERT INTO public.auth_permission VALUES (76, 'Can view Resource', 19, 'view_resourceitem');
INSERT INTO public.auth_permission VALUES (77, 'Can add department', 20, 'add_department');
INSERT INTO public.auth_permission VALUES (78, 'Can change department', 20, 'change_department');
INSERT INTO public.auth_permission VALUES (79, 'Can delete department', 20, 'delete_department');
INSERT INTO public.auth_permission VALUES (80, 'Can view department', 20, 'view_department');
INSERT INTO public.auth_permission VALUES (81, 'Can add chapter staff type', 21, 'add_chapterstafftype');
INSERT INTO public.auth_permission VALUES (82, 'Can change chapter staff type', 21, 'change_chapterstafftype');
INSERT INTO public.auth_permission VALUES (83, 'Can delete chapter staff type', 21, 'delete_chapterstafftype');
INSERT INTO public.auth_permission VALUES (84, 'Can view chapter staff type', 21, 'view_chapterstafftype');
INSERT INTO public.auth_permission VALUES (85, 'Can add chapter staff', 22, 'add_chapterstaff');
INSERT INTO public.auth_permission VALUES (86, 'Can change chapter staff', 22, 'change_chapterstaff');
INSERT INTO public.auth_permission VALUES (87, 'Can delete chapter staff', 22, 'delete_chapterstaff');
INSERT INTO public.auth_permission VALUES (88, 'Can view chapter staff', 22, 'view_chapterstaff');
INSERT INTO public.auth_permission VALUES (89, 'Can add rule', 23, 'add_rule');
INSERT INTO public.auth_permission VALUES (90, 'Can change rule', 23, 'change_rule');
INSERT INTO public.auth_permission VALUES (91, 'Can delete rule', 23, 'delete_rule');
INSERT INTO public.auth_permission VALUES (92, 'Can view rule', 23, 'view_rule');
INSERT INTO public.auth_permission VALUES (93, 'Can add rule picture', 24, 'add_rulepicture');
INSERT INTO public.auth_permission VALUES (94, 'Can change rule picture', 24, 'change_rulepicture');
INSERT INTO public.auth_permission VALUES (95, 'Can delete rule picture', 24, 'delete_rulepicture');
INSERT INTO public.auth_permission VALUES (96, 'Can view rule picture', 24, 'view_rulepicture');
INSERT INTO public.auth_permission VALUES (97, 'Can add Resource', 25, 'add_modulegraderesource');
INSERT INTO public.auth_permission VALUES (98, 'Can change Resource', 25, 'change_modulegraderesource');
INSERT INTO public.auth_permission VALUES (99, 'Can delete Resource', 25, 'delete_modulegraderesource');
INSERT INTO public.auth_permission VALUES (100, 'Can view Resource', 25, 'view_modulegraderesource');
INSERT INTO public.auth_permission VALUES (101, 'Can add Item', 26, 'add_moduleassembly');
INSERT INTO public.auth_permission VALUES (102, 'Can change Item', 26, 'change_moduleassembly');
INSERT INTO public.auth_permission VALUES (103, 'Can delete Item', 26, 'delete_moduleassembly');
INSERT INTO public.auth_permission VALUES (104, 'Can view Item', 26, 'view_moduleassembly');
INSERT INTO public.auth_permission VALUES (105, 'Can add Crafted Item', 27, 'add_modulegradesubassembly');
INSERT INTO public.auth_permission VALUES (106, 'Can change Crafted Item', 27, 'change_modulegradesubassembly');
INSERT INTO public.auth_permission VALUES (107, 'Can delete Crafted Item', 27, 'delete_modulegradesubassembly');
INSERT INTO public.auth_permission VALUES (108, 'Can view Crafted Item', 27, 'view_modulegradesubassembly');
INSERT INTO public.auth_permission VALUES (109, 'Can add item picture', 28, 'add_itempicture');
INSERT INTO public.auth_permission VALUES (110, 'Can change item picture', 28, 'change_itempicture');
INSERT INTO public.auth_permission VALUES (111, 'Can delete item picture', 28, 'delete_itempicture');
INSERT INTO public.auth_permission VALUES (112, 'Can view item picture', 28, 'view_itempicture');
INSERT INTO public.auth_permission VALUES (113, 'Can add Item Grade', 29, 'add_modulegrade');
INSERT INTO public.auth_permission VALUES (114, 'Can change Item Grade', 29, 'change_modulegrade');
INSERT INTO public.auth_permission VALUES (115, 'Can delete Item Grade', 29, 'delete_modulegrade');
INSERT INTO public.auth_permission VALUES (116, 'Can view Item Grade', 29, 'view_modulegrade');
INSERT INTO public.auth_permission VALUES (117, 'Can add item pdf', 30, 'add_itempdf');
INSERT INTO public.auth_permission VALUES (118, 'Can change item pdf', 30, 'change_itempdf');
INSERT INTO public.auth_permission VALUES (119, 'Can delete item pdf', 30, 'delete_itempdf');
INSERT INTO public.auth_permission VALUES (120, 'Can view item pdf', 30, 'view_itempdf');
INSERT INTO public.auth_permission VALUES (121, 'Can add character', 31, 'add_character');
INSERT INTO public.auth_permission VALUES (122, 'Can change character', 31, 'change_character');
INSERT INTO public.auth_permission VALUES (123, 'Can delete character', 31, 'delete_character');
INSERT INTO public.auth_permission VALUES (124, 'Can view character', 31, 'view_character');
INSERT INTO public.auth_permission VALUES (125, 'Can add financial institution', 32, 'add_financialinstitution');
INSERT INTO public.auth_permission VALUES (126, 'Can change financial institution', 32, 'change_financialinstitution');
INSERT INTO public.auth_permission VALUES (127, 'Can delete financial institution', 32, 'delete_financialinstitution');
INSERT INTO public.auth_permission VALUES (128, 'Can view financial institution', 32, 'view_financialinstitution');
INSERT INTO public.auth_permission VALUES (129, 'Can add loot table', 33, 'add_loottable');
INSERT INTO public.auth_permission VALUES (130, 'Can change loot table', 33, 'change_loottable');
INSERT INTO public.auth_permission VALUES (131, 'Can delete loot table', 33, 'delete_loottable');
INSERT INTO public.auth_permission VALUES (132, 'Can view loot table', 33, 'view_loottable');
INSERT INTO public.auth_permission VALUES (133, 'Can add loot table item', 34, 'add_loottableitem');
INSERT INTO public.auth_permission VALUES (134, 'Can change loot table item', 34, 'change_loottableitem');
INSERT INTO public.auth_permission VALUES (135, 'Can delete loot table item', 34, 'delete_loottableitem');
INSERT INTO public.auth_permission VALUES (136, 'Can view loot table item', 34, 'view_loottableitem');
INSERT INTO public.auth_permission VALUES (137, 'Can add financial investment', 35, 'add_financialinvestment');
INSERT INTO public.auth_permission VALUES (138, 'Can change financial investment', 35, 'change_financialinvestment');
INSERT INTO public.auth_permission VALUES (139, 'Can delete financial investment', 35, 'delete_financialinvestment');
INSERT INTO public.auth_permission VALUES (140, 'Can view financial investment', 35, 'view_financialinvestment');
INSERT INTO public.auth_permission VALUES (141, 'Can add financial institution picture', 36, 'add_financialinstitutionpicture');
INSERT INTO public.auth_permission VALUES (142, 'Can change financial institution picture', 36, 'change_financialinstitutionpicture');
INSERT INTO public.auth_permission VALUES (143, 'Can delete financial institution picture', 36, 'delete_financialinstitutionpicture');
INSERT INTO public.auth_permission VALUES (144, 'Can view financial institution picture', 36, 'view_financialinstitutionpicture');
INSERT INTO public.auth_permission VALUES (145, 'Can add chapter picture', 37, 'add_chapterpicture');
INSERT INTO public.auth_permission VALUES (146, 'Can change chapter picture', 37, 'change_chapterpicture');
INSERT INTO public.auth_permission VALUES (147, 'Can delete chapter picture', 37, 'delete_chapterpicture');
INSERT INTO public.auth_permission VALUES (148, 'Can view chapter picture', 37, 'view_chapterpicture');
INSERT INTO public.auth_permission VALUES (149, 'Can add institution picture', 38, 'add_institutionpicture');
INSERT INTO public.auth_permission VALUES (150, 'Can change institution picture', 38, 'change_institutionpicture');
INSERT INTO public.auth_permission VALUES (151, 'Can delete institution picture', 38, 'delete_institutionpicture');
INSERT INTO public.auth_permission VALUES (152, 'Can view institution picture', 38, 'view_institutionpicture');
INSERT INTO public.auth_permission VALUES (153, 'Can add Advertisement', 39, 'add_advertisement');
INSERT INTO public.auth_permission VALUES (154, 'Can change Advertisement', 39, 'change_advertisement');
INSERT INTO public.auth_permission VALUES (155, 'Can delete Advertisement', 39, 'delete_advertisement');
INSERT INTO public.auth_permission VALUES (156, 'Can view Advertisement', 39, 'view_advertisement');
INSERT INTO public.auth_permission VALUES (157, 'Can add Advertisement', 40, 'add_advertisementx');
INSERT INTO public.auth_permission VALUES (158, 'Can change Advertisement', 40, 'change_advertisementx');
INSERT INTO public.auth_permission VALUES (159, 'Can delete Advertisement', 40, 'delete_advertisementx');
INSERT INTO public.auth_permission VALUES (160, 'Can view Advertisement', 40, 'view_advertisementx');


--
-- TOC entry 4802 (class 0 OID 21277)
-- Dependencies: 220
-- Data for Name: django_admin_log; Type: TABLE DATA; Schema: public; Owner: doadmin
--

INSERT INTO public.django_admin_log VALUES (109, '2023-07-20 01:44:26.761859+00', '1', 'Carver Hudson', 1, '[{"added": {}}]', 31, 1);
INSERT INTO public.django_admin_log VALUES (110, '2023-07-20 01:45:32.722234+00', '1', 'The State Farm [-3]', 1, '[{"added": {}}]', 32, 1);
INSERT INTO public.django_admin_log VALUES (111, '2023-07-20 01:45:50.512537+00', '2', 'Open Vein Excavation [-3]', 1, '[{"added": {}}]', 32, 1);
INSERT INTO public.django_admin_log VALUES (112, '2023-07-20 01:46:04.178895+00', '3', 'Luckheed Industries [-3]', 1, '[{"added": {}}]', 32, 1);
INSERT INTO public.django_admin_log VALUES (113, '2023-07-20 01:46:17.390659+00', '4', 'The Harbor Masters [-3]', 1, '[{"added": {}}]', 32, 1);
INSERT INTO public.django_admin_log VALUES (114, '2023-07-20 01:46:31.7649+00', '5', 'Beholders Supra Store [-3]', 1, '[{"added": {}}]', 32, 1);
INSERT INTO public.django_admin_log VALUES (115, '2023-07-20 01:46:41.131195+00', '6', 'Last Hope Uni [-3]', 1, '[{"added": {}}]', 32, 1);
INSERT INTO public.django_admin_log VALUES (116, '2023-07-20 01:46:57.285616+00', '7', 'The Advent-Treers Company [-3]', 1, '[{"added": {}}]', 32, 1);
INSERT INTO public.django_admin_log VALUES (117, '2023-07-20 01:47:10.592462+00', '5', 'Beholders Supra Store [-3]', 2, '[{"added": {"name": "institution picture", "object": "institutions_images/the_beholders_nIVWoOx.webp"}}]', 32, 1);
INSERT INTO public.django_admin_log VALUES (118, '2023-07-20 02:54:12.789618+00', '11', 'Soft Metal', 2, '[{"changed": {"fields": ["tags"]}}]', 19, 1);
INSERT INTO public.django_admin_log VALUES (119, '2023-07-20 02:56:27.665844+00', '17', 'Psionic Crystals', 2, '[{"changed": {"fields": ["tags"]}}]', 19, 1);
INSERT INTO public.django_admin_log VALUES (120, '2023-07-20 02:57:26.226256+00', '19', 'Synthetic Fibers', 2, '[{"changed": {"fields": ["tags"]}}]', 19, 1);
INSERT INTO public.django_admin_log VALUES (121, '2023-07-20 03:04:09.217593+00', '48', 'Wormwood', 2, '[{"changed": {"fields": ["tags"]}}]', 19, 1);
INSERT INTO public.django_admin_log VALUES (122, '2023-07-20 03:56:47.631685+00', '5', 'Dungeon', 1, '[{"added": {}}, {"added": {"name": "item picture", "object": "static_images/dungeon.jpg"}}, {"added": {"name": "Item Grade", "object": "Patchwork Dungeon"}}, {"added": {"name": "Item Grade", "object": "Hardened Dungeon"}}, {"added": {"name": "Item Grade", "object": "Superior Dungeon"}}, {"added": {"name": "Resource", "object": ""}}, {"added": {"name": "Resource", "object": ""}}, {"added": {"name": "Resource", "object": ""}}, {"added": {"name": "Resource", "object": ""}}, {"added": {"name": "Resource", "object": ""}}, {"added": {"name": "Resource", "object": ""}}]', 26, 1);
INSERT INTO public.django_admin_log VALUES (123, '2023-07-20 04:00:48.84102+00', '6', 'Grinding Mill', 1, '[{"added": {}}, {"added": {"name": "item picture", "object": "static_images/grinding_mill.jpg"}}, {"added": {"name": "Item Grade", "object": "Grinding Mill"}}]', 26, 1);
INSERT INTO public.django_admin_log VALUES (124, '2023-07-20 04:06:27.118376+00', '7', 'Mechanical Gear System', 1, '[{"added": {}}, {"added": {"name": "item picture", "object": "static_images/mechanical_gear_systems_Bxqn3TN.jpg"}}, {"added": {"name": "Item Grade", "object": "Spur Gear System"}}, {"added": {"name": "Item Grade", "object": "Spiral Bebel Gear Set"}}, {"added": {"name": "Item Grade", "object": "Herringbone Gear Ratio"}}, {"added": {"name": "Resource", "object": ""}}, {"added": {"name": "Resource", "object": ""}}, {"added": {"name": "Resource", "object": ""}}, {"added": {"name": "Resource", "object": ""}}, {"added": {"name": "Resource", "object": ""}}, {"added": {"name": "Resource", "object": ""}}, {"added": {"name": "Resource", "object": ""}}, {"added": {"name": "Resource", "object": ""}}, {"added": {"name": "Resource", "object": ""}}]', 26, 1);
INSERT INTO public.django_admin_log VALUES (125, '2023-07-20 04:07:00.093895+00', '8', 'Grinding Mill', 1, '[{"added": {}}, {"added": {"name": "item picture", "object": "static_images/grinding_mill_PJXVgKY.jpg"}}, {"added": {"name": "Item Grade", "object": "Grinding Mill"}}, {"added": {"name": "Resource", "object": ""}}, {"added": {"name": "Resource", "object": ""}}, {"added": {"name": "Crafted Item", "object": ""}}]', 26, 1);
INSERT INTO public.django_admin_log VALUES (126, '2023-07-20 04:24:27.265889+00', '9', 'Monolith Of Terror', 1, '[{"added": {}}, {"added": {"name": "item picture", "object": "static_images/monolith_of_terror.jpg"}}, {"added": {"name": "Item Grade", "object": "Patchwork Monolith"}}, {"added": {"name": "Item Grade", "object": "Hardened Monolith"}}, {"added": {"name": "Item Grade", "object": "Forged Monolith"}}, {"added": {"name": "Resource", "object": ""}}, {"added": {"name": "Resource", "object": ""}}]', 26, 1);
INSERT INTO public.django_admin_log VALUES (127, '2023-07-20 04:24:47.602737+00', '10', 'Simple Adhesive', 1, '[{"added": {}}]', 26, 1);
INSERT INTO public.django_admin_log VALUES (128, '2023-07-20 04:25:31.721555+00', '9', 'Monolith Of Terror', 2, '[{"added": {"name": "Resource", "object": ""}}, {"added": {"name": "Resource", "object": ""}}, {"added": {"name": "Crafted Item", "object": ""}}]', 26, 1);
INSERT INTO public.django_admin_log VALUES (129, '2023-07-20 04:26:25.153568+00', '11', 'Necroinfluencer', 1, '[{"added": {}}]', 26, 1);
INSERT INTO public.django_admin_log VALUES (130, '2023-07-20 04:26:35.90847+00', '9', 'Monolith Of Terror', 2, '[{"added": {"name": "Resource", "object": ""}}, {"added": {"name": "Crafted Item", "object": ""}}, {"added": {"name": "Crafted Item", "object": ""}}, {"added": {"name": "Crafted Item", "object": ""}}]', 26, 1);
INSERT INTO public.django_admin_log VALUES (131, '2023-07-20 04:26:47.691791+00', '10', 'Adhesive', 2, '[{"changed": {"fields": ["Name"]}}]', 26, 1);
INSERT INTO public.django_admin_log VALUES (132, '2023-07-20 04:30:20.494082+00', '8', 'Grinding Mill', 3, '', 26, 1);
INSERT INTO public.django_admin_log VALUES (133, '2023-07-20 04:31:12.329115+00', '6', 'Grinding Mill', 2, '[{"added": {"name": "Resource", "object": ""}}, {"added": {"name": "Resource", "object": ""}}, {"added": {"name": "Crafted Item", "object": ""}}]', 26, 1);
INSERT INTO public.django_admin_log VALUES (134, '2023-07-20 15:54:04.805955+00', '12', 'Mechanical Engine', 1, '[{"added": {}}]', 26, 1);
INSERT INTO public.django_admin_log VALUES (135, '2023-07-20 15:54:09.842463+00', '13', 'Bigol Chain Gun', 1, '[{"added": {}}, {"added": {"name": "item picture", "object": "static_images/bigol_chain_gun_KudJqj3.jpg"}}, {"added": {"name": "Item Grade", "object": "Makeshift Chain Gun"}}, {"added": {"name": "Item Grade", "object": "Sturdy chain Gun"}}, {"added": {"name": "Item Grade", "object": "Reinforced Chain Gun"}}, {"added": {"name": "Resource", "object": ""}}, {"added": {"name": "Crafted Item", "object": ""}}]', 26, 1);
INSERT INTO public.django_admin_log VALUES (136, '2023-07-20 15:55:25.544118+00', '13', 'Bigol Chain Gun', 2, '[{"added": {"name": "Resource", "object": ""}}, {"added": {"name": "Resource", "object": ""}}, {"added": {"name": "Resource", "object": ""}}, {"added": {"name": "Resource", "object": ""}}]', 26, 1);
INSERT INTO public.django_admin_log VALUES (137, '2023-07-20 16:03:40.531319+00', '14', 'Bigol Sledge', 1, '[{"added": {}}, {"added": {"name": "item picture", "object": "static_images/bigol_sledge.jpg"}}, {"added": {"name": "Item Grade", "object": "Makeshift Sledge"}}, {"added": {"name": "Item Grade", "object": "Sturdy Sledge"}}, {"added": {"name": "Item Grade", "object": "Reinforced Sledge"}}, {"added": {"name": "Resource", "object": ""}}, {"added": {"name": "Resource", "object": ""}}, {"added": {"name": "Resource", "object": ""}}, {"added": {"name": "Resource", "object": ""}}, {"added": {"name": "Resource", "object": ""}}, {"added": {"name": "Resource", "object": ""}}]', 26, 1);
INSERT INTO public.django_admin_log VALUES (138, '2023-07-20 16:06:39.252905+00', '10', 'Adhesive', 2, '[{"changed": {"fields": ["Item type", "Visual description", "Tags", "Crafting tree", "Crafting area", "Details"]}}, {"added": {"name": "Item Grade", "object": "Basic Adhesive"}}, {"added": {"name": "Item Grade", "object": "Proficient Adhesive"}}, {"added": {"name": "Item Grade", "object": "Master Adhesive"}}, {"added": {"name": "Resource", "object": ""}}, {"added": {"name": "Resource", "object": ""}}, {"added": {"name": "Resource", "object": ""}}]', 26, 1);
INSERT INTO public.django_admin_log VALUES (139, '2023-07-20 16:10:46.923148+00', '12', 'Mechanical Engine', 2, '[{"changed": {"fields": ["Expiration units", "Time units", "Item type", "Visual description", "Tags", "Details"]}}, {"added": {"name": "item picture", "object": "static_images/mechanical_engines_TV9XSJn.jpg"}}, {"added": {"name": "Item Grade", "object": "Two Cylinder Engine"}}, {"added": {"name": "Item Grade", "object": "Straight Six Engine"}}, {"added": {"name": "Item Grade", "object": "V8 Engine"}}, {"added": {"name": "Resource", "object": ""}}, {"added": {"name": "Resource", "object": ""}}, {"added": {"name": "Resource", "object": ""}}, {"added": {"name": "Resource", "object": ""}}, {"added": {"name": "Resource", "object": ""}}, {"added": {"name": "Resource", "object": ""}}, {"added": {"name": "Resource", "object": ""}}, {"added": {"name": "Resource", "object": ""}}, {"added": {"name": "Resource", "object": ""}}]', 26, 1);
INSERT INTO public.django_admin_log VALUES (140, '2023-07-20 16:11:09.705061+00', '12', 'Mechanical Engine', 2, '[{"added": {"name": "Crafted Item", "object": ""}}, {"added": {"name": "Crafted Item", "object": ""}}]', 26, 1);
INSERT INTO public.django_admin_log VALUES (141, '2023-07-20 16:11:47.30453+00', '10', 'Adhesive', 2, '[{"added": {"name": "Crafted Item", "object": ""}}, {"added": {"name": "Crafted Item", "object": ""}}, {"added": {"name": "Crafted Item", "object": ""}}]', 26, 1);
INSERT INTO public.django_admin_log VALUES (142, '2023-07-20 16:11:55.971759+00', '10', 'Adhesive', 2, '[{"deleted": {"name": "Crafted Item", "object": ""}}]', 26, 1);
INSERT INTO public.django_admin_log VALUES (143, '2023-07-20 16:12:38.204047+00', '4', 'Angry Anchor Storage', 2, '[{"added": {"name": "Crafted Item", "object": ""}}, {"added": {"name": "Crafted Item", "object": ""}}]', 26, 1);
INSERT INTO public.django_admin_log VALUES (144, '2023-07-20 16:13:02.099012+00', '13', 'Bigol Chain Gun', 2, '[{"added": {"name": "Crafted Item", "object": ""}}, {"added": {"name": "Crafted Item", "object": ""}}]', 26, 1);
INSERT INTO public.django_admin_log VALUES (145, '2023-07-20 16:13:41.60394+00', '14', 'Bigol Sledge', 2, '[{"added": {"name": "Crafted Item", "object": ""}}, {"added": {"name": "Crafted Item", "object": ""}}]', 26, 1);
INSERT INTO public.django_admin_log VALUES (146, '2023-07-20 16:14:01.529034+00', '5', 'Dungeon', 2, '[{"added": {"name": "Crafted Item", "object": ""}}, {"added": {"name": "Crafted Item", "object": ""}}]', 26, 1);
INSERT INTO public.django_admin_log VALUES (147, '2023-07-20 16:15:13.8088+00', '7', 'Mechanical Gear System', 2, '[{"added": {"name": "Crafted Item", "object": ""}}, {"added": {"name": "Crafted Item", "object": ""}}]', 26, 1);
INSERT INTO public.django_admin_log VALUES (148, '2023-07-20 16:15:44.648009+00', '9', 'Monolith Of Terror', 2, '[{"added": {"name": "Crafted Item", "object": ""}}, {"added": {"name": "Crafted Item", "object": ""}}]', 26, 1);
INSERT INTO public.django_admin_log VALUES (149, '2023-07-20 16:19:30.562958+00', '11', 'Necroinfluencer', 2, '[{"changed": {"fields": ["Item type", "Visual description", "Tags", "Crafting tree", "Crafting area", "Details"]}}, {"added": {"name": "Item Grade", "object": "Basic Necroinfluencer"}}, {"added": {"name": "Item Grade", "object": "Proficient Necroinfluencer"}}, {"added": {"name": "Item Grade", "object": "Master Necroinfluencer"}}, {"added": {"name": "Resource", "object": ""}}, {"added": {"name": "Resource", "object": ""}}, {"added": {"name": "Resource", "object": ""}}]', 26, 1);
INSERT INTO public.django_admin_log VALUES (150, '2023-07-20 16:19:48.837566+00', '11', 'Necroinfluencer', 2, '[{"added": {"name": "Crafted Item", "object": ""}}, {"added": {"name": "Crafted Item", "object": ""}}]', 26, 1);
INSERT INTO public.django_admin_log VALUES (151, '2023-07-20 16:20:10.108962+00', '2', 'Safe Harbor Recovery Brew', 2, '[{"added": {"name": "Crafted Item", "object": ""}}, {"added": {"name": "Crafted Item", "object": ""}}]', 26, 1);
INSERT INTO public.django_admin_log VALUES (152, '2023-07-20 16:20:35.244367+00', '3', 'Slicker Healing Brew', 2, '[{"added": {"name": "Crafted Item", "object": ""}}, {"added": {"name": "Crafted Item", "object": ""}}]', 26, 1);
INSERT INTO public.django_admin_log VALUES (153, '2023-07-20 16:30:27.904268+00', '2', 'Safe Harbor Recovery Brew', 2, '[{"changed": {"fields": ["Tags"]}}]', 26, 1);


--
-- TOC entry 4804 (class 0 OID 21284)
-- Dependencies: 222
-- Data for Name: django_content_type; Type: TABLE DATA; Schema: public; Owner: doadmin
--

INSERT INTO public.django_content_type VALUES (1, 'admin', 'logentry', NULL);
INSERT INTO public.django_content_type VALUES (2, 'auth', 'permission', NULL);
INSERT INTO public.django_content_type VALUES (3, 'auth', 'group', NULL);
INSERT INTO public.django_content_type VALUES (4, 'contenttypes', 'contenttype', NULL);
INSERT INTO public.django_content_type VALUES (5, 'sessions', 'session', NULL);
INSERT INTO public.django_content_type VALUES (6, 'password_history', 'passwordhistory', NULL);
INSERT INTO public.django_content_type VALUES (7, 'password_history', 'userpasswordhistoryconfig', NULL);
INSERT INTO public.django_content_type VALUES (8, 'taggit', 'tag', NULL);
INSERT INTO public.django_content_type VALUES (9, 'taggit', 'taggeditem', NULL);
INSERT INTO public.django_content_type VALUES (10, 'necrotopia', 'userprofile', NULL);
INSERT INTO public.django_content_type VALUES (11, 'necrotopia', 'chapter', NULL);
INSERT INTO public.django_content_type VALUES (12, 'necrotopia', 'gender', NULL);
INSERT INTO public.django_content_type VALUES (13, 'necrotopia', 'ratedskillitem', NULL);
INSERT INTO public.django_content_type VALUES (14, 'necrotopia', 'skillitem', NULL);
INSERT INTO public.django_content_type VALUES (15, 'necrotopia', 'title', NULL);
INSERT INTO public.django_content_type VALUES (16, 'necrotopia', 'group', NULL);
INSERT INTO public.django_content_type VALUES (17, 'necrotopia', 'usefullinks', NULL);
INSERT INTO public.django_content_type VALUES (18, 'necrotopia', 'skillratings', NULL);
INSERT INTO public.django_content_type VALUES (19, 'necrotopia', 'resourceitem', NULL);
INSERT INTO public.django_content_type VALUES (20, 'necrotopia', 'department', NULL);
INSERT INTO public.django_content_type VALUES (21, 'necrotopia', 'chapterstafftype', NULL);
INSERT INTO public.django_content_type VALUES (22, 'necrotopia', 'chapterstaff', NULL);
INSERT INTO public.django_content_type VALUES (23, 'necrotopia', 'rule', NULL);
INSERT INTO public.django_content_type VALUES (24, 'necrotopia', 'rulepicture', NULL);
INSERT INTO public.django_content_type VALUES (25, 'necrotopia', 'modulegraderesource', NULL);
INSERT INTO public.django_content_type VALUES (26, 'necrotopia', 'moduleassembly', NULL);
INSERT INTO public.django_content_type VALUES (27, 'necrotopia', 'modulegradesubassembly', NULL);
INSERT INTO public.django_content_type VALUES (28, 'necrotopia', 'itempicture', NULL);
INSERT INTO public.django_content_type VALUES (29, 'necrotopia', 'modulegrade', NULL);
INSERT INTO public.django_content_type VALUES (30, 'necrotopia', 'itempdf', NULL);
INSERT INTO public.django_content_type VALUES (31, 'necrotopia', 'character', NULL);
INSERT INTO public.django_content_type VALUES (32, 'necrotopia', 'financialinstitution', NULL);
INSERT INTO public.django_content_type VALUES (33, 'necrotopia', 'loottable', NULL);
INSERT INTO public.django_content_type VALUES (34, 'necrotopia', 'loottableitem', NULL);
INSERT INTO public.django_content_type VALUES (35, 'necrotopia', 'financialinvestment', NULL);
INSERT INTO public.django_content_type VALUES (36, 'necrotopia', 'financialinstitutionpicture', NULL);
INSERT INTO public.django_content_type VALUES (37, 'necrotopia', 'chapterpicture', NULL);
INSERT INTO public.django_content_type VALUES (38, 'necrotopia', 'institutionpicture', NULL);
INSERT INTO public.django_content_type VALUES (39, 'necrotopia', 'advertisement', NULL);
INSERT INTO public.django_content_type VALUES (40, 'necrotopia', 'advertisementx', NULL);


--
-- TOC entry 4806 (class 0 OID 21288)
-- Dependencies: 224
-- Data for Name: django_migrations; Type: TABLE DATA; Schema: public; Owner: doadmin
--

INSERT INTO public.django_migrations VALUES (155, 'contenttypes', '0001_initial', '2023-07-20 01:22:47.610319+00');
INSERT INTO public.django_migrations VALUES (156, 'contenttypes', '0002_remove_content_type_name', '2023-07-20 01:23:51.964111+00');
INSERT INTO public.django_migrations VALUES (157, 'taggit', '0001_initial', '2023-07-20 01:25:25.533213+00');
INSERT INTO public.django_migrations VALUES (158, 'taggit', '0002_auto_20150616_2121', '2023-07-20 01:25:25.557321+00');
INSERT INTO public.django_migrations VALUES (159, 'taggit', '0003_taggeditem_add_unique_index', '2023-07-20 01:25:25.582212+00');
INSERT INTO public.django_migrations VALUES (160, 'taggit', '0004_alter_taggeditem_content_type_alter_taggeditem_tag', '2023-07-20 01:25:25.605431+00');
INSERT INTO public.django_migrations VALUES (161, 'taggit', '0005_auto_20220424_2025', '2023-07-20 01:25:25.629209+00');
INSERT INTO public.django_migrations VALUES (162, 'sessions', '0001_initial', '2023-07-20 01:25:40.454354+00');
INSERT INTO public.django_migrations VALUES (163, 'auth', '0001_initial', '2023-07-20 01:25:50.233076+00');
INSERT INTO public.django_migrations VALUES (164, 'auth', '0002_alter_permission_name_max_length', '2023-07-20 01:25:50.257068+00');
INSERT INTO public.django_migrations VALUES (165, 'auth', '0003_alter_user_email_max_length', '2023-07-20 01:25:50.281071+00');
INSERT INTO public.django_migrations VALUES (166, 'auth', '0004_alter_user_username_opts', '2023-07-20 01:25:50.305069+00');
INSERT INTO public.django_migrations VALUES (167, 'auth', '0005_alter_user_last_login_null', '2023-07-20 01:25:50.32907+00');
INSERT INTO public.django_migrations VALUES (168, 'auth', '0006_require_contenttypes_0002', '2023-07-20 01:25:50.353078+00');
INSERT INTO public.django_migrations VALUES (169, 'auth', '0007_alter_validators_add_error_messages', '2023-07-20 01:25:50.381073+00');
INSERT INTO public.django_migrations VALUES (170, 'auth', '0008_alter_user_username_max_length', '2023-07-20 01:25:50.404072+00');
INSERT INTO public.django_migrations VALUES (171, 'auth', '0009_alter_user_last_name_max_length', '2023-07-20 01:25:50.429075+00');
INSERT INTO public.django_migrations VALUES (172, 'auth', '0010_alter_group_name_max_length', '2023-07-20 01:25:50.455019+00');
INSERT INTO public.django_migrations VALUES (173, 'auth', '0011_update_proxy_permissions', '2023-07-20 01:25:50.485018+00');
INSERT INTO public.django_migrations VALUES (174, 'auth', '0012_alter_user_first_name_max_length', '2023-07-20 01:25:50.509021+00');
INSERT INTO public.django_migrations VALUES (175, 'necrotopia', '0001_initial', '2023-07-20 01:25:50.53303+00');
INSERT INTO public.django_migrations VALUES (176, 'password_history', '0001_initial', '2023-07-20 01:25:50.55602+00');
INSERT INTO public.django_migrations VALUES (177, 'password_history', '0002_auto_20180424_1422', '2023-07-20 01:25:50.58002+00');
INSERT INTO public.django_migrations VALUES (178, 'password_history', '0003_auto_20201206_1357', '2023-07-20 01:25:50.60602+00');
INSERT INTO public.django_migrations VALUES (179, 'admin', '0001_initial', '2023-07-20 01:27:23.673216+00');
INSERT INTO public.django_migrations VALUES (180, 'admin', '0002_logentry_remove_auto_add', '2023-07-20 01:27:23.726216+00');
INSERT INTO public.django_migrations VALUES (181, 'admin', '0003_logentry_add_action_flag_choices', '2023-07-20 01:27:23.785216+00');
INSERT INTO public.django_migrations VALUES (182, 'necrotopia', '0002_financialinstitution_institutionpicture_and_more', '2023-07-20 01:29:38.167516+00');
INSERT INTO public.django_migrations VALUES (183, 'necrotopia', '0003_remove_financialinvestment_character_and_more', '2023-07-20 01:35:02.480088+00');
INSERT INTO public.django_migrations VALUES (184, 'necrotopia', '0004_character_financialinvestment', '2023-07-20 01:37:02.625887+00');
INSERT INTO public.django_migrations VALUES (185, 'necrotopia', '0005_alter_moduleassembly_achievement_mechanics_and_more', '2023-07-20 04:10:16.350127+00');


--
-- TOC entry 4808 (class 0 OID 21294)
-- Dependencies: 226
-- Data for Name: django_session; Type: TABLE DATA; Schema: public; Owner: doadmin
--

INSERT INTO public.django_session VALUES ('xdjk9l5y3tfsun6chw68zxtuml4kd2zj', '.eJxVjEEOwiAQRe8ya0MgwBS7dO8ZCGUGixowpU1qjHfXJt10-997_wO-cWu5Fs_rK09v6OUJfFjm0S-NJ58JelBw2IYQH1w2QPdQblXEWuYpD2JTxE6buFbi52V3DwdjaOO_dtp1xjIHFYaYECUaZB2VIW2N0RFNMjEqtgmTTM5JPjO6DglJWsIE3x8IND8p:1q6ykh:RfAbpgVfpHENET4WE7FUsT0563BiItkNVhqyqDsdvjM', '2023-06-21 19:23:27.978747+00');
INSERT INTO public.django_session VALUES ('0j5lx1abmwmhazjx89362jjc6l6as9cc', '.eJxVjEEOwiAQRe8ya0MgwBS7dO8ZCGUGixowpU1qjHfXJt10-997_wO-cWu5Fs_rK09v6OUJfFjm0S-NJ58JelBw2IYQH1w2QPdQblXEWuYpD2JTxE6buFbi52V3DwdjaOO_dtp1xjIHFYaYECUaZB2VIW2N0RFNMjEqtgmTTM5JPjO6DglJWsIE3x8IND8p:1q75Mr:AKIwfTDAnmv31ftHP4Aeb50iW7XPN5efJIx0cV1I8SY', '2023-06-22 02:27:17.759448+00');
INSERT INTO public.django_session VALUES ('jmj8njr4h8xip8ljugb4b8kf8ck04bbj', '.eJxVjEEOwiAQRe_C2hAIwxRduvcMBGYGqRqalHbVeHdt0oVu_3vvbyqmdalx7TLHkdVFWXX63XKip7Qd8CO1-6Rpass8Zr0r-qBd3yaW1_Vw_w5q6vVbBxcG8CLJpkwF0SCgOLLAzgM4QihAZMUXLKaEYOQsGAZkZOMZi3p_AN9JN-w:1q75Ts:msmZirIU1fo5NZkk1dYJGeS4WcU0PM7dNrxdCu0Xs60', '2023-06-22 02:34:32.0838+00');
INSERT INTO public.django_session VALUES ('2scr9dc2yuwu790zkmzopd2jtfd4aotz', '.eJxVjEEOwiAQRe_C2hAIwxRduvcMBGYGqRqalHbVeHdt0oVu_3vvbyqmdalx7TLHkdVFWXX63XKip7Qd8CO1-6Rpass8Zr0r-qBd3yaW1_Vw_w5q6vVbBxcG8CLJpkwF0SCgOLLAzgM4QihAZMUXLKaEYOQsGAZkZOMZi3p_AN9JN-w:1q97hz:jJeXq1qIsA35fV3vnsIPMh6Xn-lRiqN3Krr489fQ8XE', '2023-06-27 17:21:31.926547+00');
INSERT INTO public.django_session VALUES ('shhsmstf10yjyxi4npmzpwg0tpkkx5we', '.eJxVjEEOwiAQRe_C2hAIwxRduvcMBGYGqRqalHbVeHdt0oVu_3vvbyqmdalx7TLHkdVFWXX63XKip7Qd8CO1-6Rpass8Zr0r-qBd3yaW1_Vw_w5q6vVbBxcG8CLJpkwF0SCgOLLAzgM4QihAZMUXLKaEYOQsGAZkZOMZi3p_AN9JN-w:1q99xz:Z7PWfMo20mYnwE0DHFMacvbAcgT-xSnnwtPrclX_Uuc', '2023-06-27 19:46:11.25283+00');
INSERT INTO public.django_session VALUES ('q9uh8m8sz0lozwvla144l9xhrcpnc757', 'eyJ0ZXN0Y29va2llIjoid29ya2VkIn0:1q9GZN:2qTF7Aq0GfIzOCJmQ3X-M2Tcy578rYGFwf4uoWA3YPM', '2023-06-28 02:49:13.713596+00');
INSERT INTO public.django_session VALUES ('iqyf43ah2phdukf6p4l4vhphgjwtpk21', '.eJxVjEEOwiAURO_C2hALpYBL956BfPgfWzElARoXxrtLk246y3lv5ssa1RZyTguxG_vkkgjZhTnY2uy2SsUt2IE4dx5ConUH-IL1mXnIayuL57vCD1r5IyO974d7Opihzn0do0INqGWYSEewVmpjrQdEq4wAOYQwDQr9dRKD8lL1jNFi1MoYTyOw3x-AOD_b:1q9vcn:5W9u2g_o3JVfSsQh7Np8lLbV7fmrWLhKj_08fhGYz-I', '2023-06-29 22:39:29.003655+00');
INSERT INTO public.django_session VALUES ('l1ron237onkfebbpmzy0mzeku3vzz8mj', 'eyJ0ZXN0Y29va2llIjoid29ya2VkIn0:1qE1sj:bB6zQzlXsi24NgGFGSGij4lrfteqsLdwM8nuEFVYXLE', '2023-07-11 06:08:53.995362+00');
INSERT INTO public.django_session VALUES ('4kus3d9dlbks7t6rbudfx66pfpszoexu', 'eyJ0ZXN0Y29va2llIjoid29ya2VkIn0:1qEBA9:WeRU79dPT2ZkTEcAkrtRKPpsQqnjr5p9Gou1rwR6log', '2023-07-11 16:03:29.187206+00');
INSERT INTO public.django_session VALUES ('be56e4k9qoyy0wl5g3pvz9bvs1d5c456', 'eyJ0ZXN0Y29va2llIjoid29ya2VkIn0:1qJwjX:luaK-IsNAv4v3NVUrqLeggQSVApAHvHQBfo95P40U_U', '2023-07-27 13:51:51.155147+00');
INSERT INTO public.django_session VALUES ('64kicxdoknvbkaotuag9wu6azal93i6k', '.eJxVjEEOwiAQRe8ya0MgwBS7dO8ZCGUGixowpU1qjHfXJt10-997_wO-cWu5Fs_rK09v6OUJfFjm0S-NJ58JelBw2IYQH1w2QPdQblXEWuYpD2JTxE6buFbi52V3DwdjaOO_dtp1xjIHFYaYECUaZB2VIW2N0RFNMjEqtgmTTM5JPjO6DglJWsIE3x8IND8p:1qKA4G:z5Oa9Yns7DXWocfUY5Oi1cgeyoRxucBP3oHUxg576oc', '2023-07-28 04:06:08.054614+00');
INSERT INTO public.django_session VALUES ('21nucsv8your9n6b98ohdgt6ltgd2jdp', '.eJxVjEEOwiAQRe8ya0MgwBS7dO8ZCGUGixowpU1qjHfXJt10-997_wO-cWu5Fs_rK09v6OUJfFjm0S-NJ58JelBw2IYQH1w2QPdQblXEWuYpD2JTxE6buFbi52V3DwdjaOO_dtp1xjIHFYaYECUaZB2VIW2N0RFNMjEqtgmTTM5JPjO6DglJWsIE3x8IND8p:1qKn6L:6tUJ572WF-nK7Kh6nIKsagh_5OOOI3iEN2wcwzaywzM', '2023-07-29 21:46:53.398113+00');
INSERT INTO public.django_session VALUES ('e5nfonc4wb9y0wjjoqiimq3vf39ib65o', '.eJxVjEEOwiAQRe8ya0MgwBS7dO8ZCGUGixowpU1qjHfXJt10-997_wO-cWu5Fs_rK09v6OUJfFjm0S-NJ58JelBw2IYQH1w2QPdQblXEWuYpD2JTxE6buFbi52V3DwdjaOO_dtp1xjIHFYaYECUaZB2VIW2N0RFNMjEqtgmTTM5JPjO6DglJWsIE3x8IND8p:1qLQTe:01yYURqT2eCgaXyE9Vrul7Qy770Hlb683OpZ5h44naQ', '2023-07-31 15:49:34.407213+00');
INSERT INTO public.django_session VALUES ('if8u5m1vd15y7y8ov20tywfvwnb00a98', '.eJxVjEEOwiAQRe8ya0MgwBS7dO8ZCGUGixowpU1qjHfXJt10-997_wO-cWu5Fs_rK09v6OUJfFjm0S-NJ58JelBw2IYQH1w2QPdQblXEWuYpD2JTxE6buFbi52V3DwdjaOO_dtp1xjIHFYaYECUaZB2VIW2N0RFNMjEqtgmTTM5JPjO6DglJWsIE3x8IND8p:1qLm2t:Q6hmki3h9ps3rtVOMzZGgQBZ7t_7Xk6qchQDLNMelts', '2023-08-01 14:51:23.465529+00');
INSERT INTO public.django_session VALUES ('4alq44nhvy3t4pw8ullbem7odix2f253', '.eJxVjEEOwiAQRe8ya0MgwBS7dO8ZCGUGixowpU1qjHfXJt10-997_wO-cWu5Fs_rK09v6OUJfFjm0S-NJ58JelBw2IYQH1w2QPdQblXEWuYpD2JTxE6buFbi52V3DwdjaOO_dtp1xjIHFYaYECUaZB2VIW2N0RFNMjEqtgmTTM5JPjO6DglJWsIE3x8IND8p:1qLwXS:vxkz6uLmEfe_SJF9nazSz43Xsc4vC2-GF0YdFosWUJY', '2023-08-02 02:03:38.079101+00');
INSERT INTO public.django_session VALUES ('cen7pixoa645mnxvlxc02d5vn3koukd0', '.eJxVjEEOwiAQRe8ya0MgwBS7dO8ZCGUGixowpU1qjHfXJt10-997_wO-cWu5Fs_rK09v6OUJfFjm0S-NJ58JelBw2IYQH1w2QPdQblXEWuYpD2JTxE6buFbi52V3DwdjaOO_dtp1xjIHFYaYECUaZB2VIW2N0RFNMjEqtgmTTM5JPjO6DglJWsIE3x8IND8p:1qLx5C:u7bvcD3buTB0W4Os_mPE-C-e_TCW_xEDlCUKGmkNx_Q', '2023-08-02 02:38:30.541797+00');
INSERT INTO public.django_session VALUES ('a4te0ul8cqasz0luahp7ptktk74w4qzj', '.eJxVjEEOwiAQRe8ya0MgwBS7dO8ZCGUGixowpU1qjHfXJt10-997_wO-cWu5Fs_rK09v6OUJfFjm0S-NJ58JelBw2IYQH1w2QPdQblXEWuYpD2JTxE6buFbi52V3DwdjaOO_dtp1xjIHFYaYECUaZB2VIW2N0RFNMjEqtgmTTM5JPjO6DglJWsIE3x8IND8p:1qLy6Q:PTdcD80chKNp3y6oylOz9yu3xw5J81r3esraX2zcPR4', '2023-08-02 03:43:50.074571+00');
INSERT INTO public.django_session VALUES ('vulk0ribq9tjrubz1zpi9f3p0u3vp6jy', '.eJxVjEEOwiAQRe8ya0MgwBS7dO8ZCGUGixowpU1qjHfXJt10-997_wO-cWu5Fs_rK09v6OUJfFjm0S-NJ58JelBw2IYQH1w2QPdQblXEWuYpD2JTxE6buFbi52V3DwdjaOO_dtp1xjIHFYaYECUaZB2VIW2N0RFNMjEqtgmTTM5JPjO6DglJWsIE3x8IND8p:1qMEz2:ZiLxhD_Tv5jMgMmp9H-O02BcgQMbRJkIgzvGc9mWL6s', '2023-08-02 21:45:20.65417+00');
INSERT INTO public.django_session VALUES ('ubwc0wkqajhmcep6r13pj6dr029bl1g6', '.eJxVjEEOwiAQRe8ya0MgwBS7dO8ZCGUGixowpU1qjHfXJt10-997_wO-cWu5Fs_rK09v6OUJfFjm0S-NJ58JelBw2IYQH1w2QPdQblXEWuYpD2JTxE6buFbi52V3DwdjaOO_dtp1xjIHFYaYECUaZB2VIW2N0RFNMjEqtgmTTM5JPjO6DglJWsIE3x8IND8p:1qMHgs:2hovOdhLztHJWOkHouXRQBCSBilziAYWxkhLd-JpyFo', '2023-08-03 00:38:46.932993+00');
INSERT INTO public.django_session VALUES ('wmjtr52mbpso6u5jebjfv2i9uej0njsx', '.eJxVjEEOwiAQRe8ya0MgwBS7dO8ZCGUGixowpU1qjHfXJt10-997_wO-cWu5Fs_rK09v6OUJfFjm0S-NJ58JelBw2IYQH1w2QPdQblXEWuYpD2JTxE6buFbi52V3DwdjaOO_dtp1xjIHFYaYECUaZB2VIW2N0RFNMjEqtgmTTM5JPjO6DglJWsIE3x8IND8p:1qMIFX:Lw1KiOuKBf25onSnXf7umQPKwta1-IDIXChFOBb178E', '2023-08-03 01:14:35.970862+00');
INSERT INTO public.django_session VALUES ('nw83ocmbgpve2tqmn3fk91g3f41h1ibo', '.eJxVjEEOwiAQRe_C2hAIwxRduvcMBGYGqRqalHbVeHdt0oVu_3vvbyqmdalx7TLHkdVFWXX63XKip7Qd8CO1-6Rpass8Zr0r-qBd3yaW1_Vw_w5q6vVbBxcG8CLJpkwF0SCgOLLAzgM4QihAZMUXLKaEYOQsGAZkZOMZi3p_AN9JN-w:1qMIVb:Xalthza0C5DPcSJv4MnpWBg9ff5Z2QV5gFMuAd-jMAk', '2023-08-03 01:31:11.358171+00');
INSERT INTO public.django_session VALUES ('kyl2vzgv5o2tk5bguv6r4qxz18dm466k', '.eJxVjEEOwiAQRe_C2hAIwxRduvcMBGYGqRqalHbVeHdt0oVu_3vvbyqmdalx7TLHkdVFWXX63XKip7Qd8CO1-6Rpass8Zr0r-qBd3yaW1_Vw_w5q6vVbBxcG8CLJpkwF0SCgOLLAzgM4QihAZMUXLKaEYOQsGAZkZOMZi3p_AN9JN-w:1qMWRY:PqcXOn3fQo4AbRWnzInuVPrjhpXKPUCrlI_oKLPhigM', '2023-08-03 16:23:56.391651+00');


--
-- TOC entry 4809 (class 0 OID 21299)
-- Dependencies: 227
-- Data for Name: necrotopia_advertisement; Type: TABLE DATA; Schema: public; Owner: doadmin
--

INSERT INTO public.necrotopia_advertisement VALUES (1, 'Dystopia Rising: Maryland', '', 'https://www.dystopiarisingmaryland.com/', 'advertisements/dystopia_rising_md.webp', true, '2023-06-13 17:55:14+00', 1, '2023-08-13', '2023-06-13');
INSERT INTO public.necrotopia_advertisement VALUES (2, 'Dystopia Rising MD on Facebook', '', 'https://www.facebook.com/DRMaryland', 'advertisements/dystopia_rising_md_facebook_ChP7Mls.webp', true, '2023-06-13 19:53:21+00', 1, '2023-08-13', '2023-06-13');


--
-- TOC entry 4811 (class 0 OID 21305)
-- Dependencies: 229
-- Data for Name: necrotopia_chapter; Type: TABLE DATA; Schema: public; Owner: doadmin
--

INSERT INTO public.necrotopia_chapter VALUES (1, 'Dystopia Rising: Maryland', true, '2023-06-08 16:20:44+00', 1, NULL, NULL, NULL);


--
-- TOC entry 4813 (class 0 OID 21309)
-- Dependencies: 231
-- Data for Name: necrotopia_chapterpicture; Type: TABLE DATA; Schema: public; Owner: doadmin
--



--
-- TOC entry 4815 (class 0 OID 21313)
-- Dependencies: 233
-- Data for Name: necrotopia_chapterstaff; Type: TABLE DATA; Schema: public; Owner: doadmin
--



--
-- TOC entry 4817 (class 0 OID 21317)
-- Dependencies: 235
-- Data for Name: necrotopia_chapterstafftype; Type: TABLE DATA; Schema: public; Owner: doadmin
--

INSERT INTO public.necrotopia_chapterstafftype VALUES (1, 'Director', 'A director of a certain aspect of a branch''s operations', '2023-06-07 17:51:20+00', 1);
INSERT INTO public.necrotopia_chapterstafftype VALUES (2, 'Owner', 'One of the people who purchased franchise rights and own the chapter.', '2023-06-07 17:51:30+00', 1);
INSERT INTO public.necrotopia_chapterstafftype VALUES (3, 'Guide', 'An operations person who handles an aspect of the branch, such as rules guide or logistics guide.', '2023-06-07 17:51:40+00', 1);
INSERT INTO public.necrotopia_chapterstafftype VALUES (4, 'Writer', 'A person who writes plots and content for the branch', '2023-06-07 17:51:51+00', 1);


--
-- TOC entry 4874 (class 0 OID 22082)
-- Dependencies: 292
-- Data for Name: necrotopia_character; Type: TABLE DATA; Schema: public; Owner: doadmin
--

INSERT INTO public.necrotopia_character VALUES (1, 'Carver Hudson', '2023-07-20 01:44:18+00', 1, 1);


--
-- TOC entry 4819 (class 0 OID 21327)
-- Dependencies: 237
-- Data for Name: necrotopia_department; Type: TABLE DATA; Schema: public; Owner: doadmin
--

INSERT INTO public.necrotopia_department VALUES (1, 'Logistics', NULL, '2023-06-08 16:16:45+00', 1);
INSERT INTO public.necrotopia_department VALUES (2, 'Marketing', NULL, '2023-06-08 16:17:04+00', 1);
INSERT INTO public.necrotopia_department VALUES (3, 'Rules', NULL, '2023-06-08 16:23:34+00', 1);
INSERT INTO public.necrotopia_department VALUES (4, 'Ops', NULL, '2023-06-08 16:23:40+00', 1);
INSERT INTO public.necrotopia_department VALUES (5, 'Settings', NULL, '2023-06-08 16:23:47+00', 1);


--
-- TOC entry 4870 (class 0 OID 22022)
-- Dependencies: 288
-- Data for Name: necrotopia_financialinstitution; Type: TABLE DATA; Schema: public; Owner: doadmin
--

INSERT INTO public.necrotopia_financialinstitution VALUES (1, 'The State Farm', NULL, NULL, false, false, -3, '2023-07-20 01:44:52+00', 1, NULL, 1);
INSERT INTO public.necrotopia_financialinstitution VALUES (2, 'Open Vein Excavation', NULL, NULL, false, false, -3, '2023-07-20 01:45:36+00', 1, NULL, 1);
INSERT INTO public.necrotopia_financialinstitution VALUES (3, 'Luckheed Industries', NULL, NULL, false, false, -3, '2023-07-20 01:45:52+00', 1, NULL, 1);
INSERT INTO public.necrotopia_financialinstitution VALUES (4, 'The Harbor Masters', NULL, NULL, false, false, -3, '2023-07-20 01:46:06+00', 1, NULL, 1);
INSERT INTO public.necrotopia_financialinstitution VALUES (6, 'Last Hope Uni', NULL, NULL, false, false, -3, '2023-07-20 01:46:33+00', 1, NULL, 1);
INSERT INTO public.necrotopia_financialinstitution VALUES (7, 'The Advent-Treers Company', NULL, NULL, false, false, -3, '2023-07-20 01:46:43+00', 1, NULL, 1);
INSERT INTO public.necrotopia_financialinstitution VALUES (5, 'Beholders Supra Store', NULL, NULL, false, false, -3, '2023-07-20 01:46:19+00', 1, NULL, 1);


--
-- TOC entry 4876 (class 0 OID 22088)
-- Dependencies: 294
-- Data for Name: necrotopia_financialinvestment; Type: TABLE DATA; Schema: public; Owner: doadmin
--



--
-- TOC entry 4821 (class 0 OID 21343)
-- Dependencies: 239
-- Data for Name: necrotopia_gender; Type: TABLE DATA; Schema: public; Owner: doadmin
--

INSERT INTO public.necrotopia_gender VALUES (1, 'Cisgender Male');
INSERT INTO public.necrotopia_gender VALUES (2, 'Cisgender Female');
INSERT INTO public.necrotopia_gender VALUES (3, 'Agender');
INSERT INTO public.necrotopia_gender VALUES (4, 'Androgynous');
INSERT INTO public.necrotopia_gender VALUES (5, 'Demiboy');
INSERT INTO public.necrotopia_gender VALUES (6, 'Demigirl');
INSERT INTO public.necrotopia_gender VALUES (7, 'Demigender');
INSERT INTO public.necrotopia_gender VALUES (8, 'Gender Apathetic');
INSERT INTO public.necrotopia_gender VALUES (9, 'Gender Fluid');
INSERT INTO public.necrotopia_gender VALUES (10, 'Gender Neutral');
INSERT INTO public.necrotopia_gender VALUES (11, 'Gender Noncomforming');
INSERT INTO public.necrotopia_gender VALUES (12, 'Gender Questioning');
INSERT INTO public.necrotopia_gender VALUES (13, 'Gender Variant');
INSERT INTO public.necrotopia_gender VALUES (14, 'Genderqueer');
INSERT INTO public.necrotopia_gender VALUES (15, 'Intergender');
INSERT INTO public.necrotopia_gender VALUES (16, 'Hermaphrodite');
INSERT INTO public.necrotopia_gender VALUES (17, 'Maverique');
INSERT INTO public.necrotopia_gender VALUES (18, 'Non-Binary');
INSERT INTO public.necrotopia_gender VALUES (19, 'Pangender');
INSERT INTO public.necrotopia_gender VALUES (20, 'Trans*');
INSERT INTO public.necrotopia_gender VALUES (21, 'Transmasculine');
INSERT INTO public.necrotopia_gender VALUES (22, 'Transfeminine');
INSERT INTO public.necrotopia_gender VALUES (23, 'Trans Man');
INSERT INTO public.necrotopia_gender VALUES (24, 'Trans Woman');


--
-- TOC entry 4872 (class 0 OID 22032)
-- Dependencies: 290
-- Data for Name: necrotopia_institutionpicture; Type: TABLE DATA; Schema: public; Owner: doadmin
--

INSERT INTO public.necrotopia_institutionpicture VALUES (1, 'institutions_images/the_beholders_nIVWoOx.webp', 5);


--
-- TOC entry 4823 (class 0 OID 21347)
-- Dependencies: 241
-- Data for Name: necrotopia_itempdf; Type: TABLE DATA; Schema: public; Owner: doadmin
--

INSERT INTO public.necrotopia_itempdf VALUES (1, 'pdf/Angry_Anchor_Mess_Kit_modded.pdf', 1);
INSERT INTO public.necrotopia_itempdf VALUES (5, 'pdf/angry_anchor_storage.pdf', 4);
INSERT INTO public.necrotopia_itempdf VALUES (6, 'pdf/fake_safe_harbor_0otwsKD.pdf', 2);
INSERT INTO public.necrotopia_itempdf VALUES (7, 'pdf/fake_slicker_healing_xYajTUp.pdf', 3);


--
-- TOC entry 4825 (class 0 OID 21351)
-- Dependencies: 243
-- Data for Name: necrotopia_itempicture; Type: TABLE DATA; Schema: public; Owner: doadmin
--

INSERT INTO public.necrotopia_itempicture VALUES (1, 'static_images/angry_anchor_mess_kit.jpg', 1);
INSERT INTO public.necrotopia_itempicture VALUES (2, 'static_images/safe_harbor_recovery_brew.jpg', 2);
INSERT INTO public.necrotopia_itempicture VALUES (3, 'static_images/slicker_healing_brew.jpg', 3);
INSERT INTO public.necrotopia_itempicture VALUES (4, 'static_images/angry_anchor_storage.jpg', 4);
INSERT INTO public.necrotopia_itempicture VALUES (5, 'static_images/dungeon.jpg', 5);
INSERT INTO public.necrotopia_itempicture VALUES (6, 'static_images/grinding_mill.jpg', 6);
INSERT INTO public.necrotopia_itempicture VALUES (7, 'static_images/mechanical_gear_systems_Bxqn3TN.jpg', 7);
INSERT INTO public.necrotopia_itempicture VALUES (9, 'static_images/monolith_of_terror.jpg', 9);
INSERT INTO public.necrotopia_itempicture VALUES (10, 'static_images/bigol_chain_gun_KudJqj3.jpg', 13);
INSERT INTO public.necrotopia_itempicture VALUES (11, 'static_images/bigol_sledge.jpg', 14);
INSERT INTO public.necrotopia_itempicture VALUES (12, 'static_images/mechanical_engines_TV9XSJn.jpg', 12);


--
-- TOC entry 4827 (class 0 OID 21355)
-- Dependencies: 245
-- Data for Name: necrotopia_loottable; Type: TABLE DATA; Schema: public; Owner: doadmin
--



--
-- TOC entry 4829 (class 0 OID 21359)
-- Dependencies: 247
-- Data for Name: necrotopia_loottableitem; Type: TABLE DATA; Schema: public; Owner: doadmin
--



--
-- TOC entry 4831 (class 0 OID 21364)
-- Dependencies: 249
-- Data for Name: necrotopia_moduleassembly; Type: TABLE DATA; Schema: public; Owner: doadmin
--

INSERT INTO public.necrotopia_moduleassembly VALUES (7, 'Mechanical Gear System', 3, 5, 3, 'n/a', 'Basic Education, 2x Basic Herb, 5 Mind, 20 Minutes', 'A component used in crafting projects', '2023-07-20 04:02:04+00', '2023-07-20 16:15:13.727565+00', 'Artisan', 'Mechanical Crafting Zone', 'n/a', false, 'A gear system used in a variety of crafting projects', NULL, false, false, NULL, 1);
INSERT INTO public.necrotopia_moduleassembly VALUES (9, 'Monolith Of Terror', 3, 5, 10, 'Shepherd of the Land - spend 1 Resolve. For the next hour, as long as the Shepherd of the Land remains in the agricultural zone, all interruptions to agriculture roleplaying pause the timer instead of cancelling the skill use, so long as the farmer also does not leave the zone', 'Basic Education, 2x Basic Scrap, 5 Mind, 20 Minutes', 'Cannot be moved once game begins. Cannot be moved between game branches. Guide must approve decorations and space. Must be placed in an agricultural zone.', '2023-07-20 04:18:24+00', '2023-07-20 16:15:44.559759+00', 'Artisan', 'Mechanical Crafting Zone', 'Agricultural', false, 'A truly horrifying rusted, metal structure of an apex predator, psionic crystals are set within it that resonate with the structure', NULL, false, false, NULL, 1);
INSERT INTO public.necrotopia_moduleassembly VALUES (11, 'Necroinfluencer', 1, 0, 3, 'n/a', 'Basic Education, 2x Basic Scrap, 5 Mind, 20 Minutes', 'A component used in grave scenes/procedures.', '2023-07-20 04:26:16+00', '2023-07-20 16:19:48.786605+00', 'Culinary', 'Culinary Crafting Zone', 'n/a', false, 'A liquid that ranges from blue to red to black that is used in grave procedures.', NULL, false, false, NULL, 1);
INSERT INTO public.necrotopia_moduleassembly VALUES (13, 'Bigol Chain Gun', 3, 5, 16, 'Gearhead: Spend 20 mind to call "Belt Fed 1 Minute." and skip all firearm reload pauses for this weapon for 1 minute. Cannot move at more than a slow walk while active.', 'Basic Education, 2x Basic Scrap, 5 Mind, 20 Minutes', 'Engages as per 2 handed firearm. May only use Exotic Weapon modifiers and skills with this weapon.', '2023-07-20 15:48:39+00', '2023-07-20 16:13:02.021585+00', 'Artisan', 'Mechanical Crafting Zone', 'Exotic Weapon', false, 'A fast-firing gun that deals in spraying bullets. Messy but effective way to deal with enemies', NULL, false, false, NULL, 1);
INSERT INTO public.necrotopia_moduleassembly VALUES (1, 'Angry Anchor Mess Kit', 9, 4, 3, 'n/a', 'Basic Education, 2x Basic Herb, 5x Mind, 20x Minutes', 'When created must be tagged with a character''s name and can only be used by that character. Must be phys repped appropriately.', '2023-06-08 17:09:06+00', '2023-07-19 02:06:27.721316+00', 'Artisan', 'Mechanical Crafting Zone', 'n/a', false, 'A plate, set of utensils, or other ''mess kit'' like items that the user has grown comfortable using for every meal.', NULL, true, false, NULL, 1);
INSERT INTO public.necrotopia_moduleassembly VALUES (6, 'Grinding Mill', 3, 5, 10, 'n/a', 'Basic Education, 2x Basic Herb, 5 Mind, 20 Minutes', 'Cannot be moved once game begins. Cannot be moved between game branches. Guide must approve decorations and space. Must be placed in a farming zone.', '2023-07-20 03:57:37+00', '2023-07-20 04:31:12.305598+00', 'Artisan', 'Mechanical Crafting Zone', 'n/a', false, 'A large, milling structure used to take herbs, oats and other farmed materials to make the resources more useful for cooking', NULL, false, false, NULL, 1);
INSERT INTO public.necrotopia_moduleassembly VALUES (14, 'Bigol Sledge', 3, 5, 2, 'Apocatastian Templar - spend 1 Resolve to call "Area of Effect: 20 body, Stun, Self immune''. User gains a fracture', 'Basic Education, 2x Basic Scrap, 5 Mind, 20 Minutes', 'Must meet melee two-handed requirements for physrep', '2023-07-20 16:01:03+00', '2023-07-20 16:13:41.545593+00', 'Artisan', 'Mechanical Crafting Zone', 'Melee Two-Handed', false, 'A big ole sledge for big deeds and for bashing in big heads', NULL, false, false, NULL, 1);
INSERT INTO public.necrotopia_moduleassembly VALUES (5, 'Dungeon', 3, 5, 10, 'Inquisitor - Spend 20 mind after saying something threatening to state "Area of Effect: 10 Body, Fear 5 Minutes, Self Immune"', 'Basic Education, 2x Basic Herb, 5 Mind, 20 Minutes', 'Cannot be moved once game begins. Cannot be moved between game branches. Guide must improve decorations and space.', '2023-07-20 03:49:43+00', '2023-07-20 16:14:01.465017+00', 'Artisan', 'Mechanical Crafting Zone', 'Malicious', false, 'A room meant for questioning and detaining prisoners fitted with chains and other items of incarceration', NULL, false, false, NULL, 1);
INSERT INTO public.necrotopia_moduleassembly VALUES (12, 'Mechanical Engine', 3, 5, 3, 'n/a', 'Basic Education, 2x Basic Scrap, 5 Mind, 20 Minutes', 'A component used in crafting projects', '2023-07-20 15:53:55+00', '2023-07-20 16:11:09.632863+00', 'Artisan', 'Mechanical Crafting Zone', 'n/a', false, 'a small motor used in a variety of crafting projects', NULL, false, false, NULL, 1);
INSERT INTO public.necrotopia_moduleassembly VALUES (10, 'Adhesive', 1, 0, 3, 'n/a', 'Basic Education, 2x Basic Scrap, 5 Mind, 20 Minutes', 'A component used in crafting projects', '2023-07-20 04:24:38+00', '2023-07-20 16:11:55.917856+00', 'Culinary', 'Culinary Crafting Zone', 'n/a', false, 'A sticky brew used in crafting projects.', NULL, false, false, NULL, 1);
INSERT INTO public.necrotopia_moduleassembly VALUES (4, 'Angry Anchor Storage', 1, 5, 3, 'Fiscal Mysticist: Spend 20 mind and 1 minute setting up a trap on the box. Place a card on the box that says ''Master Trap''. If the unlock skill is used on the boxs, Take 50 body damage. The character that set the trap can open the box safely.', 'Basic Education. 2x Basic Herb, 5 mind, 20 Minutes', 'A container used for storing items. Box physrep required.', '2023-07-15 21:47:07+00', '2023-07-20 16:12:38.138014+00', 'Artisan', 'Mechanical Crafting Zone', 'n/a', false, 'A solid box that can be used to store items in a public area. Comes with an impressive looking lock', NULL, false, false, NULL, 1);
INSERT INTO public.necrotopia_moduleassembly VALUES (3, 'Slicker Healing Brew', 6, 4, 5, 'n/a', 'Basic Education, 2x Basic Herb, 5 mind, 20 minutes', '12 oz bottle. A brew that townies can drink to regain body', '2023-07-15 00:06:51+00', '2023-07-20 16:20:35.186628+00', 'Culinary', 'Culinary Crafting Zone', 'n/a', false, 'A tart and murky red liquid that tastes like fresh plants and alcohol', NULL, false, false, NULL, 1);
INSERT INTO public.necrotopia_moduleassembly VALUES (2, 'Safe Harbor Recovery Brew', 6, 4, 5, 'n/a', 'Basic Education, 2x Basic Herb, 5 mind, 20 mins', '12oz bottle. A brew that townies can drink to regain mind', '2023-07-15 00:00:39+00', '2023-07-20 16:30:25.358458+00', 'Culinary', 'Culinary Crafting Zone', 'n/a', false, 'A clear red liquid that tastes tart and faintly floral', NULL, false, false, NULL, 1);


--
-- TOC entry 4833 (class 0 OID 21370)
-- Dependencies: 251
-- Data for Name: necrotopia_modulegrade; Type: TABLE DATA; Schema: public; Owner: doadmin
--

INSERT INTO public.necrotopia_modulegrade VALUES (1, 1, '<Name''s> Mess Kit', 5, 20, 'When eatin ga meal, this gizmo increases either the amount of body or mind restored by the mean by 5. If the meal restores both, the user decides which to increase. But they cannot increase something the meal does not already restore.', 1, NULL, NULL);
INSERT INTO public.necrotopia_modulegrade VALUES (2, 1, 'Safe Harbor Serum', 5, 20, 'spend 1 minute drinking, Townies regain 20 mind. 1 serving', 2, NULL, NULL);
INSERT INTO public.necrotopia_modulegrade VALUES (3, 2, 'Safe Harbor Exlir', 10, 20, 'Spend 1 minute drinking. Townies regain 40 mind.  Replaces the benefits of basic crafting.', 2, NULL, NULL);
INSERT INTO public.necrotopia_modulegrade VALUES (4, 3, 'Safe Harbor Tincture', 15, 20, 'Spend 1 minute drinking. Townies regain 80 mind. Replaces the benefits of basic and proficient crafting.', 2, NULL, NULL);
INSERT INTO public.necrotopia_modulegrade VALUES (5, 1, 'Slicker Healing Serum', 5, 20, 'Spend 1 minute drinking. Townies regain 10 body', 3, NULL, NULL);
INSERT INTO public.necrotopia_modulegrade VALUES (6, 2, 'Slicker Healing Elixir', 10, 20, 'Spend 1 minute drinking. Townies regain 40 body. Replaces the benefits of basic crafting', 3, NULL, NULL);
INSERT INTO public.necrotopia_modulegrade VALUES (7, 3, 'Slicker Healing Tincture', 15, 20, 'Spend 1 minute drinking. Townies regain 80 body. Replaces the benefits of basic and proficient crafting.', 3, NULL, NULL);
INSERT INTO public.necrotopia_modulegrade VALUES (8, 1, 'Simple Storage Box', 5, 20, 'Counts as having a basic lock. List up to 3 characters and player numbers on a card who can open it.', 4, NULL, NULL);
INSERT INTO public.necrotopia_modulegrade VALUES (9, 2, 'Well-Crafted Storage Box', 10, 20, 'Counts as having a proficient lock. List up to 3 characters and player numbers who can open it. Replaces benefits of basic crafting.', 4, NULL, NULL);
INSERT INTO public.necrotopia_modulegrade VALUES (10, 3, 'Superior Storage Box', 15, 20, 'Counts as having a master lock. List 3 characters and player numbers on a card who can open it. Replaces the benefits of proficient crafting.', 4, NULL, NULL);
INSERT INTO public.necrotopia_modulegrade VALUES (11, 1, 'Patchwork Dungeon', 5, 20, 'May ask 2 questions instead of 1 when using Basic Malicious skill in this room.', 5, NULL, NULL);
INSERT INTO public.necrotopia_modulegrade VALUES (12, 2, 'Hardened Dungeon', 10, 20, 'When tying someone up in the dungeon with Basic Malicious the binds count as having Gizmo: Basic Lock on them with the only ''key'' being possessed by the user.', 5, NULL, NULL);
INSERT INTO public.necrotopia_modulegrade VALUES (13, 3, 'Superior Dungeon', 15, 20, 'Spend 10 mind and use active role-play to act in a threatening manner for 1 minute before asking a question. State "Area of Effect: Interrogate"', 5, NULL, NULL);
INSERT INTO public.necrotopia_modulegrade VALUES (14, 1, 'Grinding Mill', 5, 20, 'Spend 1 Resolve and 20 Minutes of active role-play and full engagement to convert 1 infectious material into 1 fungal flour', 6, NULL, NULL);
INSERT INTO public.necrotopia_modulegrade VALUES (15, 1, 'Spur Gear System', 5, 20, 'Used in minor crafting projects', 7, NULL, NULL);
INSERT INTO public.necrotopia_modulegrade VALUES (16, 2, 'Spiral Bebel Gear Set', 10, 20, 'Used in intermediate crafting projects. Replaces the benefits of basic crafting', 7, NULL, NULL);
INSERT INTO public.necrotopia_modulegrade VALUES (17, 3, 'Herringbone Gear Ratio', 15, 20, 'Used in complex crafting projects. Replaces the benefits of basic and proficient crafting.', 7, NULL, NULL);
INSERT INTO public.necrotopia_modulegrade VALUES (19, 1, 'Patchwork Monolith', 5, 20, 'Spend 10 mind while touching the monolith of horror to call "Area of Effect: Terror, All Critters Flee for 30 Seconds"', 9, NULL, NULL);
INSERT INTO public.necrotopia_modulegrade VALUES (20, 2, 'Hardened Monolith', 10, 20, 'Spend 10 mind while touching the monolith of horror to call "Area of Effect: Terror, All Undead Flee for 30 Seconds."', 9, NULL, NULL);
INSERT INTO public.necrotopia_modulegrade VALUES (21, 3, 'Forged Monolith', 15, 20, 'Spend 20 Mind while touching the monolith of horror to call "By My Voice Attract (Threat) 1 Minute" where the Treat can be defined as Critters, Undead, or Raiders.', 9, NULL, NULL);
INSERT INTO public.necrotopia_modulegrade VALUES (22, 1, 'Makeshift Chain Gun', 5, 20, '5 damage', 13, NULL, NULL);
INSERT INTO public.necrotopia_modulegrade VALUES (23, 2, 'Sturdy chain Gun', 10, 20, 'Spend 5 mind to call "Belt Fed One" and skip a single firearm combat reload pause for this weapon', 13, NULL, NULL);
INSERT INTO public.necrotopia_modulegrade VALUES (24, 3, 'Reinforced Chain Gun', 15, 20, 'Spend 10 mind and point at up to 5 targets within 10 feet of the initial target of a successful ranged attack and call ''5 damage''. A target may be selected multiple times, activating this ability counts as a reload. May only be activated once per minute', 13, NULL, NULL);
INSERT INTO public.necrotopia_modulegrade VALUES (25, 1, 'Makeshift Sledge', 5, 20, '2 damage', 14, NULL, NULL);
INSERT INTO public.necrotopia_modulegrade VALUES (26, 2, 'Sturdy Sledge', 10, 20, 'Spend 5 Mind to do 5 Damage on next attempted strike', 14, NULL, NULL);
INSERT INTO public.necrotopia_modulegrade VALUES (27, 3, 'Reinforced Sledge', 15, 20, 'spend 10 mind to do 15 damage on next attempted strike', 14, NULL, NULL);
INSERT INTO public.necrotopia_modulegrade VALUES (28, 1, 'Basic Adhesive', 5, 20, 'Used in minor crafting projects.', 10, NULL, NULL);
INSERT INTO public.necrotopia_modulegrade VALUES (29, 2, 'Proficient Adhesive', 10, 20, 'Used in intermediate crafting projects. Replaces benefits of Basic crafting.', 10, NULL, NULL);
INSERT INTO public.necrotopia_modulegrade VALUES (30, 3, 'Master Adhesive', 15, 20, 'Used in complex crafting projects. Replaces benefits of Basic and Proficient crafting', 10, NULL, NULL);
INSERT INTO public.necrotopia_modulegrade VALUES (31, 1, 'Two Cylinder Engine', 5, 20, 'Used in minor crafting projects.', 12, NULL, NULL);
INSERT INTO public.necrotopia_modulegrade VALUES (32, 2, 'Straight Six Engine', 10, 20, 'Used in intermediate crafting projects. Replaces benefits of Basic crafting.', 12, NULL, NULL);
INSERT INTO public.necrotopia_modulegrade VALUES (33, 3, 'V8 Engine', 15, 20, 'Used in complex crafting projects. Replaces benefits of Basic and Proficient crafting', 12, NULL, NULL);
INSERT INTO public.necrotopia_modulegrade VALUES (34, 1, 'Basic Necroinfluencer', 5, 20, 'used in minor grave scenes/procedures', 11, NULL, NULL);
INSERT INTO public.necrotopia_modulegrade VALUES (35, 2, 'Proficient Necroinfluencer', 10, 20, 'used in intermedia grave scenes/procedures. Replaces the benefits of basic crafting', 11, NULL, NULL);
INSERT INTO public.necrotopia_modulegrade VALUES (36, 3, 'Master Necroinfluencer', 15, 20, 'Used in complex grave scenes/procedures. Replaces the benefits of basic and proficient crafting', 11, NULL, NULL);


--
-- TOC entry 4835 (class 0 OID 21376)
-- Dependencies: 253
-- Data for Name: necrotopia_modulegraderesource; Type: TABLE DATA; Schema: public; Owner: doadmin
--

INSERT INTO public.necrotopia_modulegraderesource VALUES (1, 10, 1, 4);
INSERT INTO public.necrotopia_modulegraderesource VALUES (2, 3, 2, 23);
INSERT INTO public.necrotopia_modulegraderesource VALUES (3, 3, 3, 24);
INSERT INTO public.necrotopia_modulegraderesource VALUES (4, 1, 4, 23);
INSERT INTO public.necrotopia_modulegraderesource VALUES (5, 1, 4, 24);
INSERT INTO public.necrotopia_modulegraderesource VALUES (6, 3, 4, 25);
INSERT INTO public.necrotopia_modulegraderesource VALUES (7, 2, 5, 23);
INSERT INTO public.necrotopia_modulegraderesource VALUES (8, 2, 6, 24);
INSERT INTO public.necrotopia_modulegraderesource VALUES (9, 1, 7, 23);
INSERT INTO public.necrotopia_modulegraderesource VALUES (10, 1, 7, 24);
INSERT INTO public.necrotopia_modulegraderesource VALUES (11, 2, 7, 25);
INSERT INTO public.necrotopia_modulegraderesource VALUES (12, 5, 8, 4);
INSERT INTO public.necrotopia_modulegraderesource VALUES (13, 1, 8, 15);
INSERT INTO public.necrotopia_modulegraderesource VALUES (14, 5, 9, 5);
INSERT INTO public.necrotopia_modulegraderesource VALUES (15, 1, 9, 20);
INSERT INTO public.necrotopia_modulegraderesource VALUES (16, 5, 10, 6);
INSERT INTO public.necrotopia_modulegraderesource VALUES (17, 1, 10, 7);
INSERT INTO public.necrotopia_modulegraderesource VALUES (18, 10, 11, 4);
INSERT INTO public.necrotopia_modulegraderesource VALUES (19, 3, 11, 13);
INSERT INTO public.necrotopia_modulegraderesource VALUES (20, 10, 12, 5);
INSERT INTO public.necrotopia_modulegraderesource VALUES (21, 3, 12, 15);
INSERT INTO public.necrotopia_modulegraderesource VALUES (22, 10, 13, 6);
INSERT INTO public.necrotopia_modulegraderesource VALUES (23, 3, 13, 18);
INSERT INTO public.necrotopia_modulegraderesource VALUES (24, 3, 15, 18);
INSERT INTO public.necrotopia_modulegraderesource VALUES (25, 1, 15, 7);
INSERT INTO public.necrotopia_modulegraderesource VALUES (26, 1, 15, 9);
INSERT INTO public.necrotopia_modulegraderesource VALUES (27, 2, 16, 18);
INSERT INTO public.necrotopia_modulegraderesource VALUES (28, 1, 16, 7);
INSERT INTO public.necrotopia_modulegraderesource VALUES (29, 1, 16, 9);
INSERT INTO public.necrotopia_modulegraderesource VALUES (30, 2, 17, 18);
INSERT INTO public.necrotopia_modulegraderesource VALUES (31, 1, 17, 7);
INSERT INTO public.necrotopia_modulegraderesource VALUES (32, 1, 17, 9);
INSERT INTO public.necrotopia_modulegraderesource VALUES (35, 10, 19, 4);
INSERT INTO public.necrotopia_modulegraderesource VALUES (36, 1, 19, 17);
INSERT INTO public.necrotopia_modulegraderesource VALUES (37, 10, 20, 5);
INSERT INTO public.necrotopia_modulegraderesource VALUES (38, 1, 20, 15);
INSERT INTO public.necrotopia_modulegraderesource VALUES (39, 10, 21, 6);
INSERT INTO public.necrotopia_modulegraderesource VALUES (40, 10, 14, 4);
INSERT INTO public.necrotopia_modulegraderesource VALUES (41, 1, 14, 12);
INSERT INTO public.necrotopia_modulegraderesource VALUES (42, 7, 22, 4);
INSERT INTO public.necrotopia_modulegraderesource VALUES (43, 4, 23, 5);
INSERT INTO public.necrotopia_modulegraderesource VALUES (44, 2, 23, 9);
INSERT INTO public.necrotopia_modulegraderesource VALUES (45, 4, 24, 6);
INSERT INTO public.necrotopia_modulegraderesource VALUES (46, 2, 24, 18);
INSERT INTO public.necrotopia_modulegraderesource VALUES (47, 7, 25, 4);
INSERT INTO public.necrotopia_modulegraderesource VALUES (48, 2, 25, 15);
INSERT INTO public.necrotopia_modulegraderesource VALUES (49, 7, 26, 5);
INSERT INTO public.necrotopia_modulegraderesource VALUES (50, 2, 26, 21);
INSERT INTO public.necrotopia_modulegraderesource VALUES (51, 7, 27, 6);
INSERT INTO public.necrotopia_modulegraderesource VALUES (52, 2, 27, 20);
INSERT INTO public.necrotopia_modulegraderesource VALUES (53, 2, 28, 1);
INSERT INTO public.necrotopia_modulegraderesource VALUES (54, 2, 29, 2);
INSERT INTO public.necrotopia_modulegraderesource VALUES (55, 3, 30, 3);
INSERT INTO public.necrotopia_modulegraderesource VALUES (56, 3, 31, 9);
INSERT INTO public.necrotopia_modulegraderesource VALUES (57, 1, 31, 18);
INSERT INTO public.necrotopia_modulegraderesource VALUES (58, 1, 31, 21);
INSERT INTO public.necrotopia_modulegraderesource VALUES (59, 2, 32, 9);
INSERT INTO public.necrotopia_modulegraderesource VALUES (60, 1, 32, 18);
INSERT INTO public.necrotopia_modulegraderesource VALUES (61, 1, 32, 21);
INSERT INTO public.necrotopia_modulegraderesource VALUES (62, 2, 33, 9);
INSERT INTO public.necrotopia_modulegraderesource VALUES (63, 1, 33, 18);
INSERT INTO public.necrotopia_modulegraderesource VALUES (64, 1, 33, 21);
INSERT INTO public.necrotopia_modulegraderesource VALUES (65, 2, 34, 68);
INSERT INTO public.necrotopia_modulegraderesource VALUES (66, 2, 35, 61);
INSERT INTO public.necrotopia_modulegraderesource VALUES (67, 2, 36, 17);


--
-- TOC entry 4837 (class 0 OID 21380)
-- Dependencies: 255
-- Data for Name: necrotopia_modulegradesubassembly; Type: TABLE DATA; Schema: public; Owner: doadmin
--

INSERT INTO public.necrotopia_modulegradesubassembly VALUES (2, 1, 1, 10, 19);
INSERT INTO public.necrotopia_modulegradesubassembly VALUES (3, 1, 2, 10, 20);
INSERT INTO public.necrotopia_modulegradesubassembly VALUES (4, 1, 3, 11, 21);
INSERT INTO public.necrotopia_modulegradesubassembly VALUES (5, 1, 3, 10, 21);
INSERT INTO public.necrotopia_modulegradesubassembly VALUES (6, 1, 1, 7, 14);
INSERT INTO public.necrotopia_modulegradesubassembly VALUES (7, 1, 1, 12, 22);
INSERT INTO public.necrotopia_modulegradesubassembly VALUES (8, 1, 1, 12, 32);
INSERT INTO public.necrotopia_modulegradesubassembly VALUES (9, 1, 2, 12, 33);
INSERT INTO public.necrotopia_modulegradesubassembly VALUES (11, 1, 1, 10, 29);
INSERT INTO public.necrotopia_modulegradesubassembly VALUES (12, 1, 2, 10, 30);
INSERT INTO public.necrotopia_modulegradesubassembly VALUES (13, 1, 1, 4, 9);
INSERT INTO public.necrotopia_modulegradesubassembly VALUES (14, 1, 2, 4, 10);
INSERT INTO public.necrotopia_modulegradesubassembly VALUES (15, 1, 1, 13, 23);
INSERT INTO public.necrotopia_modulegradesubassembly VALUES (16, 1, 2, 13, 24);
INSERT INTO public.necrotopia_modulegradesubassembly VALUES (17, 1, 1, 14, 26);
INSERT INTO public.necrotopia_modulegradesubassembly VALUES (18, 1, 2, 14, 27);
INSERT INTO public.necrotopia_modulegradesubassembly VALUES (19, 1, 1, 5, 12);
INSERT INTO public.necrotopia_modulegradesubassembly VALUES (20, 1, 2, 5, 13);
INSERT INTO public.necrotopia_modulegradesubassembly VALUES (21, 1, 1, 7, 16);
INSERT INTO public.necrotopia_modulegradesubassembly VALUES (22, 1, 2, 7, 17);
INSERT INTO public.necrotopia_modulegradesubassembly VALUES (23, 1, 1, 9, 20);
INSERT INTO public.necrotopia_modulegradesubassembly VALUES (24, 1, 2, 9, 21);
INSERT INTO public.necrotopia_modulegradesubassembly VALUES (25, 1, 1, 11, 35);
INSERT INTO public.necrotopia_modulegradesubassembly VALUES (26, 1, 2, 11, 36);
INSERT INTO public.necrotopia_modulegradesubassembly VALUES (27, 1, 1, 2, 3);
INSERT INTO public.necrotopia_modulegradesubassembly VALUES (28, 1, 2, 2, 4);
INSERT INTO public.necrotopia_modulegradesubassembly VALUES (29, 1, 1, 3, 6);
INSERT INTO public.necrotopia_modulegradesubassembly VALUES (30, 1, 2, 3, 7);


--
-- TOC entry 4839 (class 0 OID 21384)
-- Dependencies: 257
-- Data for Name: necrotopia_ratedskillitem; Type: TABLE DATA; Schema: public; Owner: doadmin
--



--
-- TOC entry 4841 (class 0 OID 21388)
-- Dependencies: 259
-- Data for Name: necrotopia_resourceitem; Type: TABLE DATA; Schema: public; Owner: doadmin
--

INSERT INTO public.necrotopia_resourceitem VALUES (2, 'Uncommon Herb', 6, 4, '2023-04-18 02:34:56+00', NULL, 1);
INSERT INTO public.necrotopia_resourceitem VALUES (1, 'Basic Herb', 6, 4, '2023-04-18 02:33:17+00', NULL, 1);
INSERT INTO public.necrotopia_resourceitem VALUES (3, 'Rare Herb', 6, 4, '2023-04-18 02:35:23+00', NULL, 1);
INSERT INTO public.necrotopia_resourceitem VALUES (4, 'Basic Scrap', 0, 0, '2023-04-18 02:35:36+00', NULL, 1);
INSERT INTO public.necrotopia_resourceitem VALUES (6, 'Rare Scrap', 0, 0, '2023-04-18 02:36:06+00', NULL, 1);
INSERT INTO public.necrotopia_resourceitem VALUES (7, 'Alloy Metal', 0, 0, '2023-04-18 02:37:06+00', NULL, 1);
INSERT INTO public.necrotopia_resourceitem VALUES (8, 'Conductive Metal', 0, 0, '2023-04-18 02:39:35+00', NULL, 1);
INSERT INTO public.necrotopia_resourceitem VALUES (9, 'Hard Metal', 0, 0, '2023-04-18 02:40:45+00', NULL, 1);
INSERT INTO public.necrotopia_resourceitem VALUES (10, 'Radioactive Metal', 0, 0, '2023-04-18 02:41:10+00', NULL, 1);
INSERT INTO public.necrotopia_resourceitem VALUES (13, 'Craftable Stone', 0, 0, '2023-04-18 02:48:12+00', NULL, 1);
INSERT INTO public.necrotopia_resourceitem VALUES (14, 'Tree Nuts', 0, 0, '2023-04-18 02:48:50+00', NULL, 1);
INSERT INTO public.necrotopia_resourceitem VALUES (15, 'High Grade Lumber', 0, 0, '2023-04-18 02:49:21+00', NULL, 1);
INSERT INTO public.necrotopia_resourceitem VALUES (16, 'Natural Fibers', 0, 0, '2023-04-18 02:50:06+00', NULL, 1);
INSERT INTO public.necrotopia_resourceitem VALUES (18, 'Machined Components', 0, 0, '2023-04-18 02:51:16+00', NULL, 1);
INSERT INTO public.necrotopia_resourceitem VALUES (20, 'Plastics', 0, 0, '2023-04-18 02:52:17+00', NULL, 1);
INSERT INTO public.necrotopia_resourceitem VALUES (21, 'Mechanical Components', 0, 0, '2023-04-18 02:52:38+00', NULL, 1);
INSERT INTO public.necrotopia_resourceitem VALUES (22, 'Recovered Electronics', 0, 0, '2023-04-18 02:52:57+00', NULL, 1);
INSERT INTO public.necrotopia_resourceitem VALUES (5, 'Uncommon Scrap', 0, 0, '2023-04-18 02:35:50+00', NULL, 1);
INSERT INTO public.necrotopia_resourceitem VALUES (23, 'Bayberry', 6, 4, '2023-04-18 15:08:54+00', NULL, 1);
INSERT INTO public.necrotopia_resourceitem VALUES (24, 'Hibiscus', 6, 4, '2023-04-18 15:10:56+00', NULL, 1);
INSERT INTO public.necrotopia_resourceitem VALUES (25, 'Sage', 6, 4, '2023-04-18 15:12:43+00', NULL, 1);
INSERT INTO public.necrotopia_resourceitem VALUES (26, 'Thyme', 6, 4, '2023-04-18 15:13:21+00', NULL, 1);
INSERT INTO public.necrotopia_resourceitem VALUES (27, 'Chervil', 6, 4, '2023-04-18 15:17:25+00', NULL, 1);
INSERT INTO public.necrotopia_resourceitem VALUES (28, 'Milk Thistle', 6, 4, '2023-04-18 15:18:45+00', NULL, 1);
INSERT INTO public.necrotopia_resourceitem VALUES (29, 'Anise', 6, 4, '2023-04-18 15:19:52+00', NULL, 1);
INSERT INTO public.necrotopia_resourceitem VALUES (30, 'Fennel', 6, 4, '2023-04-18 15:20:30+00', NULL, 1);
INSERT INTO public.necrotopia_resourceitem VALUES (31, 'Calendula', 6, 4, '2023-04-18 15:20:55+00', NULL, 1);
INSERT INTO public.necrotopia_resourceitem VALUES (32, 'Epazote', 6, 4, '2023-04-18 15:21:17+00', NULL, 1);
INSERT INTO public.necrotopia_resourceitem VALUES (33, 'Basil', 6, 4, '2023-04-18 15:21:35+00', NULL, 1);
INSERT INTO public.necrotopia_resourceitem VALUES (34, 'Dill', 6, 4, '2023-04-18 15:22:04+00', NULL, 1);
INSERT INTO public.necrotopia_resourceitem VALUES (35, 'Burnet', 6, 4, '2023-04-18 15:22:19+00', NULL, 1);
INSERT INTO public.necrotopia_resourceitem VALUES (36, 'Prarie Wildrye', 6, 4, '2023-04-18 15:22:40+00', NULL, 1);
INSERT INTO public.necrotopia_resourceitem VALUES (37, 'Bay Leaf', 6, 4, '2023-04-18 15:23:02+00', NULL, 1);
INSERT INTO public.necrotopia_resourceitem VALUES (38, 'Horehound', 6, 4, '2023-04-18 15:23:26+00', NULL, 1);
INSERT INTO public.necrotopia_resourceitem VALUES (39, 'Aralia', 6, 4, '2023-04-18 15:23:45+00', NULL, 1);
INSERT INTO public.necrotopia_resourceitem VALUES (40, 'Peppermint', 6, 4, '2023-04-18 15:24:04+00', NULL, 1);
INSERT INTO public.necrotopia_resourceitem VALUES (41, 'Foxglove', 6, 4, '2023-04-18 15:24:37+00', NULL, 1);
INSERT INTO public.necrotopia_resourceitem VALUES (42, 'Wasteland Yew', 6, 4, '2023-04-18 15:25:14+00', NULL, 1);
INSERT INTO public.necrotopia_resourceitem VALUES (43, 'Viral Hermlock', 6, 4, '2023-04-18 15:25:28+00', NULL, 1);
INSERT INTO public.necrotopia_resourceitem VALUES (44, 'Khella', 6, 4, '2023-04-18 15:25:52+00', NULL, 1);
INSERT INTO public.necrotopia_resourceitem VALUES (45, 'Ragweed', 6, 4, '2023-04-18 15:26:10+00', NULL, 1);
INSERT INTO public.necrotopia_resourceitem VALUES (46, 'Salvia', 6, 4, '2023-04-18 15:26:36+00', NULL, 1);
INSERT INTO public.necrotopia_resourceitem VALUES (47, 'Geraniums', 6, 4, '2023-04-18 15:26:47+00', NULL, 1);
INSERT INTO public.necrotopia_resourceitem VALUES (49, 'Rosemary', 6, 4, '2023-04-18 15:27:21+00', NULL, 1);
INSERT INTO public.necrotopia_resourceitem VALUES (50, 'Witch Hazel', 6, 4, '2023-04-18 15:27:36+00', NULL, 1);
INSERT INTO public.necrotopia_resourceitem VALUES (51, 'Marjoram', 6, 4, '2023-04-18 15:27:47+00', NULL, 1);
INSERT INTO public.necrotopia_resourceitem VALUES (52, 'Parsley', 6, 4, '2023-04-18 15:28:03+00', NULL, 1);
INSERT INTO public.necrotopia_resourceitem VALUES (53, 'Cicely', 6, 4, '2023-04-18 15:28:14+00', NULL, 1);
INSERT INTO public.necrotopia_resourceitem VALUES (54, 'Lemongrass', 6, 4, '2023-04-18 15:28:32+00', NULL, 1);
INSERT INTO public.necrotopia_resourceitem VALUES (55, 'Tumeric', 6, 4, '2023-04-18 15:28:42+00', NULL, 1);
INSERT INTO public.necrotopia_resourceitem VALUES (56, 'Valerian', 6, 4, '2023-04-18 15:28:58+00', NULL, 1);
INSERT INTO public.necrotopia_resourceitem VALUES (57, 'Caraway', 6, 4, '2023-04-18 15:29:16+00', NULL, 1);
INSERT INTO public.necrotopia_resourceitem VALUES (58, 'Lemon Balm', 6, 4, '2023-04-18 15:29:43+00', NULL, 1);
INSERT INTO public.necrotopia_resourceitem VALUES (59, 'Quinine', 6, 0, '2023-04-18 15:30:00+00', NULL, 1);
INSERT INTO public.necrotopia_resourceitem VALUES (60, 'Cannabis', 6, 4, '2023-04-18 15:30:23+00', NULL, 1);
INSERT INTO public.necrotopia_resourceitem VALUES (61, 'Ayahuasca', 6, 4, '2023-04-18 15:30:33+00', NULL, 1);
INSERT INTO public.necrotopia_resourceitem VALUES (62, 'Jimsonweed', 6, 4, '2023-04-18 15:30:46+00', NULL, 1);
INSERT INTO public.necrotopia_resourceitem VALUES (63, 'Eggs', 3, 4, '2023-04-18 15:31:02+00', NULL, 1);
INSERT INTO public.necrotopia_resourceitem VALUES (64, 'Fruits', 3, 4, '2023-04-18 15:33:19+00', NULL, 1);
INSERT INTO public.necrotopia_resourceitem VALUES (66, 'Milk', 3, 4, '2023-04-18 15:33:57+00', NULL, 1);
INSERT INTO public.necrotopia_resourceitem VALUES (67, 'Vetegables', 3, 4, '2023-04-18 15:34:32+00', NULL, 1);
INSERT INTO public.necrotopia_resourceitem VALUES (68, 'Infection Material', 3, 4, '2023-04-18 15:34:55+00', NULL, 1);
INSERT INTO public.necrotopia_resourceitem VALUES (69, 'Shellfish', 3, 4, '2023-04-18 15:35:31+00', NULL, 1);
INSERT INTO public.necrotopia_resourceitem VALUES (70, 'Fish', 3, 4, '2023-04-18 15:36:29+00', NULL, 1);
INSERT INTO public.necrotopia_resourceitem VALUES (65, 'Meat', 3, 4, '2023-04-18 15:33:35+00', NULL, 1);
INSERT INTO public.necrotopia_resourceitem VALUES (71, 'Hooch (any)', 6, 4, '2023-04-18 15:47:55+00', NULL, 1);
INSERT INTO public.necrotopia_resourceitem VALUES (72, 'Imprint Crystal', 0, 0, '2023-05-03 22:01:35+00', NULL, 1);
INSERT INTO public.necrotopia_resourceitem VALUES (73, 'Appropriate Named Scrap', 0, 0, '2023-05-04 01:55:59+00', NULL, 1);
INSERT INTO public.necrotopia_resourceitem VALUES (74, 'Mortis Fern', 6, 4, '2023-05-04 13:10:05+00', NULL, 1);
INSERT INTO public.necrotopia_resourceitem VALUES (12, 'Combustible Material', 0, 0, '2023-04-18 02:43:30+00', NULL, 1);
INSERT INTO public.necrotopia_resourceitem VALUES (11, 'Soft Metal', 0, 0, '2023-04-18 02:41:35+00', NULL, 1);
INSERT INTO public.necrotopia_resourceitem VALUES (17, 'Psionic Crystals', 0, 0, '2023-04-18 02:50:29+00', NULL, 1);
INSERT INTO public.necrotopia_resourceitem VALUES (19, 'Synthetic Fibers', 0, 0, '2023-04-18 02:51:50+00', NULL, 1);
INSERT INTO public.necrotopia_resourceitem VALUES (48, 'Wormwood', 6, 4, '2023-04-18 15:27:10+00', NULL, 1);


--
-- TOC entry 4843 (class 0 OID 21392)
-- Dependencies: 261
-- Data for Name: necrotopia_rule; Type: TABLE DATA; Schema: public; Owner: doadmin
--

INSERT INTO public.necrotopia_rule VALUES (1, 'Active Participation', 'DRE p. 102', 'A situation requiring all participants to engage in the subject matter', 'Any skill that requires Active Participation by all involved requires all participants to engage the subject matter, Active Role-Play, and be an active member of the scene. Active Participation may be defined as social engagement, physical engagement, or many other forms of activity. You cannot be considered to be engaging in Active Participation if you are immobilized, Unconscious, or unable to be actively involved in a scene.', '2023-06-08 16:34:26+00', 1, NULL);
INSERT INTO public.necrotopia_rule VALUES (2, 'Active Role-Play', 'DRE p. 102', 'A scenario wherein characters must clearly portray what they are engaged in.', 'This ability requires role-playing, which must clearly portray that you are engaged in a given activity. This sort of role-play may require props, materials, and other forms of theatrical set dressing so that other participants can recognize what you are doing at a glance.', '2023-06-08 16:36:55+00', 1, NULL);


--
-- TOC entry 4845 (class 0 OID 21398)
-- Dependencies: 263
-- Data for Name: necrotopia_rulepicture; Type: TABLE DATA; Schema: public; Owner: doadmin
--

INSERT INTO public.necrotopia_rulepicture VALUES (1, 'static_images/active_participation.png', 1);
INSERT INTO public.necrotopia_rulepicture VALUES (2, 'static_images/active_roleplay.png', 2);


--
-- TOC entry 4847 (class 0 OID 21402)
-- Dependencies: 265
-- Data for Name: necrotopia_skillitem; Type: TABLE DATA; Schema: public; Owner: doadmin
--

INSERT INTO public.necrotopia_skillitem VALUES (13, 'Break', 1, '2023-04-19 15:12:29+00', 1, NULL);
INSERT INTO public.necrotopia_skillitem VALUES (14, 'Choking Blow', 1, '2023-04-19 15:16:43+00', 1, NULL);
INSERT INTO public.necrotopia_skillitem VALUES (15, 'Interfere', 1, '2023-04-19 15:18:29+00', 1, NULL);
INSERT INTO public.necrotopia_skillitem VALUES (16, 'Piercing Strke', 1, '2023-04-19 15:22:17+00', 1, NULL);
INSERT INTO public.necrotopia_skillitem VALUES (17, 'Takedown', 1, '2023-04-19 15:24:23+00', 1, NULL);
INSERT INTO public.necrotopia_skillitem VALUES (10, 'Combat Tactics', 1, '2023-04-19 14:45:15+00', 1, NULL);
INSERT INTO public.necrotopia_skillitem VALUES (4, 'Agriculture', 2, '2023-04-19 13:33:58+00', 1, NULL);
INSERT INTO public.necrotopia_skillitem VALUES (7, 'Artisan', 2, '2023-04-19 14:24:52+00', 1, NULL);
INSERT INTO public.necrotopia_skillitem VALUES (33, 'Awareness', 3, '2023-04-19 16:33:38+00', 1, NULL);
INSERT INTO public.necrotopia_skillitem VALUES (39, 'Biogenetics', 4, '2023-06-08 14:10:30+00', 1, NULL);
INSERT INTO public.necrotopia_skillitem VALUES (26, 'Criminal Influence', 2, '2023-04-19 15:40:32+00', 1, NULL);
INSERT INTO public.necrotopia_skillitem VALUES (6, 'Culinary', 2, '2023-04-19 13:33:58+00', 1, NULL);
INSERT INTO public.necrotopia_skillitem VALUES (27, 'Education', 2, '2023-04-19 15:48:46+00', 1, NULL);
INSERT INTO public.necrotopia_skillitem VALUES (34, 'Enhanced Movement', 3, '2023-04-19 16:39:40+00', 1, NULL);
INSERT INTO public.necrotopia_skillitem VALUES (18, 'Exotic Weapon', 1, '2023-04-19 15:26:04+00', 1, NULL);
INSERT INTO public.necrotopia_skillitem VALUES (47, 'Faithful Miracles', 4, '2023-06-08 14:20:14+00', 1, NULL);
INSERT INTO public.necrotopia_skillitem VALUES (44, 'Faithful Patterns', 4, '2023-06-08 14:19:57+00', 1, NULL);
INSERT INTO public.necrotopia_skillitem VALUES (46, 'Faithful Spirit', 4, '2023-06-08 14:20:07+00', 1, NULL);
INSERT INTO public.necrotopia_skillitem VALUES (48, 'Faith Vessel', 4, '2023-06-08 14:20:21+00', 1, NULL);
INSERT INTO public.necrotopia_skillitem VALUES (45, 'Faithful Will', 4, '2023-06-08 14:20:03+00', 1, NULL);
INSERT INTO public.necrotopia_skillitem VALUES (28, 'Financial Influence', 2, '2023-04-19 15:53:33+00', 1, NULL);
INSERT INTO public.necrotopia_skillitem VALUES (2, 'Foraging', 3, '2023-04-19 13:33:58+00', 1, NULL);
INSERT INTO public.necrotopia_skillitem VALUES (5, 'Hunting', 3, '2023-04-19 13:33:58+00', 1, NULL);
INSERT INTO public.necrotopia_skillitem VALUES (29, 'Larceny', 2, '2023-04-19 16:06:55+00', 1, NULL);
INSERT INTO public.necrotopia_skillitem VALUES (35, 'Malicious', 3, '2023-04-19 17:01:15+00', 1, NULL);
INSERT INTO public.necrotopia_skillitem VALUES (30, 'Medical', 2, '2023-04-19 16:13:55+00', 1, NULL);
INSERT INTO public.necrotopia_skillitem VALUES (19, 'Melee Small', 1, '2023-04-19 15:28:57+00', 1, NULL);
INSERT INTO public.necrotopia_skillitem VALUES (20, 'Melee Standard', 1, '2023-04-19 15:30:24+00', 1, NULL);
INSERT INTO public.necrotopia_skillitem VALUES (21, 'Melee Two-Handed', 1, '2023-04-19 15:31:59+00', 1, NULL);
INSERT INTO public.necrotopia_skillitem VALUES (36, 'Mental Endurance', 3, '2023-04-19 17:07:13+00', 1, NULL);
INSERT INTO public.necrotopia_skillitem VALUES (22, 'Projectile', 1, '2023-04-19 15:33:12+00', 1, NULL);
INSERT INTO public.necrotopia_skillitem VALUES (43, 'Necrokinetics', 4, '2023-06-08 14:19:50+00', 1, NULL);
INSERT INTO public.necrotopia_skillitem VALUES (40, 'Pyrokinetics', 4, '2023-06-08 14:19:22+00', 1, NULL);
INSERT INTO public.necrotopia_skillitem VALUES (37, 'Sailing', 3, '2023-04-19 17:15:18+00', 1, NULL);
INSERT INTO public.necrotopia_skillitem VALUES (3, 'Salvaging', 3, '2023-04-19 13:33:58+00', 1, NULL);
INSERT INTO public.necrotopia_skillitem VALUES (23, 'Shield', 1, '2023-04-19 15:34:12+00', 1, NULL);
INSERT INTO public.necrotopia_skillitem VALUES (31, 'Social Influence', 2, '2023-04-19 16:24:39+00', 1, NULL);
INSERT INTO public.necrotopia_skillitem VALUES (38, 'Stealth', 3, '2023-04-19 17:26:05+00', 1, NULL);
INSERT INTO public.necrotopia_skillitem VALUES (41, 'Telekinetics', 4, '2023-06-08 14:19:39+00', 1, NULL);
INSERT INTO public.necrotopia_skillitem VALUES (42, 'Telepathy', 4, '2023-06-08 14:19:44+00', 1, NULL);
INSERT INTO public.necrotopia_skillitem VALUES (24, 'Thrown Weapons', 1, '2023-04-19 15:35:07+00', 1, NULL);
INSERT INTO public.necrotopia_skillitem VALUES (32, 'Trade Connections', 2, '2023-04-19 16:30:33+00', 1, NULL);
INSERT INTO public.necrotopia_skillitem VALUES (1, 'Trailblazing', 3, '2023-04-19 13:33:58+00', 1, NULL);
INSERT INTO public.necrotopia_skillitem VALUES (25, 'Unarmed Combat', 1, '2023-04-19 15:36:10+00', 1, NULL);
INSERT INTO public.necrotopia_skillitem VALUES (8, 'Avoid', 1, '2023-04-19 14:35:08+00', 1, NULL);
INSERT INTO public.necrotopia_skillitem VALUES (9, 'Balance', 1, '2023-04-19 14:43:19+00', 1, NULL);
INSERT INTO public.necrotopia_skillitem VALUES (11, 'Florentine', 1, '2023-04-19 14:51:22+00', 1, NULL);
INSERT INTO public.necrotopia_skillitem VALUES (12, 'Blinding', 1, '2023-04-19 14:58:08+00', 1, NULL);


--
-- TOC entry 4849 (class 0 OID 21406)
-- Dependencies: 267
-- Data for Name: necrotopia_skillratings; Type: TABLE DATA; Schema: public; Owner: doadmin
--

INSERT INTO public.necrotopia_skillratings VALUES (1, 0, 'With this skill an individual may spend 5 mind points and say ''Avoid'' to negate a single Strike or Ranged Attack, so that the user does not take any damage or suffer the mechanics delivered via that one Strike or Ranged Attack. This skill may be used to negate effects that target equipment (like Break) as long as the user is actively in possession of the Target of the attack (it can''t be used on other people if you are holding them). This skill can only be used on items in the user''s possession and on their person that are being targeted with skill calls. This skill does not negate area of effect damage. This skill cannot be used by a character who has been immobilized (tie binds, Unconcious, paralyzed, etc). This skill can be used regardless of the direction that an attack comes from and may be used by individuals with at least one functional limb. The exception is Proficient Malicious skill which may only be avoided if the attack comes from the front.', 8);
INSERT INTO public.necrotopia_skillratings VALUES (2, 0, 'With this skill, an individual may spend 5 Mind points and say Balance to negate the effects that influence them regarding an area of effect or single target mechanic that causes them to lose their footing and fall down, get knocked back, or otherwise become Stunned. Balance will not prevent Stunned effects from Brews, Injectables, or self inflicted mechanics that cause the user to become Stunned. Balance may be used in some zones of mechanics based on Guide discretion; however, common sense comes into play regarding zones of mechanics where the potential for solid footing is not available at all (e.g., while free-falling or in typhoon-like conditions)', 9);
INSERT INTO public.necrotopia_skillratings VALUES (3, 1, 'This skill has no Mind point cost. This skill allows a player to use any combination of two melee weapons, exotic weapons, or firearms (that use one hand) simultaneously. Without this skill, a player can only use one melee weapon or one firearm at a time. A player may use a brawler in their off hand without this skill while using a single melee weapon or firearm. A player using the Florentine skill may engage with a maximum of a six-strike flurry with three strikes per weapon instead of the standard single three-strike flurry before needing to reset their melee fight (see the section Contact-Safe Combat in Chapter 6 for more details). This six-strike flurry only applies when using a combination of melee and exotic weapons (guns fire as fast as they will). This skill unlocks the ability to use Florentine skill items. Florentine skill items cannot be used in combination with a shield unless the item states otherwise.', 11);
INSERT INTO public.necrotopia_skillratings VALUES (4, 0, 'With this skill, an individual may spend 5 Mind points, say Blinding, and make a successful Strike or Ranged Attack to the torso to cause an individual to become disoriented and have their vision impaired for 10 seconds. This skill may be Avoided or blocked like any other; however, if the skill use is successful the Target will not be able to use any skills that experience points have been spent on or any Achievement bonuses. While this does not prevent a Target from using Basic weapon skills that are default at character creation, nor does it prevent a Target from moving or running away while rubbing their eyes, it does prevent the activation of any Proficient, Master, or Achievement equipment mechanics as well as the use of any learned skills (such as Avoid, Balance, Anomaly skills, etc.). Equipment that requires the use of a skill that has been purchased with experience points will not be usable during this 10-second period. In addition, characters under the effects of Blinding are not able to describe later the events that happened during the 10 seconds. This combination of disorientation and being visually impaired prevents Targets from later describing sights, sounds, smells, and events that occurred during Blinding. They will, however, remember all actions taken and individuals present before and after the Blinding. Blinding is often used to shut down users of Anomaly skills, to cover over the identity of assassins, and to prevent Targets from using enhanced skills. Most undead are not affected by blinding.', 12);
INSERT INTO public.necrotopia_skillratings VALUES (5, 0, 'With this skill, an individual may spend 5 Mind points, say Break (object name), and make a successful Strike or Ranged Attack on a crafted target or the limb holding a crafted target to render the object nonfunctional until repaired (if repair is possible). When calling the Break skill the user must also call one of the following variables: Armor, Shield, Weapon, Gizmo, Barricade, Door, Brew, Meal, Non-Mechanic. They cannot swing at a Targets Supply Bag to Break items that are being carried within the Supply Bag, nor can they Break the Supply Bag itself (since it is an out-of-character requirement for carrying inactive equipment). They can strike the arms that are carrying or holding items to Break things like Brews or Meals, but the second an item is being brought up to the mouth for consumption a Break skill user cannot attempt to race to Break that item. Slapping the arm of someone raising an item toward their face is how people get hurt, and common sense should take precedence over the desire to Break someones sandwich. Using Break on a trapped non Supply-Bag container, trap, or door that is trapped will trigger all attached traps. For locked containers, using Break instead of Unlock will Break any items stored inside the container.', 13);
INSERT INTO public.necrotopia_skillratings VALUES (6, 0, 'With this skill, an individual may spend 5 Mind points, say "Choking Blow 5 minutes", and land a single Strike or Ranged Attack to the torso to cause a Target to be unable to speak, yell, make noises above a low gurgle, or do things that require extensive degrees of throat control, such as whistling, for 5 minutes. Use of this skill prevents Targets from using any skills that require social engagement or verbal aspects as part of their use. Keep in mind that skills are out-of-game mechanics, so if this skill is used on you, you should not then shout skills you use in order to gather attention, since that goes against the spirit of the rules. The primary use of this skill is to prevent a Target from calling for help. The secondary use of this skill is to get people who dont know when to be quiet to give the user 5 minutes of peace.', 14);
INSERT INTO public.necrotopia_skillratings VALUES (7, 0, 'With this skill, an individual may say Interfere and take the negative effects and damage that a single other Target within arms distance would have taken from a single attack. The attack made on the original Target must be either a Strike or Ranged Attack. No area of effect or mechanical effects delivered from non-aggressors can be Interfered (e.g., you can not Interfere the damage from a poisoned bottle that someone just consumed or an explosion that hit everyone within a 10-foot radius). In addition, the person who uses Interfere must be a valid Target for the Interfere to work. For example, you cannot Interfere a Mangle on someones leg if both of your legs have already received a Mangle. The damage and negative effects of changing the Target from another person within an arms length to yourself means that you are unable to use skills or mechanical effects to prevent the damage and effects that you have redirected to yourself. You cannot Interfere effects that are considered beneficial, such as healing or recovering Mind points. Once you have used the Interfere skill to redirect an effect to yourself, that effect may not be Interfered again; no skills, effects, or mechanics will allow you (the new Target of the attack) to not take the damage and mechanical effects.', 15);
INSERT INTO public.necrotopia_skillratings VALUES (8, 0, 'With this skill, an individual may spend 5 Mind point to have a single melee, unarmed, thrown, or projectile attack ignore armor. This skill represents a Strike that finds the holes and gaps in a Targets armor and strikes for Body damage. When using this skill, the user must land a successful hit while calling Body as their damage modifier in addition to any damage call they may use. This skill can be used with damage augment modifiers, but if an attack has any damage modifier other than Body, only the call Body is carried. For example, if when using Piercing Strike a player combines Piercing Strike with an Applied Poison they have on their blade, that does 5 Bane to Townies. The call on the Strike becomes 5 Body and the 5 Townie Bane is lost.', 16);
INSERT INTO public.necrotopia_skillratings VALUES (9, 0, 'With this skill, an individual may spend 5 Mind points and make a single successful Strike to the torso and say Take Down. If successful, this skill destabilizes an individual and brings them off of their feet. While under the effect of Take Down the Target of the effect must be seated (or flail to the ground if safely able to by their environment). Once down, the Target of Take Down is Stunned for 5 seconds.', 17);
INSERT INTO public.necrotopia_skillratings VALUES (10, 1, 'With this skill, an individual may spend 1 Mind point and while performing a Killing Blow state, Double tap, Killing Blow, ensuring that the Target of this skill stays dead (most of the time). This Skill does not change the required time or actions needed for a Killing Blow.

If the Target is some sort of undead knitting itself back together to get up again, or some kind of mutated creature or Raider that could rise again after it is apparently killed, using this skill will ensure that when the final Killing Blow is used, if the Target would have gotten back up to life (as often seen in horror films) the creature will indeed stay dead. There are some very rare forms of undead and mutated creatures that require multiple uses of Basic Combat Tactics to ensure that they remain down. If the Target of this skill is a person who is only pretending to be dead by using a brew or other item that gives a deathlike appearance, use of this skill will cause the Target to scream in agony and immediately their faking of being dead comes to an end. Even if the Target in question is under the effects of some mechanic that prevents yelling or dulls pain, the process of having a living vivisection done to them, having their head turned into a canoe, or finding the majority of their organic matter displaced will cause the Target of this skill to flail and make some degree of noise of self-preservation.', 10);
INSERT INTO public.necrotopia_skillratings VALUES (11, 2, 'This skill has the skill prerequisite of Basic Combat Tactics. This skill cannot be used if the user currently has a Fracture (subdued or active). With this skill, an individual may spend 10 Mind points and gesture to up to five Targets within a 180-degree forward-facing arc, calling Scatter Shot. Up to five Targets within 5 feet are affected by a single Strike or Ranged Attack as an automatic hit up to a maximum of 20 damage per target. This skill may be combined with equipment effects or other skills, applying the equipment effect or skill to up to five Targets within the 5-foot arc. A single use of an add-on skill or equipment effect will strike all five Targets within the targeted group for Scatter Shot. Skills and effects that do more than 20 damage may still be used with Proficient Combat Tactics, however damage done to targets will be reduced to a maximum of 20 damage. Single-use items, no matter how many of them a user has, may not be combined with Proficient Combat Tactics. Scatter Shot cannot be combined with AOE or area effects.', 10);
INSERT INTO public.necrotopia_skillratings VALUES (12, 3, 'This skill has the skill prerequisite of Proficient Combat Tactics. By spending 1 Resolve and at least 5 minutes giving a rally speech that bolsters their allies, the user may call 10-foot radius: All allies heal 1 body and Upsurge 20 armor. Items can change the time to use, duration, or change the effect, of this skill greatly.', 10);
INSERT INTO public.necrotopia_skillratings VALUES (13, 1, 'With this skill, an individual may spend 5 Mind points and 10 minutes of Active Role-Play and Full Engagement in a farming area to gather one Basic Herb, one Uncommon Herb, one Rare Herb, or one Named Herb. An individual may choose to spend up to 60 minutes and 30 Mind points in one go, but it must be the same Herb. Any interruption restarts the timer.', 4);
INSERT INTO public.necrotopia_skillratings VALUES (14, 2, 'This skill has the skill prerequisite of Basic Agricultural. With this skill, an individual may spend 5 Mind points and 10 minutes of Active Role-Play and Full Engagement in a farming area to gather any one Produce other than Infectious Material. An individual may choose to spend up to 60 minutes and 30 Mind points in one go, but it must be the same type of Produce.', 4);
INSERT INTO public.necrotopia_skillratings VALUES (15, 3, 'This skill has the skill prerequisite of Proficient Agricultural. With this skill, an individual may spend 5 Mind points and 10 minutes of Active Role-Play and Full Engagement in a farming area to gather one Produce, including Infectious Material. An individual may choose to spend up to 60 minutes and 30 Mind points in one go, but it must be the same type of Produce. An individual with Master Agricultural skill may also utilize the Basic Agricultural skill to harvest herbs out of season.', 4);
INSERT INTO public.necrotopia_skillratings VALUES (16, 1, 'With this skill, an individual may craft items from blueprints that require the Basic Artisan skill. By spending 5 Mind points and 20 minutes of Full Engagement and Active Role-Play in a crafting area, an individual may follow the prerequisites on the blueprint and craft the item on it. They can then turn in materials to the Public Works to receive a card for that item. An individual may also craft the items on a list located in the crafting area for the stated amount of materials and Mind points. An individual may also spend 5 Mind points and 20 minutes of Active Role-Play and Full Engagement in a crafting area to repair armor or a weapon that has been damaged to regain full use. Specifically, this will repair a weapon, room augment, shield, or armor that has had the Break skill used on it, and will return armor to full points. For room augment repairs, half of the Active Role-Play should be in the crafting area and half where the room augment is installed.', 7);
INSERT INTO public.necrotopia_skillratings VALUES (17, 2, 'This skill has the skill prerequisite of Basic Artisan. With this skill, an individual may craft items from blueprints that require the Proficient Artisan skill. By spending 10 Mind points and 20 minutes of Active Role-Play and Full Engagement in a crafting area, an individual may follow the prerequisites on the blueprint and craft an item from Basic to Proficient. To craft an item from scratch to Proficient it takes 5 Mind points from the Basic Artisan skill plus 10 Mind points from the Proficient Artisan skill, for a total of 15 Mind points. They can then turn in materials to the Public Works to receive a card for that item.', 7);
INSERT INTO public.necrotopia_skillratings VALUES (18, 3, 'This skill has the skill prerequisite of Proficient Agricultural. With this skill, an individual may spend 5 Mind points and 10 minutes of Active Role- Play and Full Engagement in a farming area to gather one Produce, including Infectious Material. An individual may choose to spend up to 60 minutes and 30 Mind points in one go, but it must be the same type of Produce. An individual with Master Agricultural skill may also utilize the Basic Agricultural skill to harvest herbs out of season.', 7);
INSERT INTO public.necrotopia_skillratings VALUES (19, 1, 'By Spending 5 Mind points and calling Alert while pointing at a Target who is currently using a Stealth-based skill, an individual can negate the use of that skill. If a Target using a Stealth skill is made apparent via the use of Basic Awareness, that Target cannot use a Stealth effect again for 5 minutes', 33);
INSERT INTO public.necrotopia_skillratings VALUES (20, 2, 'This skill has the skill prerequisite of Basic Awareness. By spending 10 Mind points and calling By the Sound of My Voice, Alert, all characters using Stealth skills within that zone will have the use of their Stealth skill negated. If a Target using a Stealth skill is made apparent via the use of Proficient Awareness, the Target cannot use Stealth effects again for 5 minutes.', 33);
INSERT INTO public.necrotopia_skillratings VALUES (21, 3, 'This skill has the skill prerequisite of Proficient Awareness. This skill cannot be used if the user currently has a Fracture (subdued or active). By spending 1 Resolve and 10 minutes of Active Role-Play preparing ointments and placing them around the eyes of a Target or self, the Target of Master Awareness becomes immune to Blinding and Blinding zone effects for a full hour. When the Target is affected by Blinding or a Blinding zone effect, the Target should call No effect: Master Awareness. In addition, the Target can call Master Awareness: Alert while gesturing at a single Target to negate a single Stealth skill use at no cost once during the 1-hour period. Players are encouraged to create their own process and role-play ritual for preparing for Master Awareness use. As a passive mechanic, characters with Master Awareness can say I think were not alone. when a Target is using a Stealth skill within line of sight. The character with Master Awareness cannot say where, what direction, if its friend or foe, or even gesture to the area that a Target using Stealth could be found, but this 6th sense lets them know that they are being observed.', 33);
INSERT INTO public.necrotopia_skillratings VALUES (22, 1, 'With this skill, an individual may spend 5 Mind points and make a Psionic Attack to heal a Target by 5 Body. This effect is instantaneous and can be used to stop Bleed Out counters. When using call: Psionic: Heal 5.', 39);
INSERT INTO public.necrotopia_skillratings VALUES (23, 2, 'This skill has the skill prerequisite of Basic Biogenetics. By spending 10 Mind points and making a Psionic Attack the user may cause a Target to be knocked Unconscious. To call this skill say, Psionic: Unconscious. This effect does not work on zombies or many other forms of mutated undead. This counts as a CvC action when used against LCs or SCs.', 39);
INSERT INTO public.necrotopia_skillratings VALUES (24, 3, 'This skill has the skill prerequisite of Proficient Biogenetics. This skill cannot be used if the user currently has a Fracture (subdued or active). By spending 1 Resolve, taking a knee or sitting, and raising a hand in the air, the user of this skill can create a Area of Effect centered around them, within which everyone has their Bleed Out timer halted and reset. Secondarily, zombies must exit this Area of Effect if possible and cannot re-enter it. This effect prevents Killing Blow from being used within this range. Upon activation of this skill, any helpful skill effects that the user was under immediately end. This skill does not make the user immune to effects and if the user is moved, drops into Bleed Out, or uses another skill the effects of Master Biogenetics cease. This effect lasts for as long as the user is able to keep their hand raised over their head, stay unmoved, and repeat the phrase Master Biogenetics: You will not die, no zombies will approach at least once per minute (or while Casted zombies are closing in.) Players may not use artificial means to assist themselves in keeping their arm in the air above their head (such as propping up their arm). Once the arm drops, the effect drops as well and anyone within range who was in Bleed Out immediately starts a new Bleed Out process. Anyone who was affected by Killing Blow while within the range of the effect starts a Bleed Out counter instead of being killed.', 39);
INSERT INTO public.necrotopia_skillratings VALUES (25, 1, 'An individual with this skill may be told during check-in the time and location of criminal meetings, guild-specific meetings, or black market meetings taking place. This skill also allows individuals to use equipment that requires Basic Criminal Influence and to disarm and recover Basic traps after spending 5 Mind points and 5 minutes of Active Role-Play and Full Engagement disarming them. Once per event, an individual may also gain access to a Basic Criminal Influence buyers list at the Public Works and purchase one item from the Basic Criminal Influence category.', 26);
INSERT INTO public.necrotopia_skillratings VALUES (26, 2, 'This skill has the skill prerequisite of Basic Criminal Influence. This skill allows an individual to give up to three item cards at 5 Mind points per item to a Guide in Logistics before a criminal or black market meeting occurs. An Extra will then be present at the meeting to sell the item on the individuals behalf and will not out them. If sold, they will receive the proceeds from the sale. Once per event, an individual may also gain access to a Criminal Influence buyers list at the Public Works and may purchase one item from the Proficient Criminal Influence category. This skill also allows individuals to use the Proficient Criminal Influence advantage on certain equipment for the stated amount of Mind points, and to disarm and recover Proficient traps after spending 5 Mind points and 5 minutes of Active Role-Play and Full Engagement disarming them.', 26);
INSERT INTO public.necrotopia_skillratings VALUES (27, 3, 'This skill has the skill prerequisite of Proficient Criminal Influence. With this skill, an individual is considered one of the Inner Circle in local criminal organizations and to have made it as a criminal. This skill allows them to submit an Action Request at least a month before a game with a request to receive a Master-level job that involves pulling a heist, committing a murder, or taking some other nefarious action. These Master jobs involve 15 people maximum and may require certain unique skill sets. Usually Master missions involve sneaking into a guarded compound to unlock a safe and steal from it, eliminating people surrounded by armies, and other Master-level schemes.
 
An individual using this skill may only include individuals who have some level of the Criminal Influence skill, and may only make one request per month. If there are multiple requests, a larger module may be run with everyone. The reward for completing a Master Criminal Influence mission is Gizmo: Free X Criminal Influence Voucher, where X is the level of the skill of the person receiving it. For example, an individual with Basic Criminal Influence would receive Gizmo: Free Basic Criminal Influence
Voucher. They may then go to the Public Works to receive one free item from the Basic Criminal Influence category on the Criminal Influence item list. After requesting a job, a person with Master Criminal Influence may spend 5 local currency before the mission for an item that may help during the mission, such as a skeleton key so that they dont need to pause to pick a lock or an Extra who can check for and disarm traps.

Once per event, they may also gain access to a Criminal Influence buyers list at the Public Works and may purchase one item from the Master Criminal Influence category.

This skill also allows individuals to use the Master Criminal Influence advantage on certain equipment for the stated amount of Mind points, and to disarm and recover Master traps after spending 10 Mind points and 5 minutes of Active Role-Play and Full Engagement disarming them.

Each game can adjust how module request skills work, within the basic scope of the intent of the skill, to make the skill work for their local game. Please check your games transparency documentation for these details before using the module request portion of this skill.', 26);
INSERT INTO public.necrotopia_skillratings VALUES (28, 1, 'With this skill, an individual may craft items from blueprints that require the Basic Culinary skill. By spending 5 Mind points and 20 minutes of Active Role-Play and Full Engagement in a culinary area, an individual may follow the prerequisites on the blueprint and craft the item on it. They can then turn in materials to the Public Works to receive a card for that item.', 6);
INSERT INTO public.necrotopia_skillratings VALUES (29, 2, 'This skill has the skill prerequisite of Basic Culinary. With this skill, an individual may craft items from blueprints that require the Proficient Culinary skill. By spending 10 Mind points and 20 minutes of Active Role-Play and Full Engagement in a culinary area, an individual may follow the prerequisites on the blueprint and craft the item on it. They can then turn in materials to the Public Works to receive a card for that item.', 6);
INSERT INTO public.necrotopia_skillratings VALUES (30, 3, 'This skill has the skill prerequisite of Proficient Culinary. With this skill, an individual may craft items from blueprints that require the Master Culinary skill. By spending 15 Mind points and 20 minutes of Active Role-Play and Full Engagement in a culinary area, an individual may follow the prerequisites on the blueprint and craft the item on it. They can then turn in materials to the Public Works to receive a card for that item.', 6);
INSERT INTO public.necrotopia_skillratings VALUES (31, 1, 'With this skill, an individual has been educated in the fields of reading, writing, mathematics, and received minor training in more specialized fields of study. This skill is not required for understanding simple addition, subtraction, reading, or other forms of basic knowledge. Players may choose to have not learned these base engagement skills if they feel it is appropriate for their characters background. They may also choose three Lores from the list in the section Lores below. Lores are used to unlock plot cards with extra information on them in play. In addition, many blueprints are reproduced using this skill (specifics are listed on each individual blueprint).', 27);
INSERT INTO public.necrotopia_skillratings VALUES (32, 2, 'This skill has the skill prerequisite of Basic Education. With this skill, an individual may spend 15 minutes of Active Role-Play with as many people as participate, to teach them all a skill that the teacher already possesses. After the 15 minutes, the person using the skill may spend 1 Mind point per person and write the skill on the others character sheets with their player number next to it. The skill is then available to be used by each person at the next 12s. An individual may also choose to update their sheet with three additional Lores from the list in the section Lores below. Lores are used to unlock plot cards with extra information on them in play.', 27);
INSERT INTO public.necrotopia_skillratings VALUES (33, 3, 'This skill has the skill prerequisite of Proficient Culinary. With this skill, an individual may craft items from blueprints that require the Master Culinary skill. By spending 15 Mind points and 20 minutes of Active Role-Play and Full Engagement in a culinary area, an individual may follow the prerequisites on the blueprint and craft the item on it. They can then turn in materials to the Public Works to receive a card for that item.', 27);
INSERT INTO public.necrotopia_skillratings VALUES (34, 1, 'By spending 5 Mind points a player can use Enhanced Movement, to take up to five steps (for a maximum of 3 seconds) with the Stealth gesture up (their arm in front of their face with their forearm parallel to their mouth). This skill must be used from a place of cover and is intended to assist a player in moving unseen from one area of cover to another are of cover despite direct lines of sight or bright environments.

This skill cannot be initiated in plain sight except when using a second use of the skill, which is to allow the user to escape a combat. Individuals using Basic Enhanced Movement to escape a conflict should not be chased while they take their 5 steps away from the conflict. This skill can be used while carrying one Target character in bleed out to move at full speed for the 5 steps instead of a walking pace (grab and run). In the instance that Alert (Basic Awareness) has been called to see someone using this skill, this skill cannot be used for its first use (stealth) again for for 5 minutes. The use of Alert does not prevent the second usage of Basic Enhanced Movement to escape or carry a Target at full speed for 5 steps since people seeing you carry your friend or run like hell does not prevent you from getting away. This skill cannot be chained or linked with any other mechanic during movement.', 34);
INSERT INTO public.necrotopia_skillratings VALUES (35, 2, 'This skill has the skill prerequisite of Basic Enhanced Movement. By spending 10 Mind points a player can use Enhanced Movement and take up to five steps (for a maximum of 3 seconds) with the out-of- character gesture up. This skill must be used from a place of cover and is intended to assist a player in moving unseen from one area of cover to another despite direct lines of sight or bright environments that would prevent normal use of the Stealth skill. This skill may be used to move from a point of cover to a visible location (e.g., take five quick steps from cover to attack someone). This skill cannot be initiated in plain sight. Awareness (Alert) or other Awareness-related mechanics cannot negate the use of Proficient Enhanced Movement (call No Effect in response). Players using this skill are still affected by all environment restrictions such as physical barriers and area mechanics (no opening doors, avoiding zone effects, moving across immobile areas, etc.) This skill cannot be chained or linked with any other mechanic during movement.', 34);
INSERT INTO public.necrotopia_skillratings VALUES (36, 3, 'This skill has the skill prerequisite of Proficient Enhanced Movement. By spending 20 Mind points a player can use Enhanced Movement and take up to 10 steps (for a maximum of 5 seconds) with the out-of- character gesture up. This skill must be used from a place of cover and is intended to assist a player in moving unseen from one area of cover to another despite direct lines of sight or bright environments that would prevent normal use of the Stealth skill. This skill may be used to move from a point of cover to a visible location (e.g., take 10 quick steps from cover to attack someone). This skill cannot be initiated in plain sight. Awareness (Alert) or other Awareness-related mechanics cannot negate the use of Master Enhanced Movement. Players using this skill can ignore zones of mechanics while in the out-of-character movement portion of the skill (e.g., floor made of lava, poisoned gas area, radiation area, etc.). This skill does not allow players to move through physical objects like walls or ignore locks on doors; however, it allows them to access areas that have an unlikely means of entrance (e.g., a slightly opened window) if that means of entrance is within the allowed 10 steps. Vertical distances are estimated, with uncertainty of distance landing on the side of no you cant. This skill cannot be chained or linked with any other mechanic during movement.', 34);
INSERT INTO public.necrotopia_skillratings VALUES (37, 1, 'Basic Exotic Weapon is a free skill all characters have.', 18);
INSERT INTO public.necrotopia_skillratings VALUES (38, 2, 'This skill has no skill prerequisite, as Basic Exotic Weapon is a free skill all characters have. This skill allows an individual to spend 5 Mind points for a single use of mechanics awarded by Exotic Weapon items that have been crafted to at least a Proficient level.', 18);
INSERT INTO public.necrotopia_skillratings VALUES (39, 3, 'This skill has the skill prerequisite of Proficient Exotic Weapon. This skill allows an individual to spend 10 Mind points for a single use of mechanics awarded by Exotic Weapon items that have been crafted to a Master level.', 18);
INSERT INTO public.necrotopia_skillratings VALUES (40, 1, 'This skill has the prerequisite of being an active follower of a faith or cult that the user was inducted into. By spending 5 Mind points and giving a verbal prayer with their hands over a meal or brew, all of the following effects will be removed from the single brew or meal for immediate consumption: damage done by consuming, damage done by contact, Unconsciousness done by consuming, Stun done by consuming, and other plot effects outlined to be removed by Basic Faithful Miracles. This effect does not permanently remove the negative effects from the item card for the meal or brew but instead temporarily removes them for immediate consumption.', 47);
INSERT INTO public.necrotopia_skillratings VALUES (41, 2, 'This skill has the skill prerequisite of Basic Faithful Miracles and requires the user to have been inducted into a faith or cult and still follow that faith or cult. By spending 10 Mind points the user of this skill may heal a number of their faithful at the same time. This skill has a verbal component and requires Active Role-Play of delivering a benediction specific to their faith. To call this skill say, Psionics: By the Sound of My Voice all (Faith) heal 5. Please note range limits of Sound of My Voice and that this effect will also heal antagonists that share the same faith', 47);
INSERT INTO public.necrotopia_skillratings VALUES (42, 3, 'This skill has the skill prerequisite of Proficient Faithful Miracles and requires the user to have been inducted into a faith or cult and still follow that faith or cult. This skill cannot be used if the user currently has a Fracture (subdued or active). By spending 10 seconds Active Role-Playing channeling the most powerful aspect of the users faith, the user may spend 1 Resolve and engage a Psionic Attack to cause a Target to regain all Body and fix all mangled limbs. After using this skill, the user takes a standard Stun due to backlash of the volume of power they have just released. To call this skill say, Psionic (Faith): Heal all Body, fix limbs.', 47);
INSERT INTO public.necrotopia_skillratings VALUES (43, 1, 'This skill has the prerequisite of choosing a faith to follow. Upon buying this skill an individual chooses a faith or locally-approved cult that they are inducted into, which is recorded on their character sheet. This skill allows an individual to spend 5 Mind points, engage in at least 10 minutes Active Role-Play that includes Active Participation between the user and the Target, and induct a willing participant as a dedicated member of the faith or cult that the user of this skill is a member of. While induction via Basic Faithful Patterns is not required for following the beliefs of a religion, being inducted as a member of a faith and having the baptism recorded on their character sheet opens an individual for additional effects and advantages.', 44);
INSERT INTO public.necrotopia_skillratings VALUES (44, 2, 'This skill has the skill prerequisite of Basic Faithful Patterns and requires the user to have been inducted into a faith or cult and still follow that faith or cult. The user may spend 10 Mind points and engage in a Psionic Attack on a Target, who must then state what faith, if any, they have been inducted into and how long they have been a member of that faith. This skill requires both a verbal component and Active Role-Play of questioning the Target about their faith in order to cause them to confess. If this skill targets a user of the same faith as the user, the Mind point cost is refunded to the user and they may not use the skill knowingly on the same Target for 1 hour. This skill can be countered by Mental Endurance skills and partially by inflicting a Choking Blow on the Target. While a Choking Blow will prevent verbal communication, the Target will still attempt to communicate using nonverbal means. To call this skill say, Psionic: Suggestion: Declare your faith and devotion.', 44);
INSERT INTO public.necrotopia_skillratings VALUES (45, 3, 'This skill has the skill prerequisite of Proficient Faithful Patterns and requires the user to have been inducted into a faith or cult and still follow that faith or cult. This skill cannot be used if the user currently has a Fracture (subdued or active). This skill allows the user to spend 1 Resolve while within a Morgue to allow a Target to enter the post-death Mortis Amaranthine (Grave Mind) scene of another. If the Target entering the scene and the individual whose scene it is are both of the same faith as the individual using this skill then the Target may expend the Resolve they have, while in the scene, on behalf of the person who passed.

This skill may also be used to allow others to enter into other forms of Mortis Amaranthine scenes, such as Graverobber procedures, for the same purpose (it does not bestow the benefit of said procedures to the Targets of this skill).', 44);
INSERT INTO public.necrotopia_skillratings VALUES (46, 1, 'This skill has the prerequisite of being an active follower of a faith or cult that the user was inducted into. By spending 5 Mind points and engaging in a Psionic Attack at a Target who has been inducted into the same faith, the user of this skill can bestow a single use of physical endurance to the Target. This skill causes the Target to be immune to the first use of any Mangle or Blinding effect until the next 12s. This skill does not stack and requires both a verbal component and Active Role-Play. To call this skill say, Psionics (Faith): Immune first Blind or Mangle until next 12s. The user must also write their player number and the skill used in the appropriate area of the Targets character sheet.', 46);
INSERT INTO public.necrotopia_skillratings VALUES (47, 2, 'This skill has the skill prerequisite of Basic Faithful Spirit and requires the user to have been inducted into a faith or cult and still follow that faith or cult. By spending 10 Mind points and 10 minutes in Active Role-Play in prayer, and engaging in a Psionic Attack at a Target who has been inducted into the same faith as the user of this skill, the user can allow the Target to spend a Resolve to call Faithful Spirit: No effect 1 minute to a Killing Blow used on the Target. The effects of this skill last until the next 12 or until the skill has been used. This skill requires that the Target have Resolve available at the time of use; this skill does not prevent standard Bleed Out nor does it allow for multiple sequential uses of Resolve. Only 1 Resolve may be spent per Bleed Out in this way. This skill does not stack and requires both a verbal component and Active Role-Play. To call this skill say, Psionics (Faith): Undying Spirit. The role-play of the prayer should include explaining how the Target of this skill can spend a Resolve.', 46);
INSERT INTO public.necrotopia_skillratings VALUES (48, 3, 'This skill has the skill prerequisite of Proficient Faithful Spirit and requires the user to have been inducted into a faith or cult and still follow that faith or cult. This skill cannot be used if the user currently has a Fracture (subdued or active). This skill allows the user to spend 1 Resolve and engage a Psionic Attack to cause extensive damage to a single zombie Target. To call this effect say, Psionic (Faith): 50 Body to zombies. Remember, some undead (in particular, nasty ones) have some degree of Mental Endurance. Its a good idea to tire out the would-be Target of this skill a bit first if they are a major threat.', 46);
INSERT INTO public.necrotopia_skillratings VALUES (49, 1, 'This skill has the prerequisite of being an active follower of a faith or cult that the user was inducted into. By spending 5 Mind points and engaging in a Psionic Attack at a Target who has been inducted into the same faith, the Target of this skill can ignore the first use of Break: Armor used on them until the next 12s. This skill does not stack and requires both a verbal component and Active Role-Play. To call this skill say, Psionics (Faith): Immune first Break armor until next 12s.', 48);
INSERT INTO public.necrotopia_skillratings VALUES (50, 2, 'This skill has the skill prerequisite of Basic Faith Vessel and requires the user to have been inducted into a faith or cult and still follow that faith or cult. By spending 10 Mind points and engaging in a Psionic Attack on a Target, the user can cause them to become inundated with a debilitating volume of hallucinations centered around the themes of a crisis of faith and otherworldly wrath for 1 minute, making the Target incapable of using any Anomaly skills. To use this skill call, Psionic (Faith): 1 minute no Anomalies.', 48);
INSERT INTO public.necrotopia_skillratings VALUES (51, 3, 'This skill has the skill prerequisite of Proficient Faith Vessel and requires the user to have been inducted into a faith or cult and still follow that faith or cult. This skill cannot be used if the user currently has a Fracture (subdued or active). This skill allows users to spend 1 Resolve to channel the psionic energies related to their faith into their own bodies and trickle the healing energies out of themselves to save others. Once this skill has been used the user gains 5 Psionic Attacks that they may throw to call Heal 10 Body recover 5 Mind over the next 10 minutes. Once the 10 minutes have passed or all 5 Psionic Attacks been used, the user is rendered Unconscious and dropped into Bleed Out (with 0 health) wherever they are. While Unconscious the user of this skill gains two Fractures.', 48);
INSERT INTO public.necrotopia_skillratings VALUES (52, 1, 'This skill has the prerequisite of being an active follower of a faith or cult that the user was inducted into. By spending 5 Mind points and engaging in a Psionic Attack at a Target who has been inducted into the same faith, the user of this skill can soothe all Fractures that the Target is currently experiencing for 1 hour with only a few words. This skill requires both a verbal component and Active Role-Play. To call this skill say, Psionics (Faith): Soothe Fractures.', 45);
INSERT INTO public.necrotopia_skillratings VALUES (53, 2, 'This skill has the skill prerequisite of Basic Faithful Will and requires the user to have been inducted into a faith or cult and still follow that faith or cult. The user may spend 10 Mind points and engage in a religious benediction of at least 20 minutes in length (longer is encouraged) with Active Participation with the Targets of this skill. At the end of the role-play up to five participant Targets of the benediction will have their Bleed Out timer extended to 10 minutes instead of the normal 5 minutes, until the next 12s. This effect does not stack and requires the Targets to be of the same faith as the user. This should be marked down on the back of the Targets character sheets. This skill requires both a verbal component and Active Role-play. To call this skill say, Psionics (Faith): Extended Bleed Out. 

This effect is not modified by the use of Cannibalize to reduce Bleed Out to 1 minute. While the undead can continue to feed and regain Body (and other related mechanics), the use of Cannibalize will not reduce the Bleed Out timer from the augmented 10 minutes to 1', 45);
INSERT INTO public.necrotopia_skillratings VALUES (54, 3, 'This skill has the skill prerequisite of Proficient Faithful Will and requires the user to have been inducted into a faith or cult and still follow that faith or cult. This skill cannot be used if the user currently has a Fracture (subdued or active). This skill allows the user to spend 1 Resolve to engage a Target who is a deceased Strain of the same faith but has not yet rotted away (10 minutes post- death) with a Psionic Attack to cause the Target to go through their postmortem scene, to potentially gain multiple Fractures (scene will be more intense), but not lose an Infection. Use of this skill causes the user to gain a Fracture unless they are willing to spend a second Resolve at the time of use.', 45);
INSERT INTO public.necrotopia_skillratings VALUES (55, 1, 'An individual with this skill may use 5 Mind points while examining a carded item to learn its mechanical effects instantly. If an individual with this skill chooses, they may spend Zero Mind and 5 minutes of Active Role-Play examining a carded item to learn its mechanical effects. This Skill can be used to identify the basic nature of plot related items, determine the expiration date of the item and all mechanical effects that the item may have, including if any poisons have been added, the amount of points on armor, and so forth.', 28);
INSERT INTO public.necrotopia_skillratings VALUES (56, 2, 'This skill has the skill prerequisite of Basic Financial Influence. An individual with this skill can invest 4 local currency into one of six local Financial Institutions during check-in. These groups are in-game extra groups that LCs have the potential to influence during an event. These influences will determine how well a Financial Institution does the following month and they will receive a modifier of -3, -2, -1, 0, 1, 2, or 3. When a person invests in one of these institutions, they pick one and then the Guide roles a six-sided die without letting the player see the result. Players will not know the modifier, but instead will need to guess based on the prior months role-play. The modifier is then added to the result of the die. For a result of one, the person loses 4 local currency. For a roll of two, the person loses 2 local currency. For three, there is no change and the person gains back their 4 local currency. For four, the person receives their 4 local currency back plus 1 more. For five, the person receives their 4 local currency back plus 2 more. For six and above, the person receives their 4 local currency back plus 4 more. An individual may invest in a second Financial Institution for 10 additional Mind points at check-in. This number cannot be increased.', 28);
INSERT INTO public.necrotopia_skillratings VALUES (57, 3, 'This skill has the skill prerequisite of Proficient Financial Influence. An individual with this skill may choose to create a group that is a sister organization to one of the Financial Institutions used for the Proficient Financial Influence check-in skill. They should inform their Home Branch with an Action Request of this decision and state which Financial Institution they choose to ally with.

The individual with this skill then may choose to submit a plot request for Master Financial Influence a month before a game. This submission will allow them to help their sister institution and gain local monetary compensation of up to 10 currency per use of Master Financial Influence if the mission is successful. This may include missions such as guarding precious cargo, smoothing over relations with other Financial Institutions, or other tasks. This will have a direct influence on the institutions standings. If two individuals with Master Financial Influence request a module in the same month, they will find themselves as part of the same module (producing 20 currency total). Individuals with Master Financial Influence may only request one of these modules per month, and may include up to 10 others with some level of the Financial Influence skill. An individual with this skill may also spend 10 Mind points to trade up to 20 trade notes to the local currency, whether its a home game or a travel game. They may also convert up to 20 of the local currency of the game to trade notes for the same Mind point expenditure. This can only be done once per event.

Each game can adjust how module request skills work, within the basic scope of the intent of the skill, to make the skill work for their local game. Please check your games transparency documentation for these details before using the module request portion of this skill.', 28);
INSERT INTO public.necrotopia_skillratings VALUES (58, 1, 'By spending 5 Mind points, an individual may spend 30 minutes of Active Role-Play in local woods or wilderness areas to forage for items. After this time, an individual may mark off the time and Mind expenditure and may choose to receive either 1 Craftable Stone, 1 Tree Nuts, or 1 High Grade Lumber. An individual may also use Basic Foraging to pick up any Foraging cards they find in play. This allows for both the constant provision of materials while still having the opportunity to find more while scrounging. Each Foraging card turned in costs 0 Mind points and will yield 1 Basic Herb or Scrap.', 2);
INSERT INTO public.necrotopia_skillratings VALUES (59, 2, 'This skill has the skill prerequisite of Basic Foraging. An individual with this skill may spend 5 Mind points per card that they find when they turn them into the Public Works to collect the named resource outlined on the card. If individuals turn in cards as per Basic Foraging without spending the Mind points, they simply receive Basic Herb or Basic Scrap. In addition, an individual with Proficient Foraging may spend 10 Mind points and 30 minutes of Active Role-Play looking for items in wilderness areas to receive 1 Combustible Materials or 1 Natural Fibers.', 2);
INSERT INTO public.necrotopia_skillratings VALUES (60, 3, 'This skill has the skill prerequisite of Proficient Foraging. An individual with this skill may spend 15 Mind points and 30 minutes of Active Role-Play looking through the local woods or other wilderness areas to find 1 Psionic Crystals.', 2);
INSERT INTO public.necrotopia_skillratings VALUES (61, 1, 'By spending 5 Mind points and 30 minutes of Active Role-Play fishing in a nearby body of water with a net, fishing pole, or other fishing prop, an individual may fish out 1 Fish or Shellfish. If this same skill is used in a nearby forest for 30 minutes of Active Role-Play to set nonfunctional traps (dont actually try to catch local wildlife), the individual may catch 1 Meat.', 5);
INSERT INTO public.necrotopia_skillratings VALUES (62, 2, 'This skill has the skill prerequisite of Basic Hunting. By spending 5 Mind points and 20 minutes of Active Role-Play drying out Produce with a smokehouse, hanging up fish, or salting items, the user may combine two of the same Produce that are about to expire (must not have already expired) and extend their lifespan for 3 months. After doing the role-play, the user may go to the Public Works and turn in the two Produce cards to receive one new card with a 3-month expiration date.', 5);
INSERT INTO public.necrotopia_skillratings VALUES (63, 3, 'This skill has the skill prerequisite of Proficient Hunting. This skill cannot be used if the user currently has a Fracture (subdued or active). An individual with this skill may spend 1 Resolve and spend 20 minutes of Active Role-Play setting up an elaborate trap with physical representations that include a sheet of paper that states the mechanics. Any creature that wanders onto the physical representation of the traps trigger (which should look like an actual trap and should be anywhere from 1 to 2 feet wide) will trigger the trap. Anyone within the area of effect of the trap trigger will suffer 50 Body damage and be Stunned. After the trap is set off, the effect ends. This trap does not work on members of Lineages or Raiders. Actual traps that could actually harm someone or capture animals may not be used. An individual with Master Hunting skill is also a master of tracking prey. At least a month before an event, they may submit an Action Request to request a big game hunt of a local creature. These big game hunts involve 15 people maximum and may require certain unique skill sets. This hunt can include finding traces of the creature in the local area that must be tracked before discovering its location, and results in multiple appropriate Produce cards as a reward for a successful hunt. An individual with Master Hunting skill may only request one of these modules per month; if multiple individuals with the skill request it on the same month, they may be part of the same module, but will be able to reap the same amount of reward if successful.

Each game can adjust how module request skills work, within the basic scope of the intent of the skill, to make the skill work for their local game. Please check your games transparency documentation for these details before using the module request portion of this skill.', 5);
INSERT INTO public.necrotopia_skillratings VALUES (64, 1, 'With this skill, an individual may spend 5 Mind points and 2 minutes of Active Role-Play and Full Engagement picking a lock to unlock a Basic lock. You do not need a skill to re-lock locks. An individual may also utilize black clothespins and set them on the pockets or bags of Extras, SCs, and LCs in the presence of a Guide. If the person notices you setting the clothespin, they notice you picking their pocket. The Guide can then go up to the individual and ask for one random item card from the Supply Bag that has had a clothespin attached to it that is then delivered to the thief. If the thief is aiming to steal an item clearly displayed on a persons costuming, they must aim to set a clothespin on the area close to that item while mindful of everyones boundaries. For example, if a person has a physical representation of a brew attached to their chest, its okay to set a clothespin on the arm nearest to that brew. Each clothespin affixed costs 5 Mind points. This counts as a CvC action.

A player with this Skill, if under the effect of basic Binds (Binds that do not have a unique item card), may spend 5 Mind points to remove their own Binds.', 29);
INSERT INTO public.necrotopia_skillratings VALUES (65, 2, 'This skill has a prerequisite of Basic Larceny. With this skill, an individual may spend 5 Mind points and 2 minutes of Active Role-Play and Full Engagement picking a lock to unlock a Proficient lock. You do not need a skill to relock locks. A person with Proficient Larceny may also put a black clothespin on the pocket or bag of an Extra, SC, or LC in the presence of a Guide. A person who sees you use the black clothespin knows that youre picking their pocket. Once the clothespin is affixed the Guide will remove the item card of highest value (instead of a random item) located in that bag or pocket and give it to the thief. This counts as a CvC action. Each affixed clothespin costs 5 Mind points.', 29);
INSERT INTO public.necrotopia_skillratings VALUES (66, 3, 'This skill has the skill prerequisite of Proficient Larceny. With this skill, an individual may spend 15 Mind points and 2 minutes of Active Role-Play and Full Engagement picking a lock to unlock a Master lock. You do not need a skill to re-lock locks. Once per event, an individual with Master Larceny may spend 1 Resolve to automatically pass into any locked room or building without the time needed for picking the lock. Like other Resolve skills, this aspect of the skill cannot be used if the user currently has a Fracture (subdued or active). This represents the individuals true mastery of lock picking by unlocking the lock instantly; others may also pass through the now-unlocked door.', 29);
INSERT INTO public.necrotopia_skillratings VALUES (82, 1, 'By spending 5 Mind points, an individual may say Mental Endurance to an Anomaly skill that Targets them. The Anomaly skill then has no effect. This skill may be used in Bleed Out. Basic Mental Endurance may be used each time an Anomaly skill targets you except for Master Pyrokinetics. An individual may also expend 5 Mind points and state Mental Endurance after being tortured with the use of Basic Malicious skill. This allows them to not answer the question that is posed.', 36);
INSERT INTO public.necrotopia_skillratings VALUES (67, 1, 'By spending 5 Mind points, an individual with Basic Malicious skill may spend 5 minutes of Active Role-Play questioning a sentient Target. The user should use interrogation or intimidation tactics or other items to enhance the role-play of the scene. The user may not just talk calmly with the Target. After the 5 minutes, the use says Interrogate and asks the question. The Target must answer one question truthfully. This skill is countered by Basic Mental Endurance, which allows the Target to not answer the question. This counts as a CvC action when used against an LC or SC. A Guide watching the scene may determine whether or not the role-play is sufficient for the skill to work. An individual with Basic Malicious skill may also expend 5 Mind points to tie up a Subdued Target, who will then not be able to move of their own volition, use any skills other than Anomaly skills, or use any items at all, unless stated otherwise on the item card. This skill requires a physical representation of binding of some kind, such as a scarf or a rope. The individual using the skill must actually perform the action of tying up the Targets wrists before the effect can occur; this process should take at least 10 seconds. Make sure to tie to the Targets comfort level and be prepared to simply drape the bindings across the persons wrists, if need be. This skill can only be used on a willing or Subdued Target.', 35);
INSERT INTO public.necrotopia_skillratings VALUES (68, 2, 'This skill has the skill prerequisite of Basic Malicious. With this skill, an individual may painfully break a persons limbs. By spending 5 Mind points and landing a successful Strike on a Targets limb while calling Mangle, an individual with Proficient Malicious skill can cause the Mangle effect on a persons limb. This skill can only be countered by Avoid if delivered from the front.', 35);
INSERT INTO public.necrotopia_skillratings VALUES (69, 3, 'This skill has the skill prerequisite of Proficient Malicious. With this skill, an individual becomes a master of singling out a Target for pain. This skill can be used if the user currently has a Fracture (subdued or active). After spending 1 Resolve and pointing at a Target while saying Death Stalk, an individual using Master Malicious skill may ignore 20 seconds worth of strikes and effects while stalking toward the Target. They cannot deviate from walking toward the Target and cannot attack or swing at others while walking toward the Target, and the Target must be no more than 15 paces away. Once they reach their Target, they must strike the Target and then will begin taking damage and skill effects as per normal.', 35);
INSERT INTO public.necrotopia_skillratings VALUES (70, 1, 'With this skill, an individual can spend 1 minute of Full Engagement role-playing that they are medically assisting a person who is in Bleed Out. At the end of that 1 minute, the person is Stabilized and their Bleed Out counter stops. They cannot run or move quickly, and cannot use any skills when stabilized with Basic Medical skill.

Basic Medical skill also allows a person to use Full Engagement role-play as they check out a person by taking their pulse, checking their eyesight, and other tactics for 1 minute (they cannot just stand and talk to the person). After this time, the person with Basic Medical skill may ask if the person has any Fractures, what the total amount of Body they currently have is and how much they have when uninjured, whether theyre under the effects of any drugs or poisons, and if they have any Diseases. This skill costs 0 Mind points each use.
 
The user of this skill can also spend 30 seconds checking a person to determine if they are under an effect, dead, alive, or Unconscious. This skill level is dependent on crafted equipment for additional medical effects.

Lastly, if a Target is only stabilized, the user of this skill can engage in 2 minutes of Full Engagement role-playing that they are medically assisting a Stabilized target to heal 1 body at zero Mind cost.', 30);
INSERT INTO public.necrotopia_skillratings VALUES (71, 2, 'This skill has the skill prerequisite of Basic Medical. An individual with this skill may use Active Role-Play and Full Engagement while working on a patient, using props and actively operating on them. After 5 minutes of role-play, the person using Proficient Medical skill may use 1 Mind point to allow the person they operated on to regain 2 Body. If the person with Proficient Medical skill wishes to use more Mind points after the 5 minutes, the amount of Body regained also increases (e.g., 2 Mind points for 4 Body and 3 Mind points for 6 Body).

An individual with this Skill may also spend 5 Mind points and 5 minutes using Active Role-Play setting a limb to heal a limb under the effects of Mangle.', 30);
INSERT INTO public.necrotopia_skillratings VALUES (72, 3, 'This skill has the skill prerequisite of Proficient Medical. An individual with this skill may use Active Role-Play and Full Engagement while working on a patient, using props and actively operating on them. After 5 minutes of role-play, the person using Master Medical skill may use 5 Mind points to allow the person they operated on to regain 15 Body.

While more time consuming, an individual with this skill may spend 10 minutes of Active Role-Play and Full Engagement role-play working on a patient to spend 1 Mind to heal 3 Body, with the ability to spend as many mind points as they would like towards additional healing of the Target at the end of that 10 minutes.

Deadlier Diseases require Master Medical to cure, and more advanced equipment and procedures also require Master Medical.', 30);
INSERT INTO public.necrotopia_skillratings VALUES (73, 1, 'Basic Melee Small is a free skill all characters have.', 19);
INSERT INTO public.necrotopia_skillratings VALUES (74, 2, 'This skill has no skill prerequisite, as Basic Melee Small is a free skill all characters have. This skill allows an individual to spend 5 Mind points for a single use of mechanics awarded by Melee Small items that have been crafted to at least a Proficient level.', 19);
INSERT INTO public.necrotopia_skillratings VALUES (75, 3, 'This skill has the skill prerequisite of Proficient Melee Small. This skill allows an individual to spend 10 Mind points for a single use of mechanics awarded by Melee Small items that have been crafted to a Master level', 19);
INSERT INTO public.necrotopia_skillratings VALUES (76, 1, 'Basic Melee Standard is a free skill all characters have.', 20);
INSERT INTO public.necrotopia_skillratings VALUES (77, 2, 'This skill has no skill prerequisite, as Basic Melee Standard is a free skill all characters have. This skill allows an individual to spend 5 Mind points for a single use of mechanics awarded by Melee Standard items that have been crafted to at least a Proficient level.', 20);
INSERT INTO public.necrotopia_skillratings VALUES (78, 3, 'This skill has the skill prerequisite of Proficient Melee Standard. This skill allows an individual to spend 10 Mind points for a single use of mechanics awarded by Melee Standard items that have been crafted to a Master level', 20);
INSERT INTO public.necrotopia_skillratings VALUES (79, 1, 'Basic Melee Two-Handed is a free skill all characters have.', 21);
INSERT INTO public.necrotopia_skillratings VALUES (80, 2, 'This skill has no skill prerequisite, as Basic Melee Two-Handed is a free skill all characters have. This skill allows an individual to spend 5 Mind points for a single use of mechanics awarded by Melee Two-Handed items that have been crafted to at least a Proficient level.', 21);
INSERT INTO public.necrotopia_skillratings VALUES (81, 3, 'This skill has the skill prerequisite of Proficient Melee Two-Handed. This skill allows an individual to spend 10 Mind points for a single use of mechanics awarded by Melee Two-Handed items that have been crafted to a Master level', 21);
INSERT INTO public.necrotopia_skillratings VALUES (83, 2, 'This skill has the skill prerequisite of Basic Mental Endurance. By observing and engaging in Active Participation with a sentient Target for 10 minutes and spending 5 Mind points, an individual with this skill may learn more about the Targets skill set, short-term intent, and mind-set. The individual may not ask the Target questions about prior motives, past events, or aspects the Target cannot perceive. In all, the individual may ask one yes or no question about the Target. Sample questions include Do you plan to attack us this gather? and Are you planning on killing someone here this gather? This skill can be used multiple times, but requires another 10 minutes of observation before each use. Using this skill to actively seek out leverage against another character or cause social/mental harm to that character is considered a CvC action. For example: Do you intend to go to a professional killers meeting this afternoon to talk about murder?', 36);
INSERT INTO public.necrotopia_skillratings VALUES (84, 3, 'This skill has the skill prerequisite of Proficient Mental Endurance. An individual with this skill has become adept at fortifying their mind against Anomaly skills and projects that ability outward. After spending 20 Mind points and 5 minutes of Active Role-Play to fortify their mind against Anomaly skills without any interruptions, the user can declare in a loud, clear voice: Area of effect: No Anomaly skills. This causes an area of effect where no Anomaly skills work (including Master Pyrokinetics) for the next hour. The individual using this skill cannot move from this area of effect during the hour, or the effect ends. When individuals within this zone attempt to use Anomaly skills or when Anomaly skills are used on Targets within this zone, the one using Master Mental Endurance should declare: No effect: Mental Endurance. In addition, if any person under an Anomaly skills effects enters this zone those effects immediately end.', 36);
INSERT INTO public.necrotopia_skillratings VALUES (85, 1, 'Basic Projectile is a free skill all characters have.', 22);
INSERT INTO public.necrotopia_skillratings VALUES (86, 2, 'This skill has no skill prerequisite, as Basic Projectile is a free skill all characters have. This skill allows an individual to spend 5 Mind points for a single use of mechanics awarded by firearm/bow items that have been crafted to at least a Proficient level.', 22);
INSERT INTO public.necrotopia_skillratings VALUES (87, 3, 'This skill has the skill prerequisite of Proficient Projectile. This skill allows an individual to spend 10 Mind points for a single use of mechanics awarded by firearms/bow items that have been crafted to a Master level.', 22);
INSERT INTO public.necrotopia_skillratings VALUES (88, 1, 'With this skill, an individual may spend 5 Mind points at logistics and speak with the Guide overseeing a postmortem Mortis Amaranthine (Grave Mind) scene. When a player has died and is passing through the grave, once the prerequisite player care has been taken care of, Basic Necrokinetics can allow the Target player to listen silently to (but not see or engage) another players post-death scene. Prior to listening to the scene the user must speak to the person running the scene, who will ask those entering the scene if they are willing to allow people to listen. If a scene could be too private or the player within the scene does not feel comfortable with it, they may say no, at which point the effects of Basic Necrokinetics fail and the user of the skill is refunded their 5 Mind points, knowing that the scene is lost within the noise of the shared consciousness.', 43);
INSERT INTO public.necrotopia_skillratings VALUES (89, 2, 'This skill has the skill prerequisite of Basic Necrokinetics. By spending 10 Mind points and engaging in a Psionic Attack, the user can allow the Target to temporarily gain access to a single available Lore (from the Lore list in the section that follows) that the user does not currently have. The knowledge gained by this temporary Lore is gained from whispers from the shared consciousness of the Mortis Amaranthine (Grave Mind) and is available for 30 minutes from the time of use. Users of this skill are encouraged to keep a prop journal with them that contains a list of all lores. When this skill is complete the user (not the Target) gains a Fracture as they have worked as an antenna and funnel for knowledges gained from outside the ability of a minds id and ego. This skill may also be used, based on module design and written restrictions, to gain information in specific Mortis Amaranthinerelated scenes. Staff members are encouraged to create and work with players to create modern and local stories, Lores, and resources from recently dead individuals in the area. Players wanting to use this aspect of the skill in this way should put in a plot request (instead of just doing it on the fly) to allow staff to prepare a great story and experience.', 43);
INSERT INTO public.necrotopia_skillratings VALUES (90, 3, 'This skill has the skill prerequisite of Proficient Necrokinetics. This skill cannot be used if the user currently has a Fracture (subdued or active). By spending 1 Resolve and engaging in a Psionic Attack on a willing or Subdued Target, the Target becomes wracked with pain and Stunned for 5 minutes for every Fracture and each progressed stage of a Disease a Target has, up to a maximum of 30 minutes. During the duration of the removal of Diseases and Fractures the user of this skill must engage the Target in role-playing a form of mental psychic surgery. At the end of the time, the Diseases and Fractures are removed. For example, if the Target has four Fractures and a Disease that has progressed to Stage 4, then the Target would be wracked with pain and Stunned for 30 minutes instead of 40 minutes. Standard time restraints on when a Fracture is gained and when it can be removed still apply. Master Necrokinetics is not a Combat skill and cannot be used in the middle of a skirmish. Before using this skill on an LC or SC, speak with them ahead of time for steering purposes to make sure that they are okay with this change in role-play for their character. The process for rebuilding an individuals health and mind is in truth agitating the Mortis Amaranthine and the connection that exists between the Infection and the shared undead consciousness. If an individual has more than a total of three stages of Disease (single Disease or shared Disease levels) or three or more Fractures removed this way, this action must be reported to Logistics so that staff have the option of transferring these Diseases and Fractures to zombie threats that are out in the world (or other plot uses such as Disease Mutation and Outbreaks). This counts as a CvC action when used against unwilling and Subdued LCs or SCs.', 43);
INSERT INTO public.necrotopia_skillratings VALUES (91, 1, 'With this skill, an individual may spend 5 Mind points and make a Psionic Attack to cause 5 Body damage. This effect is instantaneous and can be used as a Killing Blow. To call this effect, say, Psionic: 5 Body. This skill may also be used on a blueprint, brew, or meal to cause the single item struck to be destroyed. To use this effect call Psionic: Break (Blueprint, Brew, or Meal). If this effect is being used on a target being held by a person, that person may counter with effects from the Mental Endurance tree if they have the skills to do so. If the target is not currently being held by a person, or that person does not have Mental Endurance, defense skills cannot be used to counter a Psionic Attack.', 40);
INSERT INTO public.necrotopia_skillratings VALUES (92, 2, 'This skill has the skill prerequisite of Basic Pyrokinetics. By spending 10 Mind points and making a Psionic Attack the user may do grievous harm to a Target. To call this skill say, Psionic: 20 Body. Use of this skill causes the hands of the user to ash and char over time, which should be costumed appropriately.', 40);
INSERT INTO public.necrotopia_skillratings VALUES (93, 3, 'This skill has the skill prerequisite of Proficient Pyrokinetics. This skill cannot be used if the user currently has a Fracture (subdued or active) and use of this skill causes the user to gain 1 Fracture. By spending 1 Resolve, all Targets within a 3 step range erupt into flames. This is a brute force attack and does not allow the user to limit their targeting (meaning it targets everyone within the area including friends, foes, and users themselves). This skill may be used during Bleed Out and is a favorite to cause spiteful damage to a swarm of undead consuming the user. To use this skill say, Psionic: 3 Steps30 Body, Self Break all Brews and Injections. This counts as a CvC action when used against LCs or SCs. This skill cannot be defended against by Basic Mental Endurance, but can be countered by Master Mental Endurance.', 40);
INSERT INTO public.necrotopia_skillratings VALUES (94, 1, 'By spending 5 Mind points, an individual with Basic Sailing can sail a ship during any sailing modules during play. Sailing modules include ship-based modules where individuals may need to engage in toyetic play. An individual with Basic Sailing may also use items that require Basic Sailing and may purchase one item off of the Sailing: Basic category from the list in Public Works once per event.', 37);
INSERT INTO public.necrotopia_skillratings VALUES (95, 2, 'This skill has the skill prerequisite of Basic Sailing. With Proficient Sailing, an individual may use any equipment that requires Proficient Sailing. In addition, an individual with this skill may spend 5 Mind points and state Im the captain while sailing a ship during a sailing module during play to ignore any damage and skill effects being done to them for 1 minute. During this time, the user cannot engage in combat or use any skills other than sailing the ship. An individual with Proficient Sailing may also purchase one item off of the Sailing: Proficient category from the list at Public Works once per event.', 37);
INSERT INTO public.necrotopia_skillratings VALUES (96, 3, 'This skill has the skill prerequisite of Proficient Sailing. An individual with Master Sailing may spend 10 Mind points during a sailing module during play and say, Hard to starboard! while sailing the ship. This causes any enemies on the ship to temporarily be knocked off the ship for 1 minute as the person with Master Sailing quickly turns the ship, unbalancing them. In addition, those with Master Sailing may use items and equipment that require Master Sailing and may purchase 1 item off of the Sailing: Master category from the list at the Public Works once per event. 

An individual with Master Sailing may also submit an Action Request 1 month in advance to request a sailing module. Up to 10 others may participate in this sailing module if they have any tier of the Sailing skill. The individual with the Master Sailing skill may only request this module once per event. If multiple people request a sailing module in the same month, then they will participate in the same module. If the module is successfully completed, each person will receive Gizmo: Free X Sailing Voucher, where X is the tier of the Sailing skill that they possess. For example, an individual with Basic Sailing would receive Gizmo: Free Basic Sailing Voucher. This gizmo will allow them to go to the Public Works an additional time during an event to receive a free item from the Sailing category that the gizmo is for. For example, a person with Gizmo: Free Basic Sailing Voucher would receive one free item from the Sailing: Basic category list.

Each game can adjust how module request skills work, within the basic scope of the intent of the skill, to make the skill work for their local game. Please check your games transparency documentation for these details before using the module request portion of this skill.', 37);
INSERT INTO public.necrotopia_skillratings VALUES (97, 1, 'With this skill, an individual can spend 5 Mind points and 30 minutes of Active Role-Play in a wilderness area searching for wreckage or other items. After that time, they may go to the Public Works to receive either 1 Machined Components or 1 Synthetic Fibers. This skill can also be used with Basic Salvage item cards to produce resources (see Salvage Item cards on page 168 for more details.)', 3);
INSERT INTO public.necrotopia_skillratings VALUES (98, 2, 'This skill has the skill prerequisite of Basic Salvaging. With this skill, an individual can spend 10 Mind points and 30 minutes of Active Role-Play in a wilderness area searching for wreckage or other items. After that time, they may go to the Public Works to receive either 1 Plastics or 1 Mechanical Components. This skill can also be used with Proficient Salvage item cards to produce resources (see Salvage Item cards for more details.)', 3);
INSERT INTO public.necrotopia_skillratings VALUES (99, 3, 'This skill has the skill prerequisite of Proficient Salvaging. With this skill, an individual may spend 15 Mind points and 30 minutes of Active Role-Play in a wilderness area searching for wreckage or other items. After that time, they may go to the Public Works to receive 1 Recovered Electronics. This skill can also be used with Master Salvage item cards to produce resources (see Salvage Item cards on page 162 for more details.)', 3);
INSERT INTO public.necrotopia_skillratings VALUES (100, 1, 'Basic Shield is a free skill all characters have.', 23);
INSERT INTO public.necrotopia_skillratings VALUES (101, 2, 'This skill has no skill prerequisite, as Basic Shield is a free skill all characters have. This skill allows an individual to spend 5 Mind points for a single use of mechanics awarded by Shield items that have been crafted to at least a Proficient level.', 23);
INSERT INTO public.necrotopia_skillratings VALUES (102, 3, 'This skill has the skill prerequisite of Proficient Shield. This skill allows an individual to spend 10 Mind points for a single use of mechanics awarded by Shield items that have been crafted to a Master level.', 23);
INSERT INTO public.necrotopia_skillratings VALUES (103, 1, 'An individual with this skill may learn up to five very valuable pieces of information at check-in or at the Public Works once the event has started, due to chatting and talking with people between gathers. This can include times of meetings, information about the plot that month, and other useful details. An individual with this skill is also recognized as a well-known face within town. During any private meeting or event, a person with Basic Social Influence may simply spend 5 Mind points to gain access. This goodwill lasts for 30 minutes before an individual must use the skill again to remain in attendance. The person using this skill should act like they belong at the event and should ingratiate themselves into the environment so that it seems like they belong and that theyre an okay person to have around. This does not prevent repercussions later.', 31);
INSERT INTO public.necrotopia_skillratings VALUES (104, 2, 'This skill has the skill prerequisite of Basic Social Influence. With this skill, an individual may spend 10 Mind points while talking to a person extensively during 30 minutes, engaging in Active Participation with the other person as the individual attempts to resolve any issues that they may have. At the end of 30 minutes, 1 Fracture is resolved if the Target and the user of this skill agree that the Fracture was addressed and resolved. In the instance that the Target does not feel it was, they may require more time and engagement to work on the Fracture. Remember that once a Fracture has been gained, you cannot remove or suppress it for the first 2 hours after it is added to a character sheet', 31);
INSERT INTO public.necrotopia_skillratings VALUES (105, 3, 'This skill has the skill prerequisite of Proficient Social Influence. With this skill, an individual may spend 1 Resolve while talking to a person extensively for 30 minutes, engaging in Active Role-Play with the Target as the individual attempts to resolve any issues that the Target may have. This does not resolve Fractures. At the end of 30 minutes, the Target gains 1 Resolve. This skill cannot be used if the user currently has a Fracture (subdued or active).', 31);
INSERT INTO public.necrotopia_skillratings VALUES (106, 1, 'By spending 5 Mind points, an individual with this skill may put up the Stealth symbol while under cover after dark and away from bright lights and may remain unseen as long as the Stealth symbol is raised. The user can walk around, but must make every effort to be stealthy while using this skill and cannot talk or interact with objects or Basic Stealth immediately ends.', 38);
INSERT INTO public.necrotopia_skillratings VALUES (107, 2, 'This skill has the skill prerequisite of Basic Stealth. An individual with Proficient Stealth may spend 10 minutes camouflaging themselves or a Target with costuming appropriate to the local terrain. After 10 minutes, the user may then immediately expend 10 Mind points after night falls and the Target may put up the Stealth symbol three times total in the next hour. The Target cannot use the Stealth symbol in artificial or bright light. If an individual uses the Awareness skill, the Stealth skill is immediately canceled and cannot be used again for another 5 minutes. Examples of camouflage costume changes include using camouflage fabric and costuming appropriate to the local terrain (mottled whites if its snowy and mottled greens if its forested) that actually helps the person blend into their environment in real life.

 An individual with this skill may also do a full costume change, including heavy makeup or face covering, and may spend 5 Mind points to be in disguise for a total of 30 minutes. The user must make every attempt to keep players from recognizing them out of character. While in disguise, the user must craft an alternate persona with a different Strain, personality, and mind-set that does not mimic another LC, SC, or Extra. At the end of the 30 minutes, the person may expend another 5 Mind points to continue acting as the same persona for another 30 minutes. While in disguise, other Extras, SCs, and LCs cannot recognize the character for who they are. The Awareness skill does not counter the disguise.', 38);
INSERT INTO public.necrotopia_skillratings VALUES (108, 3, 'This skill cannot be used if the user currently has a Fracture (subdued or active) or if they are suffering from at least two Mangled Limbs. An individual with Master Stealth may spend 1 Resolve and declare Never here. They should then immediately put the out-of-game symbol above their head and go to Logistics. They will then be spawned into the world in a different location per Guide discretion. This skill represents an individual throwing down a smoke bomb or other device that gives them a screen in order to get away.

This skill is countered by the mechanical skill of No Escape which exists in rare single use items and is a skill that certain higher tier threat antagonists. If this skill is is countered with No Escape the user attempting to use Master Stealth does not gain a Fracture but still expends the 1 Resolve. The Awareness skill does not counter the use of Never Here.', 38);
INSERT INTO public.necrotopia_skillratings VALUES (109, 1, 'With this skill, an individual may spend 5 Mind points and make a Psionic Attack to cause a Target to drop what they have in one of their hands and send it at least one step toward the user of Telekinetics. If an item requires two hands to carry or use, then the item in both hands is dropped. The downward force of this psionic impulse is strong enough that it will break any tethering-like equipment that a Target may have attached to their equipment to prevent it from hitting the ground. To call this effect say, Psionic: Drop (left hand/right hand) toward me.', 41);
INSERT INTO public.necrotopia_skillratings VALUES (110, 2, 'This skill has the skill prerequisite of Basic Telekinetics. The user may spend 10 Mind points and make a Psionic Attack on a Target, who will be thrown through the air and land Stunned five steps opposite the direction of the user or until they hit a much larger solid object (e.g., wall, tree, inbound train, etc.). People are not enough to prevent a Target from being pushed back by Proficient Telekinesis. To call this skill say, Psionic: Knock back five steps and Stun. Users of this skill may use it on themselves to propel themselves without touching the ground for five steps. This may be used to avoid five feet of ground plot mechanics (e.g., a floor of lava) or to propel themselves when they are unable to use their limbs to move. Self-use still includes 5 seconds of Stun at the end.', 41);
INSERT INTO public.necrotopia_skillratings VALUES (111, 3, 'This skill has the skill prerequisite of Proficient Telekinetics. This skill cannot be used if the user currently has a Fracture (subdued or active). By spending 1 Resolve and engaging a Target with a Psionic Attack, the user of this skill can call, Break all armor and brews. The counter for this skill is the Mental Endurance skill tree, and this counts as one Psionic Attack, meaning that negating the skill once causes it to be negated for all effects. This counts as a CvC action when used against LCs or SCs.', 41);
INSERT INTO public.necrotopia_skillratings VALUES (112, 1, 'With this skill, an individual may spend 5 Mind points, make eye contact, and make a Psionic Attack on a Creature (made with Support Guide) while saying no more than three words. These three words may be basic instructions that the Beast will follow until they are harmed (e.g., lose health or an effect), until the instructions cause the Creature to act in a self-destructive way, until 10 minutes have passed, or until they reach a point where the request is outside their capacities (e.g., asking a fish to fly, a goat to play a guitar, etc.). Be forewarned: It should be noted that if a creature is instructed to attack someone, and the creature is wounded by the person they are attacking, breaking the Telepathy most likely will not stop the wounded Critter from attacking since it was just attacked. It should also be noted that some larger or more dangerous creatures may have some limited means of Mental Endurance! Remember, Creatures are still being represented by Extras, and while it may seem funny to make your friends do embarrassing things, you should respect Extras comfort levels and limitations. To call this effect say, Psionic: Suggestion ([three words here]).', 42);
INSERT INTO public.necrotopia_skillratings VALUES (113, 2, 'This skill has the skill prerequisite of Basic Telepathy. The user may spend 10 Mind points, make eye contact, and engage in a Psionic Attack on a Target, who must then speak without a filter (all internalized thoughts become vocalized) for 5 minutes. While the Target of this skill has a great degree of agency regarding what information they want to share for flavor text, any question that is asked of the Target in the 5 minutes must be answered without limitation. This skill does not cause traditionally mute characters to speak; however, targeted mute characters will do their best to communicate. This skill can be countered by Mental Endurance skills and partially by inflicting a Choking Blow on the Target. While a Choking Blow will prevent verbal communication, the Target will still attempt to communicate using nonverbal means. The Target cannot choose to just not speak if the effect is successful. To call this skill say, Psionic: Suggestion: Speak without filters.', 42);
INSERT INTO public.necrotopia_skillratings VALUES (114, 3, 'This skill has the skill prerequisite of Proficient Telepathy. This skill cannot be used if the user currently has a Fracture (subdued or active). By spending 1 Resolve and engaging a Target with a Psionic Attack, the Target becomes overwhelmed with the sights, sounds, and visions that flood the mind until the mind is incapable of handling any more and it shuts off. To call this attack say, Psionic: Blinding, Stun, 10 Body. This attack counts as a single attack, and if the Target wishes to resist with Mental Endurance (and has the skills to do so) only a single use is required to negate all effects. This counts as a CvC action when used against LCs or SCs.', 42);
INSERT INTO public.necrotopia_skillratings VALUES (115, 1, 'Basic Thrown Weapon is a free skill all characters have', 24);
INSERT INTO public.necrotopia_skillratings VALUES (116, 2, 'This skill has no skill prerequisite, as Basic Thrown Weapon is a free skill all characters have. This skill allows an individual to spend 5 Mind points for a single use of mechanics awarded by Thrown Weapon items that have been crafted to at least a Proficient level.', 24);
INSERT INTO public.necrotopia_skillratings VALUES (117, 3, 'This skill has the skill prerequisite of Proficient Thrown Weapon. This skill allows an individual to spend 10 Mind points for a single use of mechanics awarded by Thrown Weapon items that have been crafted to a Master level.', 24);
INSERT INTO public.necrotopia_skillratings VALUES (118, 1, 'An individual with this skill may gain access to a specialty buyers list at the Public Works. Once per event, they may purchase a single item from the Basic Trade Connections list. In addition, an individual may trade up to three Uncommon Herb for three Uncommon Scrap at the Public Works once per event', 32);
INSERT INTO public.necrotopia_skillratings VALUES (119, 2, 'This skill has the skill prerequisite of Basic Trade Connections. An individual with this skill may gain access to a specialty buyers list at the Public Works. Once per event, they may purchase a single item from the Proficient Trade Connections list. In addition, an individual may trade up to three Rare Herb for three Rare Scrap at the Public Works once per event.', 32);
INSERT INTO public.necrotopia_skillratings VALUES (120, 3, 'This skill has the skill prerequisite of Proficient Trade Connections. An individual with this skill may gain access to a specialty buyers list at the Public Works. Once per event, they may purchase a single item from the Master Trade Connections list. In addition, an individual may trade up to three Named Herb for three Named Scrap at the Public Works once per event.', 32);
INSERT INTO public.necrotopia_skillratings VALUES (121, 1, 'By spending 5 Mind points, an individual with Basic Trailblazing may engage in any toyetic modules that involve driving Diesel Jock rides. A person with Basic Trailblazing may also use any items that require Basic Trailblazing. In addition, an individual with Basic Trailblazing knows where to find rare metals and materials while on the road; they may spend 5 Mind points and go to the Public Works once per event to collect either 1 Alloy Metal or 1 Conductive Metal.', 1);
INSERT INTO public.necrotopia_skillratings VALUES (122, 2, 'This skill has the skill prerequisite of Basic Trailblazing. By spending 5 Mind points at the beginning of game, an individual with Proficient Trailblazing may skip any opening modules when visiting a home or away game and enter directly into play as long as they have a ride of some kind. They may also use any items that require Proficient Trailblazing. In addition, individuals with Proficient Trailblazing know where to find rare metals and materials while on the road; they may spend 5 Mind points and go to the Public Works once per event to collect either 1 Hard Metal or 1 Radioactive Metal.', 1);
INSERT INTO public.necrotopia_skillratings VALUES (123, 3, 'This skill has the skill prerequisite of Proficient Trailblazing. By spending 10 Mind points at the beginning of game play, an individual may use their ride to carry up to three others into play, allowing them to skip the opening module in a home or travel game. In addition, an individual with Master Trailblazing knows where to find rare metals and materials while on the road; they may spend 10 Mind points and go to the Public Works once per event to collect 1 Soft Metal.', 1);
INSERT INTO public.necrotopia_skillratings VALUES (124, 1, 'Basic Unarmed Combat is a free skill all characters have.', 25);
INSERT INTO public.necrotopia_skillratings VALUES (125, 2, 'This skill has no skill prerequisite, as Basic Unarmed Combat is a free skill all characters have. This skill allows an individual to spend 5 Mind points for a single use of mechanics awarded by Unarmed Combat items that have been crafted to at least a Proficient level. With Proficient Unarmed Combat a player using brawlers may block with their brawlers without taking damage or effects from Strikes that land on the brawlers. Strikes that land on the rest of the real arm (not the brawlers) still count as legal Strikes.', 25);
INSERT INTO public.necrotopia_skillratings VALUES (126, 3, 'This skill has the skill prerequisite of Proficient Unarmed Combat. This skill allows an individual to spend 10 Mind points for a single use of mechanics awarded by Unarmed Combat items that have been crafted to a Master level. By spending 10 Mind points and landing a successful Strike with a brawler to the torso (no other means), a character with this skill can call Knockout. This causes the Target of the skill to fall over Unconscious and remain Unconscious for 5 minutes or until the Target takes any damage or any form of mechanical effect (after completion), or until someone role-plays at least 30 seconds of working to rouse the Unconscious character.', 25);


--
-- TOC entry 4851 (class 0 OID 21412)
-- Dependencies: 269
-- Data for Name: necrotopia_title; Type: TABLE DATA; Schema: public; Owner: doadmin
--

INSERT INTO public.necrotopia_title VALUES (1, 'Mr.');
INSERT INTO public.necrotopia_title VALUES (2, 'Mrs.');
INSERT INTO public.necrotopia_title VALUES (3, 'Ms.');
INSERT INTO public.necrotopia_title VALUES (4, 'Mx.');
INSERT INTO public.necrotopia_title VALUES (5, 'Dr.');


--
-- TOC entry 4853 (class 0 OID 21416)
-- Dependencies: 271
-- Data for Name: necrotopia_usefullinks; Type: TABLE DATA; Schema: public; Owner: doadmin
--



--
-- TOC entry 4855 (class 0 OID 21422)
-- Dependencies: 273
-- Data for Name: necrotopia_userprofile; Type: TABLE DATA; Schema: public; Owner: doadmin
--

INSERT INTO public.necrotopia_userprofile VALUES (2, 'pbkdf2_sha256$600000$1FZmf0D7UJTR64jViUR7p1$glpCpoN/t/ZNoAz0gmPJIPX1fv0t5x5T73j+8gj70as=', '2023-06-14 01:36:49.640612+00', '', '', 'wlcarden@gmail.com', NULL, false, true, false, '2023-06-14 01:28:53.504357+00', NULL, NULL, NULL, true);
INSERT INTO public.necrotopia_userprofile VALUES (3, 'pbkdf2_sha256$600000$pKEkvoQUf7TomW55F1lJOP$59s5T3+KqFrc9s3wh7E8geTgFSLg14d4uusbaKVM+BI=', '2023-06-27 18:36:53.944065+00', 'Michael', 'Sir', 'fleahcim@earthlink.net', NULL, true, true, false, '2023-06-27 17:56:14+00', NULL, NULL, NULL, true);
INSERT INTO public.necrotopia_userprofile VALUES (1, 'pbkdf2_sha256$600000$KzaYmJHS39G2JBWG46fsg0$X7IgQ3/tdRPH/0dqpK+yKMcebHTprktj1n1bVzehQKs=', '2023-07-20 16:23:56.37862+00', 'Eiredrake', 'Ed Kramer', 'eiredrake@gmail.com', 'whatever', true, true, true, '2023-06-07 19:23:19+00', NULL, 8, 1, true);


--
-- TOC entry 4856 (class 0 OID 21428)
-- Dependencies: 274
-- Data for Name: necrotopia_userprofile_groups; Type: TABLE DATA; Schema: public; Owner: doadmin
--



--
-- TOC entry 4859 (class 0 OID 21433)
-- Dependencies: 277
-- Data for Name: necrotopia_userprofile_user_permissions; Type: TABLE DATA; Schema: public; Owner: doadmin
--



--
-- TOC entry 4861 (class 0 OID 21437)
-- Dependencies: 279
-- Data for Name: password_history_passwordhistory; Type: TABLE DATA; Schema: public; Owner: doadmin
--

INSERT INTO public.password_history_passwordhistory VALUES (1, 'pbkdf2_sha256$200000$EltPmyBPma88mAcsrcX6xvimGEhy5xaipvwMjpCnrpOou0VZm2yA3VnDzCMaSMFmzbFZLjcw0EbhRo8Xwj1jfrq7lQSqRZfCPATcjDwRoa2KAmgi14tIp656$0hMGDip095dMuaujLGDCfV1EmmNHaapd71n+GAFB6PQ=', '2023-06-07 19:23:19.613791+00', 1);
INSERT INTO public.password_history_passwordhistory VALUES (2, 'pbkdf2_sha256$200000$2PihSe4fzkqFUD4xsJgVDIUtnIfpLTOipVeBHedCELzqRfwb3p7IGyvbdL9YKapya8W9xjXE6JdjngIFEDb5GY9GvyboDrw5OcgfUHRU8hBEUSmEAF3WmXL8$1tkIg1O6YvJQwPdfKCrUtTMYfF3YX89xXTLwPeZi1P0=', '2023-06-14 01:28:54.074653+00', 2);
INSERT INTO public.password_history_passwordhistory VALUES (3, 'pbkdf2_sha256$200000$LZhK2fQd7poH7VozVzCDGJdyj5Gpq4D0iszUgZfSNEcvSCNr39PlXwx1iZStDBTGXpGHLW1Lkxhvyza5a2REToc7qkqCOe9ojCp70RmB7ynRchX7BUXO496Z$AjZd69en8P9bncYDFXZJdHMt2ziDLc15adhT2hQHL+M=', '2023-06-27 17:56:15.092097+00', 3);


--
-- TOC entry 4863 (class 0 OID 21441)
-- Dependencies: 281
-- Data for Name: password_history_userpasswordhistoryconfig; Type: TABLE DATA; Schema: public; Owner: doadmin
--

INSERT INTO public.password_history_userpasswordhistoryconfig VALUES (1, '2023-06-07 19:23:19.469502+00', 'EltPmyBPma88mAcsrcX6xvimGEhy5xaipvwMjpCnrpOou0VZm2yA3VnDzCMaSMFmzbFZLjcw0EbhRo8Xwj1jfrq7lQSqRZfCPATcjDwRoa2KAmgi14tIp656', 200000, 1);
INSERT INTO public.password_history_userpasswordhistoryconfig VALUES (2, '2023-06-14 01:28:53.948825+00', '2PihSe4fzkqFUD4xsJgVDIUtnIfpLTOipVeBHedCELzqRfwb3p7IGyvbdL9YKapya8W9xjXE6JdjngIFEDb5GY9GvyboDrw5OcgfUHRU8hBEUSmEAF3WmXL8', 200000, 2);
INSERT INTO public.password_history_userpasswordhistoryconfig VALUES (3, '2023-06-27 17:56:14.958465+00', 'LZhK2fQd7poH7VozVzCDGJdyj5Gpq4D0iszUgZfSNEcvSCNr39PlXwx1iZStDBTGXpGHLW1Lkxhvyza5a2REToc7qkqCOe9ojCp70RmB7ynRchX7BUXO496Z', 200000, 3);


--
-- TOC entry 4865 (class 0 OID 21445)
-- Dependencies: 283
-- Data for Name: taggit_tag; Type: TABLE DATA; Schema: public; Owner: doadmin
--

INSERT INTO public.taggit_tag VALUES (1, 'mind', 'mind');
INSERT INTO public.taggit_tag VALUES (2, 'townies', 'townies');
INSERT INTO public.taggit_tag VALUES (3, 'brew', 'brew');
INSERT INTO public.taggit_tag VALUES (4, 'general', 'general');
INSERT INTO public.taggit_tag VALUES (5, 'angry', 'angry');
INSERT INTO public.taggit_tag VALUES (6, 'gizmo', 'gizmo');
INSERT INTO public.taggit_tag VALUES (7, 'anchor', 'anchor');
INSERT INTO public.taggit_tag VALUES (8, 'body', 'body');
INSERT INTO public.taggit_tag VALUES (9, 'aa', 'aa');
INSERT INTO public.taggit_tag VALUES (10, 'townie', 'townie');
INSERT INTO public.taggit_tag VALUES (11, 'ingested', 'ingested');
INSERT INTO public.taggit_tag VALUES (12, 'healing', 'healing');
INSERT INTO public.taggit_tag VALUES (13, 'storage', 'storage');
INSERT INTO public.taggit_tag VALUES (14, 'trap', 'trap');
INSERT INTO public.taggit_tag VALUES (15, ' june', 'june');
INSERT INTO public.taggit_tag VALUES (16, ' february', 'february');
INSERT INTO public.taggit_tag VALUES (17, ' april', 'april');
INSERT INTO public.taggit_tag VALUES (18, 'january', 'january');
INSERT INTO public.taggit_tag VALUES (19, ' march', 'march');
INSERT INTO public.taggit_tag VALUES (20, ' may', 'may');
INSERT INTO public.taggit_tag VALUES (21, ' october', 'october');
INSERT INTO public.taggit_tag VALUES (22, ' december', 'december');
INSERT INTO public.taggit_tag VALUES (23, ' november', 'november');
INSERT INTO public.taggit_tag VALUES (24, 'july', 'july');
INSERT INTO public.taggit_tag VALUES (25, ' august', 'august');
INSERT INTO public.taggit_tag VALUES (26, ' september', 'september');
INSERT INTO public.taggit_tag VALUES (27, 'metal', 'metal');
INSERT INTO public.taggit_tag VALUES (28, ' trailblazing', 'trailblazing');
INSERT INTO public.taggit_tag VALUES (29, 'basic', 'basic');
INSERT INTO public.taggit_tag VALUES (30, 'resource', 'resource');
INSERT INTO public.taggit_tag VALUES (31, 'proficient', 'proficient');
INSERT INTO public.taggit_tag VALUES (32, 'master', 'master');
INSERT INTO public.taggit_tag VALUES (34, 'trailblazing', 'trailblazing_1');
INSERT INTO public.taggit_tag VALUES (35, 'natural', 'natural');
INSERT INTO public.taggit_tag VALUES (36, ' forage', 'forage');
INSERT INTO public.taggit_tag VALUES (37, ' salvage', 'salvage');
INSERT INTO public.taggit_tag VALUES (38, 'recovered', 'recovered');
INSERT INTO public.taggit_tag VALUES (39, ' materials', 'materials');
INSERT INTO public.taggit_tag VALUES (41, 'forage', 'forage_1');
INSERT INTO public.taggit_tag VALUES (43, 'materials', 'materials_1');
INSERT INTO public.taggit_tag VALUES (45, 'salvage', 'salvage_1');
INSERT INTO public.taggit_tag VALUES (46, ' agriculture', 'agriculture');
INSERT INTO public.taggit_tag VALUES (47, 'produce', 'produce');
INSERT INTO public.taggit_tag VALUES (48, 'hunting', 'hunting');
INSERT INTO public.taggit_tag VALUES (49, 'herb', 'herb');
INSERT INTO public.taggit_tag VALUES (51, ' july', 'july_1');
INSERT INTO public.taggit_tag VALUES (52, 'devoted', 'devoted');
INSERT INTO public.taggit_tag VALUES (53, 'elitariat', 'elitariat');
INSERT INTO public.taggit_tag VALUES (54, 'evolved', 'evolved');
INSERT INTO public.taggit_tag VALUES (55, 'gorger', 'gorger');
INSERT INTO public.taggit_tag VALUES (56, 'landsman', 'landsman');
INSERT INTO public.taggit_tag VALUES (57, 'mutant', 'mutant');
INSERT INTO public.taggit_tag VALUES (58, 'nomad', 'nomad');
INSERT INTO public.taggit_tag VALUES (59, ' lineage', 'lineage');
INSERT INTO public.taggit_tag VALUES (60, 'cross', 'cross');
INSERT INTO public.taggit_tag VALUES (61, 'interrogation', 'interrogation');
INSERT INTO public.taggit_tag VALUES (62, 'shady', 'shady');
INSERT INTO public.taggit_tag VALUES (63, 'room', 'room');
INSERT INTO public.taggit_tag VALUES (64, 'augment', 'augment');
INSERT INTO public.taggit_tag VALUES (65, 'torture', 'torture');
INSERT INTO public.taggit_tag VALUES (66, 'culinary', 'culinary');
INSERT INTO public.taggit_tag VALUES (67, 'cooking', 'cooking');
INSERT INTO public.taggit_tag VALUES (68, 'crafting', 'crafting');
INSERT INTO public.taggit_tag VALUES (69, 'component', 'component');
INSERT INTO public.taggit_tag VALUES (70, 'mechanical', 'mechanical');
INSERT INTO public.taggit_tag VALUES (71, 'agricultural', 'agricultural');
INSERT INTO public.taggit_tag VALUES (72, 'handed', 'handed');
INSERT INTO public.taggit_tag VALUES (73, 'bigol', 'bigol');
INSERT INTO public.taggit_tag VALUES (74, 'exotic', 'exotic');
INSERT INTO public.taggit_tag VALUES (75, 'two', 'two');
INSERT INTO public.taggit_tag VALUES (76, 'overpower', 'overpower');
INSERT INTO public.taggit_tag VALUES (77, 'melee', 'melee');
INSERT INTO public.taggit_tag VALUES (78, 'two-handed', 'two-handed');
INSERT INTO public.taggit_tag VALUES (79, '2h', '2h');
INSERT INTO public.taggit_tag VALUES (80, 'faith', 'faith');
INSERT INTO public.taggit_tag VALUES (81, 'mortis', 'mortis');
INSERT INTO public.taggit_tag VALUES (82, 'necro', 'necro');


--
-- TOC entry 4867 (class 0 OID 21449)
-- Dependencies: 285
-- Data for Name: taggit_taggeditem; Type: TABLE DATA; Schema: public; Owner: doadmin
--

INSERT INTO public.taggit_taggeditem VALUES (1, 2, 26, 1);
INSERT INTO public.taggit_taggeditem VALUES (3, 2, 26, 3);
INSERT INTO public.taggit_taggeditem VALUES (4, 1, 26, 1);
INSERT INTO public.taggit_taggeditem VALUES (5, 1, 26, 4);
INSERT INTO public.taggit_taggeditem VALUES (6, 1, 26, 5);
INSERT INTO public.taggit_taggeditem VALUES (7, 1, 26, 6);
INSERT INTO public.taggit_taggeditem VALUES (8, 1, 26, 7);
INSERT INTO public.taggit_taggeditem VALUES (9, 1, 26, 8);
INSERT INTO public.taggit_taggeditem VALUES (10, 1, 26, 9);
INSERT INTO public.taggit_taggeditem VALUES (11, 3, 26, 3);
INSERT INTO public.taggit_taggeditem VALUES (12, 3, 26, 8);
INSERT INTO public.taggit_taggeditem VALUES (13, 3, 26, 10);
INSERT INTO public.taggit_taggeditem VALUES (14, 3, 26, 11);
INSERT INTO public.taggit_taggeditem VALUES (15, 3, 26, 12);
INSERT INTO public.taggit_taggeditem VALUES (16, 4, 26, 5);
INSERT INTO public.taggit_taggeditem VALUES (17, 4, 26, 7);
INSERT INTO public.taggit_taggeditem VALUES (18, 4, 26, 9);
INSERT INTO public.taggit_taggeditem VALUES (19, 4, 26, 13);
INSERT INTO public.taggit_taggeditem VALUES (20, 4, 26, 14);
INSERT INTO public.taggit_taggeditem VALUES (1175, 7, 19, 27);
INSERT INTO public.taggit_taggeditem VALUES (1176, 7, 19, 28);
INSERT INTO public.taggit_taggeditem VALUES (1177, 8, 19, 27);
INSERT INTO public.taggit_taggeditem VALUES (1178, 8, 19, 28);
INSERT INTO public.taggit_taggeditem VALUES (1179, 9, 19, 27);
INSERT INTO public.taggit_taggeditem VALUES (1180, 9, 19, 28);
INSERT INTO public.taggit_taggeditem VALUES (1181, 10, 19, 27);
INSERT INTO public.taggit_taggeditem VALUES (1182, 10, 19, 28);
INSERT INTO public.taggit_taggeditem VALUES (1183, 11, 19, 27);
INSERT INTO public.taggit_taggeditem VALUES (1218, 15, 19, 31);
INSERT INTO public.taggit_taggeditem VALUES (1219, 16, 19, 31);
INSERT INTO public.taggit_taggeditem VALUES (1250, 29, 19, 49);
INSERT INTO public.taggit_taggeditem VALUES (1251, 39, 19, 49);
INSERT INTO public.taggit_taggeditem VALUES (1252, 61, 19, 49);
INSERT INTO public.taggit_taggeditem VALUES (1253, 1, 19, 49);
INSERT INTO public.taggit_taggeditem VALUES (1254, 33, 19, 49);
INSERT INTO public.taggit_taggeditem VALUES (1255, 23, 19, 49);
INSERT INTO public.taggit_taggeditem VALUES (1256, 37, 19, 49);
INSERT INTO public.taggit_taggeditem VALUES (1257, 35, 19, 49);
INSERT INTO public.taggit_taggeditem VALUES (1258, 31, 19, 49);
INSERT INTO public.taggit_taggeditem VALUES (1259, 60, 19, 49);
INSERT INTO public.taggit_taggeditem VALUES (1260, 57, 19, 49);
INSERT INTO public.taggit_taggeditem VALUES (1261, 27, 19, 49);
INSERT INTO public.taggit_taggeditem VALUES (1262, 53, 19, 49);
INSERT INTO public.taggit_taggeditem VALUES (1263, 34, 19, 49);
INSERT INTO public.taggit_taggeditem VALUES (1264, 32, 19, 49);
INSERT INTO public.taggit_taggeditem VALUES (1265, 30, 19, 49);
INSERT INTO public.taggit_taggeditem VALUES (1266, 41, 19, 49);
INSERT INTO public.taggit_taggeditem VALUES (1267, 47, 19, 49);
INSERT INTO public.taggit_taggeditem VALUES (1268, 24, 19, 49);
INSERT INTO public.taggit_taggeditem VALUES (1269, 38, 19, 49);
INSERT INTO public.taggit_taggeditem VALUES (1270, 62, 19, 49);
INSERT INTO public.taggit_taggeditem VALUES (1271, 44, 19, 49);
INSERT INTO public.taggit_taggeditem VALUES (1272, 58, 19, 49);
INSERT INTO public.taggit_taggeditem VALUES (1273, 54, 19, 49);
INSERT INTO public.taggit_taggeditem VALUES (1274, 51, 19, 49);
INSERT INTO public.taggit_taggeditem VALUES (1275, 28, 19, 49);
INSERT INTO public.taggit_taggeditem VALUES (1276, 52, 19, 49);
INSERT INTO public.taggit_taggeditem VALUES (1277, 40, 19, 49);
INSERT INTO public.taggit_taggeditem VALUES (1278, 36, 19, 49);
INSERT INTO public.taggit_taggeditem VALUES (1279, 59, 19, 49);
INSERT INTO public.taggit_taggeditem VALUES (1280, 45, 19, 49);
INSERT INTO public.taggit_taggeditem VALUES (1281, 3, 19, 49);
INSERT INTO public.taggit_taggeditem VALUES (1282, 49, 19, 49);
INSERT INTO public.taggit_taggeditem VALUES (1283, 25, 19, 49);
INSERT INTO public.taggit_taggeditem VALUES (1284, 46, 19, 49);
INSERT INTO public.taggit_taggeditem VALUES (1285, 26, 19, 49);
INSERT INTO public.taggit_taggeditem VALUES (1286, 55, 19, 49);
INSERT INTO public.taggit_taggeditem VALUES (1287, 2, 19, 49);
INSERT INTO public.taggit_taggeditem VALUES (1288, 56, 19, 49);
INSERT INTO public.taggit_taggeditem VALUES (1289, 43, 19, 49);
INSERT INTO public.taggit_taggeditem VALUES (1290, 42, 19, 49);
INSERT INTO public.taggit_taggeditem VALUES (1291, 50, 19, 49);
INSERT INTO public.taggit_taggeditem VALUES (1606, 33, 19, 55);
INSERT INTO public.taggit_taggeditem VALUES (1607, 34, 19, 55);
INSERT INTO public.taggit_taggeditem VALUES (1608, 51, 19, 15);
INSERT INTO public.taggit_taggeditem VALUES (1609, 51, 19, 16);
INSERT INTO public.taggit_taggeditem VALUES (1610, 51, 19, 17);
INSERT INTO public.taggit_taggeditem VALUES (1611, 51, 19, 18);
INSERT INTO public.taggit_taggeditem VALUES (1612, 51, 19, 19);
INSERT INTO public.taggit_taggeditem VALUES (1613, 51, 19, 20);
INSERT INTO public.taggit_taggeditem VALUES (1614, 51, 19, 51);
INSERT INTO public.taggit_taggeditem VALUES (1615, 51, 19, 55);
INSERT INTO public.taggit_taggeditem VALUES (1616, 52, 19, 15);
INSERT INTO public.taggit_taggeditem VALUES (1617, 52, 19, 16);
INSERT INTO public.taggit_taggeditem VALUES (1618, 52, 19, 17);
INSERT INTO public.taggit_taggeditem VALUES (1619, 52, 19, 18);
INSERT INTO public.taggit_taggeditem VALUES (1620, 52, 19, 19);
INSERT INTO public.taggit_taggeditem VALUES (1621, 52, 19, 20);
INSERT INTO public.taggit_taggeditem VALUES (1622, 52, 19, 51);
INSERT INTO public.taggit_taggeditem VALUES (1623, 52, 19, 55);
INSERT INTO public.taggit_taggeditem VALUES (1767, 6, 26, 64);
INSERT INTO public.taggit_taggeditem VALUES (1768, 6, 26, 66);
INSERT INTO public.taggit_taggeditem VALUES (1769, 6, 26, 67);
INSERT INTO public.taggit_taggeditem VALUES (1770, 6, 26, 63);
INSERT INTO public.taggit_taggeditem VALUES (1794, 12, 26, 68);
INSERT INTO public.taggit_taggeditem VALUES (1795, 12, 26, 69);
INSERT INTO public.taggit_taggeditem VALUES (1185, 7, 19, 29);
INSERT INTO public.taggit_taggeditem VALUES (1186, 8, 19, 29);
INSERT INTO public.taggit_taggeditem VALUES (1220, 17, 19, 32);
INSERT INTO public.taggit_taggeditem VALUES (1221, 17, 19, 41);
INSERT INTO public.taggit_taggeditem VALUES (1292, 29, 19, 15);
INSERT INTO public.taggit_taggeditem VALUES (1293, 29, 19, 16);
INSERT INTO public.taggit_taggeditem VALUES (1294, 29, 19, 17);
INSERT INTO public.taggit_taggeditem VALUES (1295, 29, 19, 18);
INSERT INTO public.taggit_taggeditem VALUES (1296, 29, 19, 19);
INSERT INTO public.taggit_taggeditem VALUES (1297, 29, 19, 20);
INSERT INTO public.taggit_taggeditem VALUES (1298, 29, 19, 51);
INSERT INTO public.taggit_taggeditem VALUES (1299, 39, 19, 15);
INSERT INTO public.taggit_taggeditem VALUES (1300, 39, 19, 16);
INSERT INTO public.taggit_taggeditem VALUES (1301, 39, 19, 17);
INSERT INTO public.taggit_taggeditem VALUES (1302, 39, 19, 18);
INSERT INTO public.taggit_taggeditem VALUES (1303, 39, 19, 51);
INSERT INTO public.taggit_taggeditem VALUES (1304, 39, 19, 19);
INSERT INTO public.taggit_taggeditem VALUES (1305, 39, 19, 20);
INSERT INTO public.taggit_taggeditem VALUES (1306, 33, 19, 15);
INSERT INTO public.taggit_taggeditem VALUES (1307, 33, 19, 16);
INSERT INTO public.taggit_taggeditem VALUES (1308, 33, 19, 17);
INSERT INTO public.taggit_taggeditem VALUES (1309, 33, 19, 18);
INSERT INTO public.taggit_taggeditem VALUES (1310, 33, 19, 51);
INSERT INTO public.taggit_taggeditem VALUES (1311, 33, 19, 19);
INSERT INTO public.taggit_taggeditem VALUES (1312, 33, 19, 20);
INSERT INTO public.taggit_taggeditem VALUES (1313, 23, 19, 15);
INSERT INTO public.taggit_taggeditem VALUES (1314, 23, 19, 16);
INSERT INTO public.taggit_taggeditem VALUES (1315, 23, 19, 17);
INSERT INTO public.taggit_taggeditem VALUES (1316, 23, 19, 18);
INSERT INTO public.taggit_taggeditem VALUES (1317, 23, 19, 51);
INSERT INTO public.taggit_taggeditem VALUES (1318, 23, 19, 19);
INSERT INTO public.taggit_taggeditem VALUES (1319, 23, 19, 20);
INSERT INTO public.taggit_taggeditem VALUES (1320, 37, 19, 15);
INSERT INTO public.taggit_taggeditem VALUES (1321, 37, 19, 16);
INSERT INTO public.taggit_taggeditem VALUES (1322, 37, 19, 17);
INSERT INTO public.taggit_taggeditem VALUES (1323, 37, 19, 18);
INSERT INTO public.taggit_taggeditem VALUES (1324, 37, 19, 51);
INSERT INTO public.taggit_taggeditem VALUES (1325, 37, 19, 19);
INSERT INTO public.taggit_taggeditem VALUES (1326, 37, 19, 20);
INSERT INTO public.taggit_taggeditem VALUES (1327, 35, 19, 15);
INSERT INTO public.taggit_taggeditem VALUES (1328, 35, 19, 16);
INSERT INTO public.taggit_taggeditem VALUES (1329, 35, 19, 17);
INSERT INTO public.taggit_taggeditem VALUES (1330, 35, 19, 18);
INSERT INTO public.taggit_taggeditem VALUES (1331, 35, 19, 51);
INSERT INTO public.taggit_taggeditem VALUES (1332, 35, 19, 19);
INSERT INTO public.taggit_taggeditem VALUES (1333, 35, 19, 20);
INSERT INTO public.taggit_taggeditem VALUES (1334, 31, 19, 15);
INSERT INTO public.taggit_taggeditem VALUES (1335, 31, 19, 16);
INSERT INTO public.taggit_taggeditem VALUES (1336, 31, 19, 17);
INSERT INTO public.taggit_taggeditem VALUES (1337, 31, 19, 18);
INSERT INTO public.taggit_taggeditem VALUES (1338, 31, 19, 51);
INSERT INTO public.taggit_taggeditem VALUES (1339, 31, 19, 19);
INSERT INTO public.taggit_taggeditem VALUES (1340, 31, 19, 20);
INSERT INTO public.taggit_taggeditem VALUES (1341, 27, 19, 15);
INSERT INTO public.taggit_taggeditem VALUES (1342, 27, 19, 16);
INSERT INTO public.taggit_taggeditem VALUES (1343, 27, 19, 17);
INSERT INTO public.taggit_taggeditem VALUES (1344, 27, 19, 18);
INSERT INTO public.taggit_taggeditem VALUES (1345, 27, 19, 51);
INSERT INTO public.taggit_taggeditem VALUES (1346, 27, 19, 19);
INSERT INTO public.taggit_taggeditem VALUES (1347, 27, 19, 20);
INSERT INTO public.taggit_taggeditem VALUES (1348, 34, 19, 15);
INSERT INTO public.taggit_taggeditem VALUES (1349, 34, 19, 16);
INSERT INTO public.taggit_taggeditem VALUES (1350, 34, 19, 17);
INSERT INTO public.taggit_taggeditem VALUES (1351, 34, 19, 18);
INSERT INTO public.taggit_taggeditem VALUES (1352, 34, 19, 51);
INSERT INTO public.taggit_taggeditem VALUES (1353, 34, 19, 19);
INSERT INTO public.taggit_taggeditem VALUES (1354, 34, 19, 20);
INSERT INTO public.taggit_taggeditem VALUES (1355, 32, 19, 15);
INSERT INTO public.taggit_taggeditem VALUES (1356, 32, 19, 16);
INSERT INTO public.taggit_taggeditem VALUES (1357, 32, 19, 17);
INSERT INTO public.taggit_taggeditem VALUES (1358, 32, 19, 18);
INSERT INTO public.taggit_taggeditem VALUES (1359, 32, 19, 51);
INSERT INTO public.taggit_taggeditem VALUES (1360, 32, 19, 19);
INSERT INTO public.taggit_taggeditem VALUES (1361, 32, 19, 20);
INSERT INTO public.taggit_taggeditem VALUES (1362, 30, 19, 15);
INSERT INTO public.taggit_taggeditem VALUES (1363, 30, 19, 16);
INSERT INTO public.taggit_taggeditem VALUES (1364, 30, 19, 17);
INSERT INTO public.taggit_taggeditem VALUES (1365, 30, 19, 18);
INSERT INTO public.taggit_taggeditem VALUES (1366, 30, 19, 51);
INSERT INTO public.taggit_taggeditem VALUES (1367, 30, 19, 19);
INSERT INTO public.taggit_taggeditem VALUES (1368, 30, 19, 20);
INSERT INTO public.taggit_taggeditem VALUES (1369, 41, 19, 15);
INSERT INTO public.taggit_taggeditem VALUES (1370, 41, 19, 16);
INSERT INTO public.taggit_taggeditem VALUES (1371, 41, 19, 17);
INSERT INTO public.taggit_taggeditem VALUES (1372, 41, 19, 18);
INSERT INTO public.taggit_taggeditem VALUES (1373, 41, 19, 51);
INSERT INTO public.taggit_taggeditem VALUES (1374, 41, 19, 19);
INSERT INTO public.taggit_taggeditem VALUES (273, 7, 19, 30);
INSERT INTO public.taggit_taggeditem VALUES (1375, 41, 19, 20);
INSERT INTO public.taggit_taggeditem VALUES (1376, 24, 19, 15);
INSERT INTO public.taggit_taggeditem VALUES (1377, 24, 19, 16);
INSERT INTO public.taggit_taggeditem VALUES (277, 29, 19, 30);
INSERT INTO public.taggit_taggeditem VALUES (1378, 24, 19, 17);
INSERT INTO public.taggit_taggeditem VALUES (1379, 24, 19, 18);
INSERT INTO public.taggit_taggeditem VALUES (1380, 24, 19, 51);
INSERT INTO public.taggit_taggeditem VALUES (1381, 24, 19, 19);
INSERT INTO public.taggit_taggeditem VALUES (1382, 24, 19, 20);
INSERT INTO public.taggit_taggeditem VALUES (1383, 38, 19, 15);
INSERT INTO public.taggit_taggeditem VALUES (1384, 38, 19, 16);
INSERT INTO public.taggit_taggeditem VALUES (1385, 38, 19, 17);
INSERT INTO public.taggit_taggeditem VALUES (1386, 38, 19, 18);
INSERT INTO public.taggit_taggeditem VALUES (287, 73, 19, 30);
INSERT INTO public.taggit_taggeditem VALUES (1387, 38, 19, 51);
INSERT INTO public.taggit_taggeditem VALUES (1388, 38, 19, 19);
INSERT INTO public.taggit_taggeditem VALUES (1389, 38, 19, 20);
INSERT INTO public.taggit_taggeditem VALUES (291, 39, 19, 30);
INSERT INTO public.taggit_taggeditem VALUES (1390, 44, 19, 15);
INSERT INTO public.taggit_taggeditem VALUES (1391, 44, 19, 16);
INSERT INTO public.taggit_taggeditem VALUES (1392, 44, 19, 17);
INSERT INTO public.taggit_taggeditem VALUES (1393, 44, 19, 18);
INSERT INTO public.taggit_taggeditem VALUES (1394, 44, 19, 51);
INSERT INTO public.taggit_taggeditem VALUES (1395, 44, 19, 19);
INSERT INTO public.taggit_taggeditem VALUES (1396, 44, 19, 20);
INSERT INTO public.taggit_taggeditem VALUES (1397, 28, 19, 15);
INSERT INTO public.taggit_taggeditem VALUES (1398, 28, 19, 16);
INSERT INTO public.taggit_taggeditem VALUES (301, 61, 19, 30);
INSERT INTO public.taggit_taggeditem VALUES (1399, 28, 19, 17);
INSERT INTO public.taggit_taggeditem VALUES (1400, 28, 19, 18);
INSERT INTO public.taggit_taggeditem VALUES (1401, 28, 19, 51);
INSERT INTO public.taggit_taggeditem VALUES (1402, 28, 19, 19);
INSERT INTO public.taggit_taggeditem VALUES (1403, 28, 19, 20);
INSERT INTO public.taggit_taggeditem VALUES (1404, 40, 19, 15);
INSERT INTO public.taggit_taggeditem VALUES (1405, 40, 19, 16);
INSERT INTO public.taggit_taggeditem VALUES (1406, 40, 19, 17);
INSERT INTO public.taggit_taggeditem VALUES (1407, 40, 19, 18);
INSERT INTO public.taggit_taggeditem VALUES (1408, 40, 19, 51);
INSERT INTO public.taggit_taggeditem VALUES (1409, 40, 19, 19);
INSERT INTO public.taggit_taggeditem VALUES (1410, 40, 19, 20);
INSERT INTO public.taggit_taggeditem VALUES (1411, 36, 19, 15);
INSERT INTO public.taggit_taggeditem VALUES (1412, 36, 19, 16);
INSERT INTO public.taggit_taggeditem VALUES (1413, 36, 19, 17);
INSERT INTO public.taggit_taggeditem VALUES (317, 1, 19, 30);
INSERT INTO public.taggit_taggeditem VALUES (1414, 36, 19, 18);
INSERT INTO public.taggit_taggeditem VALUES (1415, 36, 19, 51);
INSERT INTO public.taggit_taggeditem VALUES (1416, 36, 19, 19);
INSERT INTO public.taggit_taggeditem VALUES (1417, 36, 19, 20);
INSERT INTO public.taggit_taggeditem VALUES (1418, 43, 19, 15);
INSERT INTO public.taggit_taggeditem VALUES (1419, 43, 19, 16);
INSERT INTO public.taggit_taggeditem VALUES (1420, 43, 19, 17);
INSERT INTO public.taggit_taggeditem VALUES (1421, 43, 19, 18);
INSERT INTO public.taggit_taggeditem VALUES (1422, 43, 19, 51);
INSERT INTO public.taggit_taggeditem VALUES (1423, 43, 19, 19);
INSERT INTO public.taggit_taggeditem VALUES (1424, 43, 19, 20);
INSERT INTO public.taggit_taggeditem VALUES (1425, 42, 19, 15);
INSERT INTO public.taggit_taggeditem VALUES (1426, 42, 19, 16);
INSERT INTO public.taggit_taggeditem VALUES (1427, 42, 19, 17);
INSERT INTO public.taggit_taggeditem VALUES (1428, 42, 19, 18);
INSERT INTO public.taggit_taggeditem VALUES (333, 4, 19, 30);
INSERT INTO public.taggit_taggeditem VALUES (1429, 42, 19, 51);
INSERT INTO public.taggit_taggeditem VALUES (1430, 42, 19, 19);
INSERT INTO public.taggit_taggeditem VALUES (1431, 42, 19, 20);
INSERT INTO public.taggit_taggeditem VALUES (1624, 35, 19, 56);
INSERT INTO public.taggit_taggeditem VALUES (1625, 53, 19, 15);
INSERT INTO public.taggit_taggeditem VALUES (1626, 53, 19, 16);
INSERT INTO public.taggit_taggeditem VALUES (1627, 53, 19, 17);
INSERT INTO public.taggit_taggeditem VALUES (1628, 53, 19, 18);
INSERT INTO public.taggit_taggeditem VALUES (1629, 53, 19, 19);
INSERT INTO public.taggit_taggeditem VALUES (343, 33, 19, 30);
INSERT INTO public.taggit_taggeditem VALUES (1630, 53, 19, 20);
INSERT INTO public.taggit_taggeditem VALUES (1631, 53, 19, 51);
INSERT INTO public.taggit_taggeditem VALUES (1632, 53, 19, 56);
INSERT INTO public.taggit_taggeditem VALUES (1633, 54, 19, 15);
INSERT INTO public.taggit_taggeditem VALUES (1634, 54, 19, 16);
INSERT INTO public.taggit_taggeditem VALUES (1635, 54, 19, 17);
INSERT INTO public.taggit_taggeditem VALUES (1636, 54, 19, 18);
INSERT INTO public.taggit_taggeditem VALUES (1637, 54, 19, 19);
INSERT INTO public.taggit_taggeditem VALUES (1638, 54, 19, 20);
INSERT INTO public.taggit_taggeditem VALUES (353, 23, 19, 30);
INSERT INTO public.taggit_taggeditem VALUES (1639, 54, 19, 51);
INSERT INTO public.taggit_taggeditem VALUES (1640, 54, 19, 56);
INSERT INTO public.taggit_taggeditem VALUES (1641, 36, 19, 21);
INSERT INTO public.taggit_taggeditem VALUES (1642, 36, 19, 22);
INSERT INTO public.taggit_taggeditem VALUES (1643, 36, 19, 23);
INSERT INTO public.taggit_taggeditem VALUES (1644, 36, 19, 56);
INSERT INTO public.taggit_taggeditem VALUES (1645, 36, 19, 24);
INSERT INTO public.taggit_taggeditem VALUES (1646, 36, 19, 26);
INSERT INTO public.taggit_taggeditem VALUES (1647, 36, 19, 25);
INSERT INTO public.taggit_taggeditem VALUES (363, 37, 19, 30);
INSERT INTO public.taggit_taggeditem VALUES (1771, 7, 26, 68);
INSERT INTO public.taggit_taggeditem VALUES (1772, 7, 26, 69);
INSERT INTO public.taggit_taggeditem VALUES (1773, 7, 26, 70);
INSERT INTO public.taggit_taggeditem VALUES (1796, 11, 26, 81);
INSERT INTO public.taggit_taggeditem VALUES (1797, 11, 26, 82);
INSERT INTO public.taggit_taggeditem VALUES (1798, 11, 26, 68);
INSERT INTO public.taggit_taggeditem VALUES (1799, 11, 26, 69);
INSERT INTO public.taggit_taggeditem VALUES (1187, 9, 19, 31);
INSERT INTO public.taggit_taggeditem VALUES (1188, 10, 19, 31);
INSERT INTO public.taggit_taggeditem VALUES (373, 35, 19, 30);
INSERT INTO public.taggit_taggeditem VALUES (1222, 18, 19, 29);
INSERT INTO public.taggit_taggeditem VALUES (1223, 21, 19, 29);
INSERT INTO public.taggit_taggeditem VALUES (1432, 48, 19, 49);
INSERT INTO public.taggit_taggeditem VALUES (1648, 37, 19, 57);
INSERT INTO public.taggit_taggeditem VALUES (1649, 38, 19, 57);
INSERT INTO public.taggit_taggeditem VALUES (1650, 55, 19, 15);
INSERT INTO public.taggit_taggeditem VALUES (1651, 55, 19, 16);
INSERT INTO public.taggit_taggeditem VALUES (1652, 55, 19, 17);
INSERT INTO public.taggit_taggeditem VALUES (1653, 55, 19, 18);
INSERT INTO public.taggit_taggeditem VALUES (383, 31, 19, 30);
INSERT INTO public.taggit_taggeditem VALUES (1654, 55, 19, 19);
INSERT INTO public.taggit_taggeditem VALUES (1655, 55, 19, 20);
INSERT INTO public.taggit_taggeditem VALUES (1656, 55, 19, 51);
INSERT INTO public.taggit_taggeditem VALUES (1657, 55, 19, 57);
INSERT INTO public.taggit_taggeditem VALUES (1658, 56, 19, 15);
INSERT INTO public.taggit_taggeditem VALUES (1659, 56, 19, 16);
INSERT INTO public.taggit_taggeditem VALUES (1660, 56, 19, 17);
INSERT INTO public.taggit_taggeditem VALUES (1661, 56, 19, 18);
INSERT INTO public.taggit_taggeditem VALUES (1662, 56, 19, 19);
INSERT INTO public.taggit_taggeditem VALUES (393, 60, 19, 30);
INSERT INTO public.taggit_taggeditem VALUES (1663, 56, 19, 20);
INSERT INTO public.taggit_taggeditem VALUES (1664, 56, 19, 51);
INSERT INTO public.taggit_taggeditem VALUES (1665, 56, 19, 57);
INSERT INTO public.taggit_taggeditem VALUES (1800, 2, 26, 10);
INSERT INTO public.taggit_taggeditem VALUES (403, 57, 19, 30);
INSERT INTO public.taggit_taggeditem VALUES (413, 27, 19, 30);
INSERT INTO public.taggit_taggeditem VALUES (423, 53, 19, 30);
INSERT INTO public.taggit_taggeditem VALUES (439, 12, 19, 30);
INSERT INTO public.taggit_taggeditem VALUES (452, 8, 19, 30);
INSERT INTO public.taggit_taggeditem VALUES (468, 13, 19, 30);
INSERT INTO public.taggit_taggeditem VALUES (478, 34, 19, 30);
INSERT INTO public.taggit_taggeditem VALUES (494, 63, 19, 30);
INSERT INTO public.taggit_taggeditem VALUES (504, 32, 19, 30);
INSERT INTO public.taggit_taggeditem VALUES (514, 30, 19, 30);
INSERT INTO public.taggit_taggeditem VALUES (530, 70, 19, 30);
INSERT INTO public.taggit_taggeditem VALUES (540, 41, 19, 30);
INSERT INTO public.taggit_taggeditem VALUES (556, 64, 19, 30);
INSERT INTO public.taggit_taggeditem VALUES (1189, 11, 19, 32);
INSERT INTO public.taggit_taggeditem VALUES (1190, 11, 19, 34);
INSERT INTO public.taggit_taggeditem VALUES (1224, 20, 19, 31);
INSERT INTO public.taggit_taggeditem VALUES (1225, 22, 19, 31);
INSERT INTO public.taggit_taggeditem VALUES (1433, 61, 19, 21);
INSERT INTO public.taggit_taggeditem VALUES (1434, 61, 19, 22);
INSERT INTO public.taggit_taggeditem VALUES (1435, 61, 19, 23);
INSERT INTO public.taggit_taggeditem VALUES (1436, 61, 19, 24);
INSERT INTO public.taggit_taggeditem VALUES (1437, 61, 19, 25);
INSERT INTO public.taggit_taggeditem VALUES (566, 47, 19, 30);
INSERT INTO public.taggit_taggeditem VALUES (1438, 61, 19, 26);
INSERT INTO public.taggit_taggeditem VALUES (1439, 60, 19, 21);
INSERT INTO public.taggit_taggeditem VALUES (1440, 60, 19, 22);
INSERT INTO public.taggit_taggeditem VALUES (1441, 60, 19, 23);
INSERT INTO public.taggit_taggeditem VALUES (1442, 60, 19, 24);
INSERT INTO public.taggit_taggeditem VALUES (1443, 60, 19, 25);
INSERT INTO public.taggit_taggeditem VALUES (1444, 60, 19, 26);
INSERT INTO public.taggit_taggeditem VALUES (1445, 57, 19, 21);
INSERT INTO public.taggit_taggeditem VALUES (1446, 57, 19, 22);
INSERT INTO public.taggit_taggeditem VALUES (1447, 57, 19, 23);
INSERT INTO public.taggit_taggeditem VALUES (1448, 57, 19, 24);
INSERT INTO public.taggit_taggeditem VALUES (1449, 57, 19, 25);
INSERT INTO public.taggit_taggeditem VALUES (1450, 57, 19, 26);
INSERT INTO public.taggit_taggeditem VALUES (580, 9, 19, 30);
INSERT INTO public.taggit_taggeditem VALUES (1451, 53, 19, 21);
INSERT INTO public.taggit_taggeditem VALUES (1452, 53, 19, 22);
INSERT INTO public.taggit_taggeditem VALUES (1453, 53, 19, 23);
INSERT INTO public.taggit_taggeditem VALUES (1454, 53, 19, 24);
INSERT INTO public.taggit_taggeditem VALUES (1455, 53, 19, 25);
INSERT INTO public.taggit_taggeditem VALUES (1456, 53, 19, 26);
INSERT INTO public.taggit_taggeditem VALUES (1457, 47, 19, 21);
INSERT INTO public.taggit_taggeditem VALUES (1458, 47, 19, 22);
INSERT INTO public.taggit_taggeditem VALUES (1459, 47, 19, 23);
INSERT INTO public.taggit_taggeditem VALUES (590, 24, 19, 30);
INSERT INTO public.taggit_taggeditem VALUES (1460, 47, 19, 24);
INSERT INTO public.taggit_taggeditem VALUES (1461, 47, 19, 25);
INSERT INTO public.taggit_taggeditem VALUES (1462, 47, 19, 26);
INSERT INTO public.taggit_taggeditem VALUES (1463, 62, 19, 21);
INSERT INTO public.taggit_taggeditem VALUES (1464, 62, 19, 22);
INSERT INTO public.taggit_taggeditem VALUES (1465, 62, 19, 23);
INSERT INTO public.taggit_taggeditem VALUES (1466, 62, 19, 24);
INSERT INTO public.taggit_taggeditem VALUES (1467, 62, 19, 25);
INSERT INTO public.taggit_taggeditem VALUES (1468, 62, 19, 26);
INSERT INTO public.taggit_taggeditem VALUES (1469, 58, 19, 21);
INSERT INTO public.taggit_taggeditem VALUES (1470, 58, 19, 22);
INSERT INTO public.taggit_taggeditem VALUES (1471, 58, 19, 23);
INSERT INTO public.taggit_taggeditem VALUES (1472, 58, 19, 24);
INSERT INTO public.taggit_taggeditem VALUES (1473, 58, 19, 25);
INSERT INTO public.taggit_taggeditem VALUES (1474, 58, 19, 26);
INSERT INTO public.taggit_taggeditem VALUES (606, 15, 19, 30);
INSERT INTO public.taggit_taggeditem VALUES (1475, 54, 19, 21);
INSERT INTO public.taggit_taggeditem VALUES (1476, 54, 19, 22);
INSERT INTO public.taggit_taggeditem VALUES (1477, 54, 19, 23);
INSERT INTO public.taggit_taggeditem VALUES (1478, 54, 19, 24);
INSERT INTO public.taggit_taggeditem VALUES (1479, 54, 19, 25);
INSERT INTO public.taggit_taggeditem VALUES (1480, 54, 19, 26);
INSERT INTO public.taggit_taggeditem VALUES (1481, 51, 19, 21);
INSERT INTO public.taggit_taggeditem VALUES (1482, 51, 19, 22);
INSERT INTO public.taggit_taggeditem VALUES (1483, 51, 19, 23);
INSERT INTO public.taggit_taggeditem VALUES (1484, 51, 19, 24);
INSERT INTO public.taggit_taggeditem VALUES (1485, 51, 19, 25);
INSERT INTO public.taggit_taggeditem VALUES (1486, 51, 19, 26);
INSERT INTO public.taggit_taggeditem VALUES (1487, 52, 19, 21);
INSERT INTO public.taggit_taggeditem VALUES (1488, 52, 19, 22);
INSERT INTO public.taggit_taggeditem VALUES (1489, 52, 19, 23);
INSERT INTO public.taggit_taggeditem VALUES (622, 71, 19, 30);
INSERT INTO public.taggit_taggeditem VALUES (1490, 52, 19, 24);
INSERT INTO public.taggit_taggeditem VALUES (1491, 52, 19, 25);
INSERT INTO public.taggit_taggeditem VALUES (1492, 52, 19, 26);
INSERT INTO public.taggit_taggeditem VALUES (1493, 59, 19, 21);
INSERT INTO public.taggit_taggeditem VALUES (1494, 59, 19, 22);
INSERT INTO public.taggit_taggeditem VALUES (1495, 59, 19, 23);
INSERT INTO public.taggit_taggeditem VALUES (1496, 59, 19, 24);
INSERT INTO public.taggit_taggeditem VALUES (1497, 59, 19, 25);
INSERT INTO public.taggit_taggeditem VALUES (1498, 59, 19, 26);
INSERT INTO public.taggit_taggeditem VALUES (632, 38, 19, 30);
INSERT INTO public.taggit_taggeditem VALUES (1499, 45, 19, 21);
INSERT INTO public.taggit_taggeditem VALUES (1500, 45, 19, 22);
INSERT INTO public.taggit_taggeditem VALUES (1501, 45, 19, 23);
INSERT INTO public.taggit_taggeditem VALUES (1502, 45, 19, 24);
INSERT INTO public.taggit_taggeditem VALUES (1503, 45, 19, 25);
INSERT INTO public.taggit_taggeditem VALUES (1504, 45, 19, 26);
INSERT INTO public.taggit_taggeditem VALUES (1505, 49, 19, 21);
INSERT INTO public.taggit_taggeditem VALUES (1506, 49, 19, 22);
INSERT INTO public.taggit_taggeditem VALUES (1507, 49, 19, 23);
INSERT INTO public.taggit_taggeditem VALUES (1508, 49, 19, 24);
INSERT INTO public.taggit_taggeditem VALUES (1509, 49, 19, 25);
INSERT INTO public.taggit_taggeditem VALUES (1510, 49, 19, 26);
INSERT INTO public.taggit_taggeditem VALUES (1511, 25, 19, 21);
INSERT INTO public.taggit_taggeditem VALUES (1512, 25, 19, 22);
INSERT INTO public.taggit_taggeditem VALUES (1513, 25, 19, 23);
INSERT INTO public.taggit_taggeditem VALUES (648, 72, 19, 30);
INSERT INTO public.taggit_taggeditem VALUES (1514, 25, 19, 24);
INSERT INTO public.taggit_taggeditem VALUES (1515, 25, 19, 25);
INSERT INTO public.taggit_taggeditem VALUES (1516, 25, 19, 26);
INSERT INTO public.taggit_taggeditem VALUES (1517, 46, 19, 21);
INSERT INTO public.taggit_taggeditem VALUES (1518, 46, 19, 22);
INSERT INTO public.taggit_taggeditem VALUES (1519, 46, 19, 23);
INSERT INTO public.taggit_taggeditem VALUES (1520, 46, 19, 24);
INSERT INTO public.taggit_taggeditem VALUES (1521, 46, 19, 25);
INSERT INTO public.taggit_taggeditem VALUES (1522, 46, 19, 26);
INSERT INTO public.taggit_taggeditem VALUES (1523, 26, 19, 21);
INSERT INTO public.taggit_taggeditem VALUES (1524, 26, 19, 22);
INSERT INTO public.taggit_taggeditem VALUES (1525, 26, 19, 23);
INSERT INTO public.taggit_taggeditem VALUES (1526, 26, 19, 24);
INSERT INTO public.taggit_taggeditem VALUES (1527, 26, 19, 25);
INSERT INTO public.taggit_taggeditem VALUES (1528, 26, 19, 26);
INSERT INTO public.taggit_taggeditem VALUES (664, 68, 19, 30);
INSERT INTO public.taggit_taggeditem VALUES (1529, 55, 19, 21);
INSERT INTO public.taggit_taggeditem VALUES (1530, 55, 19, 22);
INSERT INTO public.taggit_taggeditem VALUES (1531, 55, 19, 23);
INSERT INTO public.taggit_taggeditem VALUES (1532, 55, 19, 24);
INSERT INTO public.taggit_taggeditem VALUES (1533, 55, 19, 25);
INSERT INTO public.taggit_taggeditem VALUES (1534, 55, 19, 26);
INSERT INTO public.taggit_taggeditem VALUES (1535, 56, 19, 21);
INSERT INTO public.taggit_taggeditem VALUES (1536, 56, 19, 22);
INSERT INTO public.taggit_taggeditem VALUES (1537, 56, 19, 23);
INSERT INTO public.taggit_taggeditem VALUES (674, 62, 19, 30);
INSERT INTO public.taggit_taggeditem VALUES (1538, 56, 19, 24);
INSERT INTO public.taggit_taggeditem VALUES (1539, 56, 19, 25);
INSERT INTO public.taggit_taggeditem VALUES (1540, 56, 19, 26);
INSERT INTO public.taggit_taggeditem VALUES (1541, 50, 19, 21);
INSERT INTO public.taggit_taggeditem VALUES (1542, 50, 19, 22);
INSERT INTO public.taggit_taggeditem VALUES (1543, 50, 19, 23);
INSERT INTO public.taggit_taggeditem VALUES (1544, 50, 19, 24);
INSERT INTO public.taggit_taggeditem VALUES (1545, 50, 19, 25);
INSERT INTO public.taggit_taggeditem VALUES (1546, 50, 19, 26);
INSERT INTO public.taggit_taggeditem VALUES (684, 44, 19, 30);
INSERT INTO public.taggit_taggeditem VALUES (1547, 48, 19, 21);
INSERT INTO public.taggit_taggeditem VALUES (1548, 48, 19, 22);
INSERT INTO public.taggit_taggeditem VALUES (1549, 48, 19, 23);
INSERT INTO public.taggit_taggeditem VALUES (1550, 48, 19, 24);
INSERT INTO public.taggit_taggeditem VALUES (1551, 48, 19, 25);
INSERT INTO public.taggit_taggeditem VALUES (1552, 48, 19, 26);
INSERT INTO public.taggit_taggeditem VALUES (1666, 39, 19, 58);
INSERT INTO public.taggit_taggeditem VALUES (1667, 57, 19, 15);
INSERT INTO public.taggit_taggeditem VALUES (1668, 57, 19, 16);
INSERT INTO public.taggit_taggeditem VALUES (694, 58, 19, 30);
INSERT INTO public.taggit_taggeditem VALUES (1669, 57, 19, 17);
INSERT INTO public.taggit_taggeditem VALUES (1670, 57, 19, 18);
INSERT INTO public.taggit_taggeditem VALUES (1671, 57, 19, 19);
INSERT INTO public.taggit_taggeditem VALUES (1672, 57, 19, 20);
INSERT INTO public.taggit_taggeditem VALUES (1673, 57, 19, 51);
INSERT INTO public.taggit_taggeditem VALUES (1674, 57, 19, 58);
INSERT INTO public.taggit_taggeditem VALUES (1675, 58, 19, 15);
INSERT INTO public.taggit_taggeditem VALUES (1676, 58, 19, 16);
INSERT INTO public.taggit_taggeditem VALUES (1677, 58, 19, 17);
INSERT INTO public.taggit_taggeditem VALUES (704, 54, 19, 30);
INSERT INTO public.taggit_taggeditem VALUES (1678, 58, 19, 18);
INSERT INTO public.taggit_taggeditem VALUES (1679, 58, 19, 19);
INSERT INTO public.taggit_taggeditem VALUES (1680, 58, 19, 20);
INSERT INTO public.taggit_taggeditem VALUES (1681, 58, 19, 51);
INSERT INTO public.taggit_taggeditem VALUES (1682, 58, 19, 58);
INSERT INTO public.taggit_taggeditem VALUES (1683, 40, 19, 58);
INSERT INTO public.taggit_taggeditem VALUES (1684, 40, 19, 21);
INSERT INTO public.taggit_taggeditem VALUES (1685, 40, 19, 22);
INSERT INTO public.taggit_taggeditem VALUES (1686, 40, 19, 23);
INSERT INTO public.taggit_taggeditem VALUES (1687, 40, 19, 24);
INSERT INTO public.taggit_taggeditem VALUES (1688, 40, 19, 25);
INSERT INTO public.taggit_taggeditem VALUES (1689, 40, 19, 26);
INSERT INTO public.taggit_taggeditem VALUES (1778, 9, 26, 64);
INSERT INTO public.taggit_taggeditem VALUES (1779, 9, 26, 63);
INSERT INTO public.taggit_taggeditem VALUES (1780, 9, 26, 71);
INSERT INTO public.taggit_taggeditem VALUES (720, 18, 19, 30);
INSERT INTO public.taggit_taggeditem VALUES (730, 51, 19, 30);
INSERT INTO public.taggit_taggeditem VALUES (1191, 12, 19, 35);
INSERT INTO public.taggit_taggeditem VALUES (1192, 12, 19, 36);
INSERT INTO public.taggit_taggeditem VALUES (1193, 13, 19, 35);
INSERT INTO public.taggit_taggeditem VALUES (1194, 13, 19, 36);
INSERT INTO public.taggit_taggeditem VALUES (1195, 15, 19, 35);
INSERT INTO public.taggit_taggeditem VALUES (746, 65, 19, 30);
INSERT INTO public.taggit_taggeditem VALUES (1196, 15, 19, 36);
INSERT INTO public.taggit_taggeditem VALUES (1197, 16, 19, 35);
INSERT INTO public.taggit_taggeditem VALUES (1198, 16, 19, 36);
INSERT INTO public.taggit_taggeditem VALUES (1199, 17, 19, 35);
INSERT INTO public.taggit_taggeditem VALUES (1226, 19, 19, 32);
INSERT INTO public.taggit_taggeditem VALUES (1227, 19, 19, 43);
INSERT INTO public.taggit_taggeditem VALUES (1228, 19, 19, 45);
INSERT INTO public.taggit_taggeditem VALUES (1553, 27, 19, 52);
INSERT INTO public.taggit_taggeditem VALUES (1554, 45, 19, 15);
INSERT INTO public.taggit_taggeditem VALUES (1555, 45, 19, 16);
INSERT INTO public.taggit_taggeditem VALUES (1556, 45, 19, 17);
INSERT INTO public.taggit_taggeditem VALUES (1557, 45, 19, 18);
INSERT INTO public.taggit_taggeditem VALUES (1558, 45, 19, 19);
INSERT INTO public.taggit_taggeditem VALUES (1559, 45, 19, 20);
INSERT INTO public.taggit_taggeditem VALUES (762, 21, 19, 30);
INSERT INTO public.taggit_taggeditem VALUES (1560, 45, 19, 51);
INSERT INTO public.taggit_taggeditem VALUES (1561, 45, 19, 52);
INSERT INTO public.taggit_taggeditem VALUES (1562, 46, 19, 15);
INSERT INTO public.taggit_taggeditem VALUES (1563, 46, 19, 16);
INSERT INTO public.taggit_taggeditem VALUES (1564, 46, 19, 17);
INSERT INTO public.taggit_taggeditem VALUES (1565, 46, 19, 18);
INSERT INTO public.taggit_taggeditem VALUES (1566, 46, 19, 19);
INSERT INTO public.taggit_taggeditem VALUES (1567, 46, 19, 20);
INSERT INTO public.taggit_taggeditem VALUES (1568, 46, 19, 51);
INSERT INTO public.taggit_taggeditem VALUES (1569, 46, 19, 52);
INSERT INTO public.taggit_taggeditem VALUES (1690, 23, 19, 10);
INSERT INTO public.taggit_taggeditem VALUES (1691, 24, 19, 10);
INSERT INTO public.taggit_taggeditem VALUES (1692, 25, 19, 10);
INSERT INTO public.taggit_taggeditem VALUES (1693, 25, 19, 15);
INSERT INTO public.taggit_taggeditem VALUES (1694, 25, 19, 16);
INSERT INTO public.taggit_taggeditem VALUES (778, 66, 19, 30);
INSERT INTO public.taggit_taggeditem VALUES (1695, 25, 19, 17);
INSERT INTO public.taggit_taggeditem VALUES (1696, 25, 19, 18);
INSERT INTO public.taggit_taggeditem VALUES (1697, 25, 19, 19);
INSERT INTO public.taggit_taggeditem VALUES (1698, 25, 19, 20);
INSERT INTO public.taggit_taggeditem VALUES (1699, 25, 19, 51);
INSERT INTO public.taggit_taggeditem VALUES (1700, 26, 19, 10);
INSERT INTO public.taggit_taggeditem VALUES (1701, 26, 19, 15);
INSERT INTO public.taggit_taggeditem VALUES (1702, 26, 19, 16);
INSERT INTO public.taggit_taggeditem VALUES (1703, 26, 19, 17);
INSERT INTO public.taggit_taggeditem VALUES (788, 28, 19, 30);
INSERT INTO public.taggit_taggeditem VALUES (1704, 26, 19, 18);
INSERT INTO public.taggit_taggeditem VALUES (1705, 26, 19, 19);
INSERT INTO public.taggit_taggeditem VALUES (1706, 26, 19, 20);
INSERT INTO public.taggit_taggeditem VALUES (1707, 26, 19, 51);
INSERT INTO public.taggit_taggeditem VALUES (1781, 13, 26, 72);
INSERT INTO public.taggit_taggeditem VALUES (1782, 13, 26, 73);
INSERT INTO public.taggit_taggeditem VALUES (1783, 13, 26, 74);
INSERT INTO public.taggit_taggeditem VALUES (1784, 13, 26, 75);
INSERT INTO public.taggit_taggeditem VALUES (1785, 13, 26, 76);
INSERT INTO public.taggit_taggeditem VALUES (804, 74, 19, 30);
INSERT INTO public.taggit_taggeditem VALUES (820, 16, 19, 30);
INSERT INTO public.taggit_taggeditem VALUES (830, 52, 19, 30);
INSERT INTO public.taggit_taggeditem VALUES (840, 40, 19, 30);
INSERT INTO public.taggit_taggeditem VALUES (856, 20, 19, 30);
INSERT INTO public.taggit_taggeditem VALUES (866, 36, 19, 30);
INSERT INTO public.taggit_taggeditem VALUES (882, 17, 19, 30);
INSERT INTO public.taggit_taggeditem VALUES (892, 59, 19, 30);
INSERT INTO public.taggit_taggeditem VALUES (906, 10, 19, 30);
INSERT INTO public.taggit_taggeditem VALUES (916, 45, 19, 30);
INSERT INTO public.taggit_taggeditem VALUES (1201, 18, 19, 37);
INSERT INTO public.taggit_taggeditem VALUES (1202, 18, 19, 38);
INSERT INTO public.taggit_taggeditem VALUES (1203, 18, 19, 39);
INSERT INTO public.taggit_taggeditem VALUES (1204, 21, 19, 37);
INSERT INTO public.taggit_taggeditem VALUES (1205, 21, 19, 38);
INSERT INTO public.taggit_taggeditem VALUES (1206, 21, 19, 39);
INSERT INTO public.taggit_taggeditem VALUES (932, 3, 19, 30);
INSERT INTO public.taggit_taggeditem VALUES (1207, 20, 19, 37);
INSERT INTO public.taggit_taggeditem VALUES (1208, 20, 19, 38);
INSERT INTO public.taggit_taggeditem VALUES (1209, 20, 19, 39);
INSERT INTO public.taggit_taggeditem VALUES (1210, 22, 19, 37);
INSERT INTO public.taggit_taggeditem VALUES (1211, 22, 19, 38);
INSERT INTO public.taggit_taggeditem VALUES (1212, 22, 19, 39);
INSERT INTO public.taggit_taggeditem VALUES (1214, 19, 19, 38);
INSERT INTO public.taggit_taggeditem VALUES (1229, 63, 19, 46);
INSERT INTO public.taggit_taggeditem VALUES (1230, 63, 19, 47);
INSERT INTO public.taggit_taggeditem VALUES (1231, 70, 19, 46);
INSERT INTO public.taggit_taggeditem VALUES (1232, 70, 19, 47);
INSERT INTO public.taggit_taggeditem VALUES (1233, 64, 19, 46);
INSERT INTO public.taggit_taggeditem VALUES (1234, 64, 19, 47);
INSERT INTO public.taggit_taggeditem VALUES (948, 6, 19, 30);
INSERT INTO public.taggit_taggeditem VALUES (1235, 68, 19, 46);
INSERT INTO public.taggit_taggeditem VALUES (1236, 68, 19, 47);
INSERT INTO public.taggit_taggeditem VALUES (1237, 65, 19, 46);
INSERT INTO public.taggit_taggeditem VALUES (1238, 65, 19, 47);
INSERT INTO public.taggit_taggeditem VALUES (1239, 66, 19, 46);
INSERT INTO public.taggit_taggeditem VALUES (1240, 66, 19, 47);
INSERT INTO public.taggit_taggeditem VALUES (1241, 69, 19, 46);
INSERT INTO public.taggit_taggeditem VALUES (1242, 69, 19, 47);
INSERT INTO public.taggit_taggeditem VALUES (1243, 14, 19, 46);
INSERT INTO public.taggit_taggeditem VALUES (1244, 14, 19, 47);
INSERT INTO public.taggit_taggeditem VALUES (1245, 67, 19, 46);
INSERT INTO public.taggit_taggeditem VALUES (1246, 67, 19, 47);
INSERT INTO public.taggit_taggeditem VALUES (1570, 29, 19, 53);
INSERT INTO public.taggit_taggeditem VALUES (1571, 30, 19, 53);
INSERT INTO public.taggit_taggeditem VALUES (1572, 47, 19, 15);
INSERT INTO public.taggit_taggeditem VALUES (964, 22, 19, 30);
INSERT INTO public.taggit_taggeditem VALUES (1573, 47, 19, 16);
INSERT INTO public.taggit_taggeditem VALUES (1574, 47, 19, 17);
INSERT INTO public.taggit_taggeditem VALUES (1575, 47, 19, 18);
INSERT INTO public.taggit_taggeditem VALUES (1576, 47, 19, 19);
INSERT INTO public.taggit_taggeditem VALUES (1577, 47, 19, 20);
INSERT INTO public.taggit_taggeditem VALUES (1578, 47, 19, 51);
INSERT INTO public.taggit_taggeditem VALUES (1579, 47, 19, 53);
INSERT INTO public.taggit_taggeditem VALUES (1580, 48, 19, 15);
INSERT INTO public.taggit_taggeditem VALUES (1581, 48, 19, 16);
INSERT INTO public.taggit_taggeditem VALUES (974, 49, 19, 30);
INSERT INTO public.taggit_taggeditem VALUES (1582, 48, 19, 17);
INSERT INTO public.taggit_taggeditem VALUES (1583, 48, 19, 18);
INSERT INTO public.taggit_taggeditem VALUES (1584, 48, 19, 19);
INSERT INTO public.taggit_taggeditem VALUES (1585, 48, 19, 20);
INSERT INTO public.taggit_taggeditem VALUES (1586, 48, 19, 51);
INSERT INTO public.taggit_taggeditem VALUES (1587, 48, 19, 53);
INSERT INTO public.taggit_taggeditem VALUES (1708, 61, 19, 59);
INSERT INTO public.taggit_taggeditem VALUES (1709, 61, 19, 60);
INSERT INTO public.taggit_taggeditem VALUES (1710, 60, 19, 59);
INSERT INTO public.taggit_taggeditem VALUES (984, 25, 19, 30);
INSERT INTO public.taggit_taggeditem VALUES (1711, 60, 19, 60);
INSERT INTO public.taggit_taggeditem VALUES (1712, 41, 19, 21);
INSERT INTO public.taggit_taggeditem VALUES (1713, 41, 19, 22);
INSERT INTO public.taggit_taggeditem VALUES (1714, 41, 19, 23);
INSERT INTO public.taggit_taggeditem VALUES (1715, 41, 19, 24);
INSERT INTO public.taggit_taggeditem VALUES (1716, 41, 19, 25);
INSERT INTO public.taggit_taggeditem VALUES (1717, 41, 19, 26);
INSERT INTO public.taggit_taggeditem VALUES (1718, 41, 19, 59);
INSERT INTO public.taggit_taggeditem VALUES (1719, 41, 19, 60);
INSERT INTO public.taggit_taggeditem VALUES (994, 46, 19, 30);
INSERT INTO public.taggit_taggeditem VALUES (1720, 62, 19, 15);
INSERT INTO public.taggit_taggeditem VALUES (1721, 62, 19, 16);
INSERT INTO public.taggit_taggeditem VALUES (1722, 62, 19, 17);
INSERT INTO public.taggit_taggeditem VALUES (1723, 62, 19, 18);
INSERT INTO public.taggit_taggeditem VALUES (1724, 62, 19, 19);
INSERT INTO public.taggit_taggeditem VALUES (1725, 62, 19, 20);
INSERT INTO public.taggit_taggeditem VALUES (1726, 62, 19, 51);
INSERT INTO public.taggit_taggeditem VALUES (1727, 62, 19, 59);
INSERT INTO public.taggit_taggeditem VALUES (1728, 62, 19, 60);
INSERT INTO public.taggit_taggeditem VALUES (1729, 44, 19, 21);
INSERT INTO public.taggit_taggeditem VALUES (1730, 44, 19, 22);
INSERT INTO public.taggit_taggeditem VALUES (1731, 44, 19, 23);
INSERT INTO public.taggit_taggeditem VALUES (1732, 44, 19, 24);
INSERT INTO public.taggit_taggeditem VALUES (1733, 44, 19, 25);
INSERT INTO public.taggit_taggeditem VALUES (1734, 44, 19, 26);
INSERT INTO public.taggit_taggeditem VALUES (1010, 69, 19, 30);
INSERT INTO public.taggit_taggeditem VALUES (1735, 44, 19, 59);
INSERT INTO public.taggit_taggeditem VALUES (1736, 44, 19, 60);
INSERT INTO public.taggit_taggeditem VALUES (1737, 59, 19, 15);
INSERT INTO public.taggit_taggeditem VALUES (1738, 59, 19, 16);
INSERT INTO public.taggit_taggeditem VALUES (1739, 59, 19, 17);
INSERT INTO public.taggit_taggeditem VALUES (1740, 59, 19, 18);
INSERT INTO public.taggit_taggeditem VALUES (1741, 59, 19, 19);
INSERT INTO public.taggit_taggeditem VALUES (1742, 59, 19, 20);
INSERT INTO public.taggit_taggeditem VALUES (1743, 59, 19, 51);
INSERT INTO public.taggit_taggeditem VALUES (1744, 59, 19, 59);
INSERT INTO public.taggit_taggeditem VALUES (1745, 59, 19, 60);
INSERT INTO public.taggit_taggeditem VALUES (1746, 43, 19, 21);
INSERT INTO public.taggit_taggeditem VALUES (1747, 43, 19, 22);
INSERT INTO public.taggit_taggeditem VALUES (1024, 11, 19, 30);
INSERT INTO public.taggit_taggeditem VALUES (1748, 43, 19, 23);
INSERT INTO public.taggit_taggeditem VALUES (1749, 43, 19, 24);
INSERT INTO public.taggit_taggeditem VALUES (1750, 43, 19, 25);
INSERT INTO public.taggit_taggeditem VALUES (1751, 43, 19, 26);
INSERT INTO public.taggit_taggeditem VALUES (1752, 43, 19, 59);
INSERT INTO public.taggit_taggeditem VALUES (1753, 43, 19, 60);
INSERT INTO public.taggit_taggeditem VALUES (1754, 42, 19, 21);
INSERT INTO public.taggit_taggeditem VALUES (1755, 42, 19, 22);
INSERT INTO public.taggit_taggeditem VALUES (1756, 42, 19, 23);
INSERT INTO public.taggit_taggeditem VALUES (1757, 42, 19, 24);
INSERT INTO public.taggit_taggeditem VALUES (1758, 42, 19, 25);
INSERT INTO public.taggit_taggeditem VALUES (1759, 42, 19, 26);
INSERT INTO public.taggit_taggeditem VALUES (1760, 42, 19, 59);
INSERT INTO public.taggit_taggeditem VALUES (1761, 42, 19, 60);
INSERT INTO public.taggit_taggeditem VALUES (1786, 14, 26, 73);
INSERT INTO public.taggit_taggeditem VALUES (1040, 19, 19, 30);
INSERT INTO public.taggit_taggeditem VALUES (1787, 14, 26, 76);
INSERT INTO public.taggit_taggeditem VALUES (1788, 14, 26, 77);
INSERT INTO public.taggit_taggeditem VALUES (1789, 14, 26, 78);
INSERT INTO public.taggit_taggeditem VALUES (1790, 14, 26, 79);
INSERT INTO public.taggit_taggeditem VALUES (1791, 14, 26, 80);
INSERT INTO public.taggit_taggeditem VALUES (1050, 26, 19, 30);
INSERT INTO public.taggit_taggeditem VALUES (1066, 14, 19, 30);
INSERT INTO public.taggit_taggeditem VALUES (1076, 55, 19, 30);
INSERT INTO public.taggit_taggeditem VALUES (1092, 2, 19, 30);
INSERT INTO public.taggit_taggeditem VALUES (1108, 5, 19, 30);
INSERT INTO public.taggit_taggeditem VALUES (1216, 12, 19, 29);
INSERT INTO public.taggit_taggeditem VALUES (1217, 13, 19, 29);
INSERT INTO public.taggit_taggeditem VALUES (1247, 70, 19, 48);
INSERT INTO public.taggit_taggeditem VALUES (1248, 65, 19, 48);
INSERT INTO public.taggit_taggeditem VALUES (1249, 69, 19, 48);
INSERT INTO public.taggit_taggeditem VALUES (1588, 31, 19, 54);
INSERT INTO public.taggit_taggeditem VALUES (1589, 32, 19, 54);
INSERT INTO public.taggit_taggeditem VALUES (1118, 56, 19, 30);
INSERT INTO public.taggit_taggeditem VALUES (1590, 49, 19, 15);
INSERT INTO public.taggit_taggeditem VALUES (1591, 49, 19, 16);
INSERT INTO public.taggit_taggeditem VALUES (1592, 49, 19, 17);
INSERT INTO public.taggit_taggeditem VALUES (1593, 49, 19, 18);
INSERT INTO public.taggit_taggeditem VALUES (1594, 49, 19, 19);
INSERT INTO public.taggit_taggeditem VALUES (1595, 49, 19, 20);
INSERT INTO public.taggit_taggeditem VALUES (1596, 49, 19, 51);
INSERT INTO public.taggit_taggeditem VALUES (1597, 49, 19, 54);
INSERT INTO public.taggit_taggeditem VALUES (1598, 50, 19, 15);
INSERT INTO public.taggit_taggeditem VALUES (1599, 50, 19, 16);
INSERT INTO public.taggit_taggeditem VALUES (1600, 50, 19, 17);
INSERT INTO public.taggit_taggeditem VALUES (1601, 50, 19, 18);
INSERT INTO public.taggit_taggeditem VALUES (1602, 50, 19, 19);
INSERT INTO public.taggit_taggeditem VALUES (1603, 50, 19, 20);
INSERT INTO public.taggit_taggeditem VALUES (1604, 50, 19, 51);
INSERT INTO public.taggit_taggeditem VALUES (1134, 67, 19, 30);
INSERT INTO public.taggit_taggeditem VALUES (1605, 50, 19, 54);
INSERT INTO public.taggit_taggeditem VALUES (1762, 5, 26, 64);
INSERT INTO public.taggit_taggeditem VALUES (1763, 5, 26, 65);
INSERT INTO public.taggit_taggeditem VALUES (1764, 5, 26, 61);
INSERT INTO public.taggit_taggeditem VALUES (1765, 5, 26, 62);
INSERT INTO public.taggit_taggeditem VALUES (1766, 5, 26, 63);
INSERT INTO public.taggit_taggeditem VALUES (1792, 10, 26, 68);
INSERT INTO public.taggit_taggeditem VALUES (1793, 10, 26, 69);
INSERT INTO public.taggit_taggeditem VALUES (1144, 43, 19, 30);
INSERT INTO public.taggit_taggeditem VALUES (1154, 42, 19, 30);
INSERT INTO public.taggit_taggeditem VALUES (1164, 50, 19, 30);
INSERT INTO public.taggit_taggeditem VALUES (1174, 48, 19, 30);


--
-- TOC entry 4883 (class 0 OID 0)
-- Dependencies: 215
-- Name: auth_group_id_seq; Type: SEQUENCE SET; Schema: public; Owner: doadmin
--

SELECT pg_catalog.setval('public.auth_group_id_seq', 1, false);


--
-- TOC entry 4884 (class 0 OID 0)
-- Dependencies: 217
-- Name: auth_group_permissions_id_seq; Type: SEQUENCE SET; Schema: public; Owner: doadmin
--

SELECT pg_catalog.setval('public.auth_group_permissions_id_seq', 1, false);


--
-- TOC entry 4885 (class 0 OID 0)
-- Dependencies: 219
-- Name: auth_permission_id_seq; Type: SEQUENCE SET; Schema: public; Owner: doadmin
--

SELECT pg_catalog.setval('public.auth_permission_id_seq', 160, true);


--
-- TOC entry 4886 (class 0 OID 0)
-- Dependencies: 221
-- Name: django_admin_log_id_seq; Type: SEQUENCE SET; Schema: public; Owner: doadmin
--

SELECT pg_catalog.setval('public.django_admin_log_id_seq', 153, true);


--
-- TOC entry 4887 (class 0 OID 0)
-- Dependencies: 223
-- Name: django_content_type_id_seq; Type: SEQUENCE SET; Schema: public; Owner: doadmin
--

SELECT pg_catalog.setval('public.django_content_type_id_seq', 40, true);


--
-- TOC entry 4888 (class 0 OID 0)
-- Dependencies: 225
-- Name: django_migrations_id_seq; Type: SEQUENCE SET; Schema: public; Owner: doadmin
--

SELECT pg_catalog.setval('public.django_migrations_id_seq', 185, true);


--
-- TOC entry 4889 (class 0 OID 0)
-- Dependencies: 228
-- Name: necrotopia_advertisement_id_seq; Type: SEQUENCE SET; Schema: public; Owner: doadmin
--

SELECT pg_catalog.setval('public.necrotopia_advertisement_id_seq', 2, true);


--
-- TOC entry 4890 (class 0 OID 0)
-- Dependencies: 230
-- Name: necrotopia_chapter_id_seq; Type: SEQUENCE SET; Schema: public; Owner: doadmin
--

SELECT pg_catalog.setval('public.necrotopia_chapter_id_seq', 1, true);


--
-- TOC entry 4891 (class 0 OID 0)
-- Dependencies: 232
-- Name: necrotopia_chapterpicture_id_seq; Type: SEQUENCE SET; Schema: public; Owner: doadmin
--

SELECT pg_catalog.setval('public.necrotopia_chapterpicture_id_seq', 1, false);


--
-- TOC entry 4892 (class 0 OID 0)
-- Dependencies: 234
-- Name: necrotopia_chapterstaff_id_seq; Type: SEQUENCE SET; Schema: public; Owner: doadmin
--

SELECT pg_catalog.setval('public.necrotopia_chapterstaff_id_seq', 1, false);


--
-- TOC entry 4893 (class 0 OID 0)
-- Dependencies: 236
-- Name: necrotopia_chapterstafftype_id_seq; Type: SEQUENCE SET; Schema: public; Owner: doadmin
--

SELECT pg_catalog.setval('public.necrotopia_chapterstafftype_id_seq', 4, true);


--
-- TOC entry 4894 (class 0 OID 0)
-- Dependencies: 291
-- Name: necrotopia_character_id_seq; Type: SEQUENCE SET; Schema: public; Owner: doadmin
--

SELECT pg_catalog.setval('public.necrotopia_character_id_seq', 1, true);


--
-- TOC entry 4895 (class 0 OID 0)
-- Dependencies: 238
-- Name: necrotopia_department_id_seq; Type: SEQUENCE SET; Schema: public; Owner: doadmin
--

SELECT pg_catalog.setval('public.necrotopia_department_id_seq', 5, true);


--
-- TOC entry 4896 (class 0 OID 0)
-- Dependencies: 287
-- Name: necrotopia_financialinstitution_id_seq; Type: SEQUENCE SET; Schema: public; Owner: doadmin
--

SELECT pg_catalog.setval('public.necrotopia_financialinstitution_id_seq', 7, true);


--
-- TOC entry 4897 (class 0 OID 0)
-- Dependencies: 293
-- Name: necrotopia_financialinvestment_id_seq; Type: SEQUENCE SET; Schema: public; Owner: doadmin
--

SELECT pg_catalog.setval('public.necrotopia_financialinvestment_id_seq', 1, false);


--
-- TOC entry 4898 (class 0 OID 0)
-- Dependencies: 240
-- Name: necrotopia_gender_id_seq; Type: SEQUENCE SET; Schema: public; Owner: doadmin
--

SELECT pg_catalog.setval('public.necrotopia_gender_id_seq', 1, false);


--
-- TOC entry 4899 (class 0 OID 0)
-- Dependencies: 289
-- Name: necrotopia_institutionpicture_id_seq; Type: SEQUENCE SET; Schema: public; Owner: doadmin
--

SELECT pg_catalog.setval('public.necrotopia_institutionpicture_id_seq', 1, true);


--
-- TOC entry 4900 (class 0 OID 0)
-- Dependencies: 242
-- Name: necrotopia_itempdf_id_seq; Type: SEQUENCE SET; Schema: public; Owner: doadmin
--

SELECT pg_catalog.setval('public.necrotopia_itempdf_id_seq', 7, true);


--
-- TOC entry 4901 (class 0 OID 0)
-- Dependencies: 244
-- Name: necrotopia_itempicture_id_seq; Type: SEQUENCE SET; Schema: public; Owner: doadmin
--

SELECT pg_catalog.setval('public.necrotopia_itempicture_id_seq', 12, true);


--
-- TOC entry 4902 (class 0 OID 0)
-- Dependencies: 246
-- Name: necrotopia_loottable_id_seq; Type: SEQUENCE SET; Schema: public; Owner: doadmin
--

SELECT pg_catalog.setval('public.necrotopia_loottable_id_seq', 1, false);


--
-- TOC entry 4903 (class 0 OID 0)
-- Dependencies: 248
-- Name: necrotopia_loottableitem_id_seq; Type: SEQUENCE SET; Schema: public; Owner: doadmin
--

SELECT pg_catalog.setval('public.necrotopia_loottableitem_id_seq', 1, false);


--
-- TOC entry 4904 (class 0 OID 0)
-- Dependencies: 250
-- Name: necrotopia_moduleassembly_line_id_seq; Type: SEQUENCE SET; Schema: public; Owner: doadmin
--

SELECT pg_catalog.setval('public.necrotopia_moduleassembly_line_id_seq', 14, true);


--
-- TOC entry 4905 (class 0 OID 0)
-- Dependencies: 252
-- Name: necrotopia_modulegrade_id_seq; Type: SEQUENCE SET; Schema: public; Owner: doadmin
--

SELECT pg_catalog.setval('public.necrotopia_modulegrade_id_seq', 36, true);


--
-- TOC entry 4906 (class 0 OID 0)
-- Dependencies: 254
-- Name: necrotopia_modulegraderesource_id_seq; Type: SEQUENCE SET; Schema: public; Owner: doadmin
--

SELECT pg_catalog.setval('public.necrotopia_modulegraderesource_id_seq', 67, true);


--
-- TOC entry 4907 (class 0 OID 0)
-- Dependencies: 256
-- Name: necrotopia_modulegradesubassembly_id_seq; Type: SEQUENCE SET; Schema: public; Owner: doadmin
--

SELECT pg_catalog.setval('public.necrotopia_modulegradesubassembly_id_seq', 30, true);


--
-- TOC entry 4908 (class 0 OID 0)
-- Dependencies: 258
-- Name: necrotopia_ratedskillitem_id_seq; Type: SEQUENCE SET; Schema: public; Owner: doadmin
--

SELECT pg_catalog.setval('public.necrotopia_ratedskillitem_id_seq', 1, false);


--
-- TOC entry 4909 (class 0 OID 0)
-- Dependencies: 260
-- Name: necrotopia_resourceitem_id_seq; Type: SEQUENCE SET; Schema: public; Owner: doadmin
--

SELECT pg_catalog.setval('public.necrotopia_resourceitem_id_seq', 1, false);


--
-- TOC entry 4910 (class 0 OID 0)
-- Dependencies: 262
-- Name: necrotopia_rule_id_seq; Type: SEQUENCE SET; Schema: public; Owner: doadmin
--

SELECT pg_catalog.setval('public.necrotopia_rule_id_seq', 2, true);


--
-- TOC entry 4911 (class 0 OID 0)
-- Dependencies: 264
-- Name: necrotopia_rulepicture_id_seq; Type: SEQUENCE SET; Schema: public; Owner: doadmin
--

SELECT pg_catalog.setval('public.necrotopia_rulepicture_id_seq', 2, true);


--
-- TOC entry 4912 (class 0 OID 0)
-- Dependencies: 266
-- Name: necrotopia_skillitem_id_seq; Type: SEQUENCE SET; Schema: public; Owner: doadmin
--

SELECT pg_catalog.setval('public.necrotopia_skillitem_id_seq', 48, true);


--
-- TOC entry 4913 (class 0 OID 0)
-- Dependencies: 268
-- Name: necrotopia_skillratings_id_seq; Type: SEQUENCE SET; Schema: public; Owner: doadmin
--

SELECT pg_catalog.setval('public.necrotopia_skillratings_id_seq', 126, true);


--
-- TOC entry 4914 (class 0 OID 0)
-- Dependencies: 270
-- Name: necrotopia_title_id_seq; Type: SEQUENCE SET; Schema: public; Owner: doadmin
--

SELECT pg_catalog.setval('public.necrotopia_title_id_seq', 1, false);


--
-- TOC entry 4915 (class 0 OID 0)
-- Dependencies: 272
-- Name: necrotopia_usefullinks_id_seq; Type: SEQUENCE SET; Schema: public; Owner: doadmin
--

SELECT pg_catalog.setval('public.necrotopia_usefullinks_id_seq', 1, false);


--
-- TOC entry 4916 (class 0 OID 0)
-- Dependencies: 275
-- Name: necrotopia_userprofile_groups_id_seq; Type: SEQUENCE SET; Schema: public; Owner: doadmin
--

SELECT pg_catalog.setval('public.necrotopia_userprofile_groups_id_seq', 1, false);


--
-- TOC entry 4917 (class 0 OID 0)
-- Dependencies: 276
-- Name: necrotopia_userprofile_id_seq; Type: SEQUENCE SET; Schema: public; Owner: doadmin
--

SELECT pg_catalog.setval('public.necrotopia_userprofile_id_seq', 3, true);


--
-- TOC entry 4918 (class 0 OID 0)
-- Dependencies: 278
-- Name: necrotopia_userprofile_user_permissions_id_seq; Type: SEQUENCE SET; Schema: public; Owner: doadmin
--

SELECT pg_catalog.setval('public.necrotopia_userprofile_user_permissions_id_seq', 1, false);


--
-- TOC entry 4919 (class 0 OID 0)
-- Dependencies: 280
-- Name: password_history_passwordhistory_id_seq; Type: SEQUENCE SET; Schema: public; Owner: doadmin
--

SELECT pg_catalog.setval('public.password_history_passwordhistory_id_seq', 3, true);


--
-- TOC entry 4920 (class 0 OID 0)
-- Dependencies: 282
-- Name: password_history_userpasswordhistoryconfig_id_seq; Type: SEQUENCE SET; Schema: public; Owner: doadmin
--

SELECT pg_catalog.setval('public.password_history_userpasswordhistoryconfig_id_seq', 3, true);


--
-- TOC entry 4921 (class 0 OID 0)
-- Dependencies: 284
-- Name: taggit_tag_id_seq; Type: SEQUENCE SET; Schema: public; Owner: doadmin
--

SELECT pg_catalog.setval('public.taggit_tag_id_seq', 82, true);


--
-- TOC entry 4922 (class 0 OID 0)
-- Dependencies: 286
-- Name: taggit_taggeditem_id_seq; Type: SEQUENCE SET; Schema: public; Owner: doadmin
--

SELECT pg_catalog.setval('public.taggit_taggeditem_id_seq', 1800, true);


--
-- TOC entry 4402 (class 2606 OID 21455)
-- Name: auth_group auth_group_name_key; Type: CONSTRAINT; Schema: public; Owner: doadmin
--

ALTER TABLE ONLY public.auth_group
    ADD CONSTRAINT auth_group_name_key UNIQUE (name);


--
-- TOC entry 4407 (class 2606 OID 21457)
-- Name: auth_group_permissions auth_group_permissions_group_id_permission_id_0cd325b0_uniq; Type: CONSTRAINT; Schema: public; Owner: doadmin
--

ALTER TABLE ONLY public.auth_group_permissions
    ADD CONSTRAINT auth_group_permissions_group_id_permission_id_0cd325b0_uniq UNIQUE (group_id, permission_id);


--
-- TOC entry 4410 (class 2606 OID 21459)
-- Name: auth_group_permissions auth_group_permissions_pkey; Type: CONSTRAINT; Schema: public; Owner: doadmin
--

ALTER TABLE ONLY public.auth_group_permissions
    ADD CONSTRAINT auth_group_permissions_pkey PRIMARY KEY (id);


--
-- TOC entry 4404 (class 2606 OID 21461)
-- Name: auth_group auth_group_pkey; Type: CONSTRAINT; Schema: public; Owner: doadmin
--

ALTER TABLE ONLY public.auth_group
    ADD CONSTRAINT auth_group_pkey PRIMARY KEY (id);


--
-- TOC entry 4413 (class 2606 OID 21463)
-- Name: auth_permission auth_permission_content_type_id_codename_01ab375a_uniq; Type: CONSTRAINT; Schema: public; Owner: doadmin
--

ALTER TABLE ONLY public.auth_permission
    ADD CONSTRAINT auth_permission_content_type_id_codename_01ab375a_uniq UNIQUE (content_type_id, codename);


--
-- TOC entry 4415 (class 2606 OID 21465)
-- Name: auth_permission auth_permission_pkey; Type: CONSTRAINT; Schema: public; Owner: doadmin
--

ALTER TABLE ONLY public.auth_permission
    ADD CONSTRAINT auth_permission_pkey PRIMARY KEY (id);


--
-- TOC entry 4418 (class 2606 OID 21467)
-- Name: django_admin_log django_admin_log_pkey; Type: CONSTRAINT; Schema: public; Owner: doadmin
--

ALTER TABLE ONLY public.django_admin_log
    ADD CONSTRAINT django_admin_log_pkey PRIMARY KEY (id);


--
-- TOC entry 4421 (class 2606 OID 21469)
-- Name: django_content_type django_content_type_app_label_model_76bd3d3b_uniq; Type: CONSTRAINT; Schema: public; Owner: doadmin
--

ALTER TABLE ONLY public.django_content_type
    ADD CONSTRAINT django_content_type_app_label_model_76bd3d3b_uniq UNIQUE (app_label, model);


--
-- TOC entry 4423 (class 2606 OID 21471)
-- Name: django_content_type django_content_type_pkey; Type: CONSTRAINT; Schema: public; Owner: doadmin
--

ALTER TABLE ONLY public.django_content_type
    ADD CONSTRAINT django_content_type_pkey PRIMARY KEY (id);


--
-- TOC entry 4425 (class 2606 OID 21473)
-- Name: django_migrations django_migrations_pkey; Type: CONSTRAINT; Schema: public; Owner: doadmin
--

ALTER TABLE ONLY public.django_migrations
    ADD CONSTRAINT django_migrations_pkey PRIMARY KEY (id);


--
-- TOC entry 4428 (class 2606 OID 21475)
-- Name: django_session django_session_pkey; Type: CONSTRAINT; Schema: public; Owner: doadmin
--

ALTER TABLE ONLY public.django_session
    ADD CONSTRAINT django_session_pkey PRIMARY KEY (session_key);


--
-- TOC entry 4431 (class 2606 OID 21477)
-- Name: necrotopia_advertisement necrotopia_advertisement_pkey; Type: CONSTRAINT; Schema: public; Owner: doadmin
--

ALTER TABLE ONLY public.necrotopia_advertisement
    ADD CONSTRAINT necrotopia_advertisement_pkey PRIMARY KEY (id);


--
-- TOC entry 4436 (class 2606 OID 21479)
-- Name: necrotopia_chapter necrotopia_chapter_name_key; Type: CONSTRAINT; Schema: public; Owner: doadmin
--

ALTER TABLE ONLY public.necrotopia_chapter
    ADD CONSTRAINT necrotopia_chapter_name_key UNIQUE (name);


--
-- TOC entry 4438 (class 2606 OID 21481)
-- Name: necrotopia_chapter necrotopia_chapter_pkey; Type: CONSTRAINT; Schema: public; Owner: doadmin
--

ALTER TABLE ONLY public.necrotopia_chapter
    ADD CONSTRAINT necrotopia_chapter_pkey PRIMARY KEY (id);


--
-- TOC entry 4444 (class 2606 OID 21483)
-- Name: necrotopia_chapterpicture necrotopia_chapterpicture_pkey; Type: CONSTRAINT; Schema: public; Owner: doadmin
--

ALTER TABLE ONLY public.necrotopia_chapterpicture
    ADD CONSTRAINT necrotopia_chapterpicture_pkey PRIMARY KEY (id);


--
-- TOC entry 4448 (class 2606 OID 21485)
-- Name: necrotopia_chapterstaff necrotopia_chapterstaff_pkey; Type: CONSTRAINT; Schema: public; Owner: doadmin
--

ALTER TABLE ONLY public.necrotopia_chapterstaff
    ADD CONSTRAINT necrotopia_chapterstaff_pkey PRIMARY KEY (id);


--
-- TOC entry 4453 (class 2606 OID 21487)
-- Name: necrotopia_chapterstafftype necrotopia_chapterstafftype_name_key; Type: CONSTRAINT; Schema: public; Owner: doadmin
--

ALTER TABLE ONLY public.necrotopia_chapterstafftype
    ADD CONSTRAINT necrotopia_chapterstafftype_name_key UNIQUE (name);


--
-- TOC entry 4455 (class 2606 OID 21489)
-- Name: necrotopia_chapterstafftype necrotopia_chapterstafftype_pkey; Type: CONSTRAINT; Schema: public; Owner: doadmin
--

ALTER TABLE ONLY public.necrotopia_chapterstafftype
    ADD CONSTRAINT necrotopia_chapterstafftype_pkey PRIMARY KEY (id);


--
-- TOC entry 4586 (class 2606 OID 22086)
-- Name: necrotopia_character necrotopia_character_pkey; Type: CONSTRAINT; Schema: public; Owner: doadmin
--

ALTER TABLE ONLY public.necrotopia_character
    ADD CONSTRAINT necrotopia_character_pkey PRIMARY KEY (id);


--
-- TOC entry 4459 (class 2606 OID 21493)
-- Name: necrotopia_department necrotopia_department_name_key; Type: CONSTRAINT; Schema: public; Owner: doadmin
--

ALTER TABLE ONLY public.necrotopia_department
    ADD CONSTRAINT necrotopia_department_name_key UNIQUE (name);


--
-- TOC entry 4461 (class 2606 OID 21495)
-- Name: necrotopia_department necrotopia_department_pkey; Type: CONSTRAINT; Schema: public; Owner: doadmin
--

ALTER TABLE ONLY public.necrotopia_department
    ADD CONSTRAINT necrotopia_department_pkey PRIMARY KEY (id);


--
-- TOC entry 4578 (class 2606 OID 22030)
-- Name: necrotopia_financialinstitution necrotopia_financialinstitution_name_key; Type: CONSTRAINT; Schema: public; Owner: doadmin
--

ALTER TABLE ONLY public.necrotopia_financialinstitution
    ADD CONSTRAINT necrotopia_financialinstitution_name_key UNIQUE (name);


--
-- TOC entry 4580 (class 2606 OID 22028)
-- Name: necrotopia_financialinstitution necrotopia_financialinstitution_pkey; Type: CONSTRAINT; Schema: public; Owner: doadmin
--

ALTER TABLE ONLY public.necrotopia_financialinstitution
    ADD CONSTRAINT necrotopia_financialinstitution_pkey PRIMARY KEY (id);


--
-- TOC entry 4592 (class 2606 OID 22092)
-- Name: necrotopia_financialinvestment necrotopia_financialinvestment_pkey; Type: CONSTRAINT; Schema: public; Owner: doadmin
--

ALTER TABLE ONLY public.necrotopia_financialinvestment
    ADD CONSTRAINT necrotopia_financialinvestment_pkey PRIMARY KEY (id);


--
-- TOC entry 4464 (class 2606 OID 21503)
-- Name: necrotopia_gender necrotopia_gender_pkey; Type: CONSTRAINT; Schema: public; Owner: doadmin
--

ALTER TABLE ONLY public.necrotopia_gender
    ADD CONSTRAINT necrotopia_gender_pkey PRIMARY KEY (id);


--
-- TOC entry 4584 (class 2606 OID 22036)
-- Name: necrotopia_institutionpicture necrotopia_institutionpicture_pkey; Type: CONSTRAINT; Schema: public; Owner: doadmin
--

ALTER TABLE ONLY public.necrotopia_institutionpicture
    ADD CONSTRAINT necrotopia_institutionpicture_pkey PRIMARY KEY (id);


--
-- TOC entry 4467 (class 2606 OID 21505)
-- Name: necrotopia_itempdf necrotopia_itempdf_pkey; Type: CONSTRAINT; Schema: public; Owner: doadmin
--

ALTER TABLE ONLY public.necrotopia_itempdf
    ADD CONSTRAINT necrotopia_itempdf_pkey PRIMARY KEY (id);


--
-- TOC entry 4470 (class 2606 OID 21507)
-- Name: necrotopia_itempicture necrotopia_itempicture_pkey; Type: CONSTRAINT; Schema: public; Owner: doadmin
--

ALTER TABLE ONLY public.necrotopia_itempicture
    ADD CONSTRAINT necrotopia_itempicture_pkey PRIMARY KEY (id);


--
-- TOC entry 4474 (class 2606 OID 21509)
-- Name: necrotopia_loottable necrotopia_loottable_name_key; Type: CONSTRAINT; Schema: public; Owner: doadmin
--

ALTER TABLE ONLY public.necrotopia_loottable
    ADD CONSTRAINT necrotopia_loottable_name_key UNIQUE (name);


--
-- TOC entry 4476 (class 2606 OID 21511)
-- Name: necrotopia_loottable necrotopia_loottable_pkey; Type: CONSTRAINT; Schema: public; Owner: doadmin
--

ALTER TABLE ONLY public.necrotopia_loottable
    ADD CONSTRAINT necrotopia_loottable_pkey PRIMARY KEY (id);


--
-- TOC entry 4480 (class 2606 OID 21513)
-- Name: necrotopia_loottableitem necrotopia_loottableitem_item_name_key; Type: CONSTRAINT; Schema: public; Owner: doadmin
--

ALTER TABLE ONLY public.necrotopia_loottableitem
    ADD CONSTRAINT necrotopia_loottableitem_item_name_key UNIQUE (item_name);


--
-- TOC entry 4483 (class 2606 OID 21515)
-- Name: necrotopia_loottableitem necrotopia_loottableitem_pkey; Type: CONSTRAINT; Schema: public; Owner: doadmin
--

ALTER TABLE ONLY public.necrotopia_loottableitem
    ADD CONSTRAINT necrotopia_loottableitem_pkey PRIMARY KEY (id);


--
-- TOC entry 4486 (class 2606 OID 21517)
-- Name: necrotopia_moduleassembly necrotopia_moduleassembly_pkey; Type: CONSTRAINT; Schema: public; Owner: doadmin
--

ALTER TABLE ONLY public.necrotopia_moduleassembly
    ADD CONSTRAINT necrotopia_moduleassembly_pkey PRIMARY KEY (line_id);


--
-- TOC entry 4490 (class 2606 OID 21519)
-- Name: necrotopia_modulegrade necrotopia_modulegrade_pkey; Type: CONSTRAINT; Schema: public; Owner: doadmin
--

ALTER TABLE ONLY public.necrotopia_modulegrade
    ADD CONSTRAINT necrotopia_modulegrade_pkey PRIMARY KEY (id);


--
-- TOC entry 4495 (class 2606 OID 21521)
-- Name: necrotopia_modulegraderesource necrotopia_modulegraderesource_pkey; Type: CONSTRAINT; Schema: public; Owner: doadmin
--

ALTER TABLE ONLY public.necrotopia_modulegraderesource
    ADD CONSTRAINT necrotopia_modulegraderesource_pkey PRIMARY KEY (id);


--
-- TOC entry 4500 (class 2606 OID 21523)
-- Name: necrotopia_modulegradesubassembly necrotopia_modulegradesubassembly_pkey; Type: CONSTRAINT; Schema: public; Owner: doadmin
--

ALTER TABLE ONLY public.necrotopia_modulegradesubassembly
    ADD CONSTRAINT necrotopia_modulegradesubassembly_pkey PRIMARY KEY (id);


--
-- TOC entry 4502 (class 2606 OID 21525)
-- Name: necrotopia_ratedskillitem necrotopia_ratedskillitem_pkey; Type: CONSTRAINT; Schema: public; Owner: doadmin
--

ALTER TABLE ONLY public.necrotopia_ratedskillitem
    ADD CONSTRAINT necrotopia_ratedskillitem_pkey PRIMARY KEY (id);


--
-- TOC entry 4506 (class 2606 OID 21527)
-- Name: necrotopia_resourceitem necrotopia_resourceitem_pkey; Type: CONSTRAINT; Schema: public; Owner: doadmin
--

ALTER TABLE ONLY public.necrotopia_resourceitem
    ADD CONSTRAINT necrotopia_resourceitem_pkey PRIMARY KEY (id);


--
-- TOC entry 4512 (class 2606 OID 21529)
-- Name: necrotopia_rule necrotopia_rule_pkey; Type: CONSTRAINT; Schema: public; Owner: doadmin
--

ALTER TABLE ONLY public.necrotopia_rule
    ADD CONSTRAINT necrotopia_rule_pkey PRIMARY KEY (id);


--
-- TOC entry 4514 (class 2606 OID 21531)
-- Name: necrotopia_rulepicture necrotopia_rulepicture_pkey; Type: CONSTRAINT; Schema: public; Owner: doadmin
--

ALTER TABLE ONLY public.necrotopia_rulepicture
    ADD CONSTRAINT necrotopia_rulepicture_pkey PRIMARY KEY (id);


--
-- TOC entry 4517 (class 2606 OID 21533)
-- Name: necrotopia_skillitem necrotopia_skillitem_pkey; Type: CONSTRAINT; Schema: public; Owner: doadmin
--

ALTER TABLE ONLY public.necrotopia_skillitem
    ADD CONSTRAINT necrotopia_skillitem_pkey PRIMARY KEY (id);


--
-- TOC entry 4521 (class 2606 OID 21535)
-- Name: necrotopia_skillratings necrotopia_skillratings_pkey; Type: CONSTRAINT; Schema: public; Owner: doadmin
--

ALTER TABLE ONLY public.necrotopia_skillratings
    ADD CONSTRAINT necrotopia_skillratings_pkey PRIMARY KEY (id);


--
-- TOC entry 4524 (class 2606 OID 21537)
-- Name: necrotopia_title necrotopia_title_pkey; Type: CONSTRAINT; Schema: public; Owner: doadmin
--

ALTER TABLE ONLY public.necrotopia_title
    ADD CONSTRAINT necrotopia_title_pkey PRIMARY KEY (id);


--
-- TOC entry 4527 (class 2606 OID 21539)
-- Name: necrotopia_usefullinks necrotopia_usefullinks_pkey; Type: CONSTRAINT; Schema: public; Owner: doadmin
--

ALTER TABLE ONLY public.necrotopia_usefullinks
    ADD CONSTRAINT necrotopia_usefullinks_pkey PRIMARY KEY (id);


--
-- TOC entry 4531 (class 2606 OID 21541)
-- Name: necrotopia_userprofile necrotopia_userprofile_email_key; Type: CONSTRAINT; Schema: public; Owner: doadmin
--

ALTER TABLE ONLY public.necrotopia_userprofile
    ADD CONSTRAINT necrotopia_userprofile_email_key UNIQUE (email);


--
-- TOC entry 4537 (class 2606 OID 21543)
-- Name: necrotopia_userprofile_groups necrotopia_userprofile_g_userprofile_id_group_id_f6ecc65b_uniq; Type: CONSTRAINT; Schema: public; Owner: doadmin
--

ALTER TABLE ONLY public.necrotopia_userprofile_groups
    ADD CONSTRAINT necrotopia_userprofile_g_userprofile_id_group_id_f6ecc65b_uniq UNIQUE (userprofile_id, group_id);


--
-- TOC entry 4540 (class 2606 OID 21545)
-- Name: necrotopia_userprofile_groups necrotopia_userprofile_groups_pkey; Type: CONSTRAINT; Schema: public; Owner: doadmin
--

ALTER TABLE ONLY public.necrotopia_userprofile_groups
    ADD CONSTRAINT necrotopia_userprofile_groups_pkey PRIMARY KEY (id);


--
-- TOC entry 4534 (class 2606 OID 21547)
-- Name: necrotopia_userprofile necrotopia_userprofile_pkey; Type: CONSTRAINT; Schema: public; Owner: doadmin
--

ALTER TABLE ONLY public.necrotopia_userprofile
    ADD CONSTRAINT necrotopia_userprofile_pkey PRIMARY KEY (id);


--
-- TOC entry 4543 (class 2606 OID 21549)
-- Name: necrotopia_userprofile_user_permissions necrotopia_userprofile_u_userprofile_id_permissio_83b7fe70_uniq; Type: CONSTRAINT; Schema: public; Owner: doadmin
--

ALTER TABLE ONLY public.necrotopia_userprofile_user_permissions
    ADD CONSTRAINT necrotopia_userprofile_u_userprofile_id_permissio_83b7fe70_uniq UNIQUE (userprofile_id, permission_id);


--
-- TOC entry 4546 (class 2606 OID 21551)
-- Name: necrotopia_userprofile_user_permissions necrotopia_userprofile_user_permissions_pkey; Type: CONSTRAINT; Schema: public; Owner: doadmin
--

ALTER TABLE ONLY public.necrotopia_userprofile_user_permissions
    ADD CONSTRAINT necrotopia_userprofile_user_permissions_pkey PRIMARY KEY (id);


--
-- TOC entry 4549 (class 2606 OID 21553)
-- Name: password_history_passwordhistory password_history_passwor_user_config_id_password_788e1175_uniq; Type: CONSTRAINT; Schema: public; Owner: doadmin
--

ALTER TABLE ONLY public.password_history_passwordhistory
    ADD CONSTRAINT password_history_passwor_user_config_id_password_788e1175_uniq UNIQUE (user_config_id, password);


--
-- TOC entry 4551 (class 2606 OID 21555)
-- Name: password_history_passwordhistory password_history_passwordhistory_pkey; Type: CONSTRAINT; Schema: public; Owner: doadmin
--

ALTER TABLE ONLY public.password_history_passwordhistory
    ADD CONSTRAINT password_history_passwordhistory_pkey PRIMARY KEY (id);


--
-- TOC entry 4554 (class 2606 OID 21557)
-- Name: password_history_userpasswordhistoryconfig password_history_userpas_user_id_iterations_fa725dcb_uniq; Type: CONSTRAINT; Schema: public; Owner: doadmin
--

ALTER TABLE ONLY public.password_history_userpasswordhistoryconfig
    ADD CONSTRAINT password_history_userpas_user_id_iterations_fa725dcb_uniq UNIQUE (user_id, iterations);


--
-- TOC entry 4556 (class 2606 OID 21559)
-- Name: password_history_userpasswordhistoryconfig password_history_userpasswordhistoryconfig_pkey; Type: CONSTRAINT; Schema: public; Owner: doadmin
--

ALTER TABLE ONLY public.password_history_userpasswordhistoryconfig
    ADD CONSTRAINT password_history_userpasswordhistoryconfig_pkey PRIMARY KEY (id);


--
-- TOC entry 4560 (class 2606 OID 21561)
-- Name: taggit_tag taggit_tag_name_key; Type: CONSTRAINT; Schema: public; Owner: doadmin
--

ALTER TABLE ONLY public.taggit_tag
    ADD CONSTRAINT taggit_tag_name_key UNIQUE (name);


--
-- TOC entry 4562 (class 2606 OID 21563)
-- Name: taggit_tag taggit_tag_pkey; Type: CONSTRAINT; Schema: public; Owner: doadmin
--

ALTER TABLE ONLY public.taggit_tag
    ADD CONSTRAINT taggit_tag_pkey PRIMARY KEY (id);


--
-- TOC entry 4565 (class 2606 OID 21565)
-- Name: taggit_tag taggit_tag_slug_key; Type: CONSTRAINT; Schema: public; Owner: doadmin
--

ALTER TABLE ONLY public.taggit_tag
    ADD CONSTRAINT taggit_tag_slug_key UNIQUE (slug);


--
-- TOC entry 4568 (class 2606 OID 21567)
-- Name: taggit_taggeditem taggit_taggeditem_content_type_id_object_i_4bb97a8e_uniq; Type: CONSTRAINT; Schema: public; Owner: doadmin
--

ALTER TABLE ONLY public.taggit_taggeditem
    ADD CONSTRAINT taggit_taggeditem_content_type_id_object_i_4bb97a8e_uniq UNIQUE (content_type_id, object_id, tag_id);


--
-- TOC entry 4572 (class 2606 OID 21569)
-- Name: taggit_taggeditem taggit_taggeditem_pkey; Type: CONSTRAINT; Schema: public; Owner: doadmin
--

ALTER TABLE ONLY public.taggit_taggeditem
    ADD CONSTRAINT taggit_taggeditem_pkey PRIMARY KEY (id);


--
-- TOC entry 4400 (class 1259 OID 21570)
-- Name: auth_group_name_a6ea08ec_like; Type: INDEX; Schema: public; Owner: doadmin
--

CREATE INDEX auth_group_name_a6ea08ec_like ON public.auth_group USING btree (name varchar_pattern_ops);


--
-- TOC entry 4405 (class 1259 OID 21571)
-- Name: auth_group_permissions_group_id_b120cbf9; Type: INDEX; Schema: public; Owner: doadmin
--

CREATE INDEX auth_group_permissions_group_id_b120cbf9 ON public.auth_group_permissions USING btree (group_id);


--
-- TOC entry 4408 (class 1259 OID 21572)
-- Name: auth_group_permissions_permission_id_84c5c92e; Type: INDEX; Schema: public; Owner: doadmin
--

CREATE INDEX auth_group_permissions_permission_id_84c5c92e ON public.auth_group_permissions USING btree (permission_id);


--
-- TOC entry 4411 (class 1259 OID 21573)
-- Name: auth_permission_content_type_id_2f476e4b; Type: INDEX; Schema: public; Owner: doadmin
--

CREATE INDEX auth_permission_content_type_id_2f476e4b ON public.auth_permission USING btree (content_type_id);


--
-- TOC entry 4416 (class 1259 OID 21574)
-- Name: django_admin_log_content_type_id_c4bce8eb; Type: INDEX; Schema: public; Owner: doadmin
--

CREATE INDEX django_admin_log_content_type_id_c4bce8eb ON public.django_admin_log USING btree (content_type_id);


--
-- TOC entry 4419 (class 1259 OID 21575)
-- Name: django_admin_log_user_id_c564eba6; Type: INDEX; Schema: public; Owner: doadmin
--

CREATE INDEX django_admin_log_user_id_c564eba6 ON public.django_admin_log USING btree (user_id);


--
-- TOC entry 4426 (class 1259 OID 21576)
-- Name: django_session_expire_date_a5c62663; Type: INDEX; Schema: public; Owner: doadmin
--

CREATE INDEX django_session_expire_date_a5c62663 ON public.django_session USING btree (expire_date);


--
-- TOC entry 4429 (class 1259 OID 21577)
-- Name: django_session_session_key_c0390e0f_like; Type: INDEX; Schema: public; Owner: doadmin
--

CREATE INDEX django_session_session_key_c0390e0f_like ON public.django_session USING btree (session_key varchar_pattern_ops);


--
-- TOC entry 4432 (class 1259 OID 21578)
-- Name: necrotopia_advertisement_registrar_id_d50e3f04; Type: INDEX; Schema: public; Owner: doadmin
--

CREATE INDEX necrotopia_advertisement_registrar_id_d50e3f04 ON public.necrotopia_advertisement USING btree (registrar_id);


--
-- TOC entry 4433 (class 1259 OID 21579)
-- Name: necrotopia_chapter_chapter_pictures_id_474a56dd; Type: INDEX; Schema: public; Owner: doadmin
--

CREATE INDEX necrotopia_chapter_chapter_pictures_id_474a56dd ON public.necrotopia_chapter USING btree (chapter_pictures_id);


--
-- TOC entry 4434 (class 1259 OID 21580)
-- Name: necrotopia_chapter_name_e262d67b_like; Type: INDEX; Schema: public; Owner: doadmin
--

CREATE INDEX necrotopia_chapter_name_e262d67b_like ON public.necrotopia_chapter USING btree (name varchar_pattern_ops);


--
-- TOC entry 4439 (class 1259 OID 21581)
-- Name: necrotopia_chapter_registrar_id_d9ed5f69; Type: INDEX; Schema: public; Owner: doadmin
--

CREATE INDEX necrotopia_chapter_registrar_id_d9ed5f69 ON public.necrotopia_chapter USING btree (registrar_id);


--
-- TOC entry 4440 (class 1259 OID 21582)
-- Name: necrotopia_chapter_staff_id_5b50e6c0; Type: INDEX; Schema: public; Owner: doadmin
--

CREATE INDEX necrotopia_chapter_staff_id_5b50e6c0 ON public.necrotopia_chapter USING btree (staff_id);


--
-- TOC entry 4441 (class 1259 OID 21583)
-- Name: necrotopia_chapter_useful_links_id_48748406; Type: INDEX; Schema: public; Owner: doadmin
--

CREATE INDEX necrotopia_chapter_useful_links_id_48748406 ON public.necrotopia_chapter USING btree (useful_links_id);


--
-- TOC entry 4442 (class 1259 OID 21584)
-- Name: necrotopia_chapterpicture_chapter_item_id_c3b632ce; Type: INDEX; Schema: public; Owner: doadmin
--

CREATE INDEX necrotopia_chapterpicture_chapter_item_id_c3b632ce ON public.necrotopia_chapterpicture USING btree (chapter_item_id);


--
-- TOC entry 4445 (class 1259 OID 21585)
-- Name: necrotopia_chapterstaff_chapter_link_id_71950bf3; Type: INDEX; Schema: public; Owner: doadmin
--

CREATE INDEX necrotopia_chapterstaff_chapter_link_id_71950bf3 ON public.necrotopia_chapterstaff USING btree (chapter_link_id);


--
-- TOC entry 4446 (class 1259 OID 21586)
-- Name: necrotopia_chapterstaff_department_id_c6f3cb47; Type: INDEX; Schema: public; Owner: doadmin
--

CREATE INDEX necrotopia_chapterstaff_department_id_c6f3cb47 ON public.necrotopia_chapterstaff USING btree (department_id);


--
-- TOC entry 4449 (class 1259 OID 21587)
-- Name: necrotopia_chapterstaff_type_id_5d297368; Type: INDEX; Schema: public; Owner: doadmin
--

CREATE INDEX necrotopia_chapterstaff_type_id_5d297368 ON public.necrotopia_chapterstaff USING btree (type_id);


--
-- TOC entry 4450 (class 1259 OID 21588)
-- Name: necrotopia_chapterstaff_user_profile_id_849c9ab4; Type: INDEX; Schema: public; Owner: doadmin
--

CREATE INDEX necrotopia_chapterstaff_user_profile_id_849c9ab4 ON public.necrotopia_chapterstaff USING btree (user_profile_id);


--
-- TOC entry 4451 (class 1259 OID 21589)
-- Name: necrotopia_chapterstafftype_name_6b0bfff8_like; Type: INDEX; Schema: public; Owner: doadmin
--

CREATE INDEX necrotopia_chapterstafftype_name_6b0bfff8_like ON public.necrotopia_chapterstafftype USING btree (name varchar_pattern_ops);


--
-- TOC entry 4456 (class 1259 OID 21590)
-- Name: necrotopia_chapterstafftype_registrar_id_85af36df; Type: INDEX; Schema: public; Owner: doadmin
--

CREATE INDEX necrotopia_chapterstafftype_registrar_id_85af36df ON public.necrotopia_chapterstafftype USING btree (registrar_id);


--
-- TOC entry 4587 (class 1259 OID 22103)
-- Name: necrotopia_character_registrar_id_2e53ece5; Type: INDEX; Schema: public; Owner: doadmin
--

CREATE INDEX necrotopia_character_registrar_id_2e53ece5 ON public.necrotopia_character USING btree (registrar_id);


--
-- TOC entry 4588 (class 1259 OID 22104)
-- Name: necrotopia_character_user_id_b50d818e; Type: INDEX; Schema: public; Owner: doadmin
--

CREATE INDEX necrotopia_character_user_id_b50d818e ON public.necrotopia_character USING btree (user_id);


--
-- TOC entry 4457 (class 1259 OID 21593)
-- Name: necrotopia_department_name_b94eff63_like; Type: INDEX; Schema: public; Owner: doadmin
--

CREATE INDEX necrotopia_department_name_b94eff63_like ON public.necrotopia_department USING btree (name varchar_pattern_ops);


--
-- TOC entry 4462 (class 1259 OID 21594)
-- Name: necrotopia_department_registrar_id_d67a22ea; Type: INDEX; Schema: public; Owner: doadmin
--

CREATE INDEX necrotopia_department_registrar_id_d67a22ea ON public.necrotopia_department USING btree (registrar_id);


--
-- TOC entry 4574 (class 1259 OID 22078)
-- Name: necrotopia_financialinstit_institution_pictures_id_a62a9dc0; Type: INDEX; Schema: public; Owner: doadmin
--

CREATE INDEX necrotopia_financialinstit_institution_pictures_id_a62a9dc0 ON public.necrotopia_financialinstitution USING btree (institution_pictures_id);


--
-- TOC entry 4575 (class 1259 OID 22059)
-- Name: necrotopia_financialinstitution_branch_id_ad2869a3; Type: INDEX; Schema: public; Owner: doadmin
--

CREATE INDEX necrotopia_financialinstitution_branch_id_ad2869a3 ON public.necrotopia_financialinstitution USING btree (branch_id);


--
-- TOC entry 4576 (class 1259 OID 22058)
-- Name: necrotopia_financialinstitution_name_be7977b2_like; Type: INDEX; Schema: public; Owner: doadmin
--

CREATE INDEX necrotopia_financialinstitution_name_be7977b2_like ON public.necrotopia_financialinstitution USING btree (name varchar_pattern_ops);


--
-- TOC entry 4581 (class 1259 OID 22079)
-- Name: necrotopia_financialinstitution_registrar_id_9e95058e; Type: INDEX; Schema: public; Owner: doadmin
--

CREATE INDEX necrotopia_financialinstitution_registrar_id_9e95058e ON public.necrotopia_financialinstitution USING btree (registrar_id);


--
-- TOC entry 4589 (class 1259 OID 22115)
-- Name: necrotopia_financialinvestment_character_id_f35d1514; Type: INDEX; Schema: public; Owner: doadmin
--

CREATE INDEX necrotopia_financialinvestment_character_id_f35d1514 ON public.necrotopia_financialinvestment USING btree (character_id);


--
-- TOC entry 4590 (class 1259 OID 22116)
-- Name: necrotopia_financialinvestment_institution_id_3cf96b9f; Type: INDEX; Schema: public; Owner: doadmin
--

CREATE INDEX necrotopia_financialinvestment_institution_id_3cf96b9f ON public.necrotopia_financialinvestment USING btree (institution_id);


--
-- TOC entry 4582 (class 1259 OID 22065)
-- Name: necrotopia_institutionpicture_institution_item_id_0e04ff4f; Type: INDEX; Schema: public; Owner: doadmin
--

CREATE INDEX necrotopia_institutionpicture_institution_item_id_0e04ff4f ON public.necrotopia_institutionpicture USING btree (institution_item_id);


--
-- TOC entry 4465 (class 1259 OID 21600)
-- Name: necrotopia_itempdf_pdf_assembly_item_id_d6c0dcb4; Type: INDEX; Schema: public; Owner: doadmin
--

CREATE INDEX necrotopia_itempdf_pdf_assembly_item_id_d6c0dcb4 ON public.necrotopia_itempdf USING btree (pdf_assembly_item_id);


--
-- TOC entry 4468 (class 1259 OID 21601)
-- Name: necrotopia_itempicture_imd_assembly_item_id_84eeaf79; Type: INDEX; Schema: public; Owner: doadmin
--

CREATE INDEX necrotopia_itempicture_imd_assembly_item_id_84eeaf79 ON public.necrotopia_itempicture USING btree (imd_assembly_item_id);


--
-- TOC entry 4471 (class 1259 OID 21602)
-- Name: necrotopia_loottable_loot_items_id_d3be3791; Type: INDEX; Schema: public; Owner: doadmin
--

CREATE INDEX necrotopia_loottable_loot_items_id_d3be3791 ON public.necrotopia_loottable USING btree (loot_items_id);


--
-- TOC entry 4472 (class 1259 OID 21603)
-- Name: necrotopia_loottable_name_ca7b0ccf_like; Type: INDEX; Schema: public; Owner: doadmin
--

CREATE INDEX necrotopia_loottable_name_ca7b0ccf_like ON public.necrotopia_loottable USING btree (name varchar_pattern_ops);


--
-- TOC entry 4477 (class 1259 OID 21604)
-- Name: necrotopia_loottable_registrar_id_7dbe0668; Type: INDEX; Schema: public; Owner: doadmin
--

CREATE INDEX necrotopia_loottable_registrar_id_7dbe0668 ON public.necrotopia_loottable USING btree (registrar_id);


--
-- TOC entry 4478 (class 1259 OID 21605)
-- Name: necrotopia_loottableitem_item_name_819fb150_like; Type: INDEX; Schema: public; Owner: doadmin
--

CREATE INDEX necrotopia_loottableitem_item_name_819fb150_like ON public.necrotopia_loottableitem USING btree (item_name varchar_pattern_ops);


--
-- TOC entry 4481 (class 1259 OID 21606)
-- Name: necrotopia_loottableitem_loot_table_id_421811da; Type: INDEX; Schema: public; Owner: doadmin
--

CREATE INDEX necrotopia_loottableitem_loot_table_id_421811da ON public.necrotopia_loottableitem USING btree (loot_table_id);


--
-- TOC entry 4484 (class 1259 OID 21607)
-- Name: necrotopia_moduleassembly_module_grades_id_b47224be; Type: INDEX; Schema: public; Owner: doadmin
--

CREATE INDEX necrotopia_moduleassembly_module_grades_id_b47224be ON public.necrotopia_moduleassembly USING btree (module_grades_id);


--
-- TOC entry 4487 (class 1259 OID 21608)
-- Name: necrotopia_moduleassembly_registrar_id_897e0450; Type: INDEX; Schema: public; Owner: doadmin
--

CREATE INDEX necrotopia_moduleassembly_registrar_id_897e0450 ON public.necrotopia_moduleassembly USING btree (registrar_id);


--
-- TOC entry 4488 (class 1259 OID 21609)
-- Name: necrotopia_modulegrade_module_assembly_id_d8e089f3; Type: INDEX; Schema: public; Owner: doadmin
--

CREATE INDEX necrotopia_modulegrade_module_assembly_id_d8e089f3 ON public.necrotopia_modulegrade USING btree (module_assembly_id);


--
-- TOC entry 4491 (class 1259 OID 21610)
-- Name: necrotopia_modulegrade_resources_id_caccd8e6; Type: INDEX; Schema: public; Owner: doadmin
--

CREATE INDEX necrotopia_modulegrade_resources_id_caccd8e6 ON public.necrotopia_modulegrade USING btree (resources_id);


--
-- TOC entry 4492 (class 1259 OID 21611)
-- Name: necrotopia_modulegrade_sub_assemblies_id_3d068933; Type: INDEX; Schema: public; Owner: doadmin
--

CREATE INDEX necrotopia_modulegrade_sub_assemblies_id_3d068933 ON public.necrotopia_modulegrade USING btree (sub_assemblies_id);


--
-- TOC entry 4493 (class 1259 OID 21612)
-- Name: necrotopia_modulegraderesource_parent_grade_id_deb1595a; Type: INDEX; Schema: public; Owner: doadmin
--

CREATE INDEX necrotopia_modulegraderesource_parent_grade_id_deb1595a ON public.necrotopia_modulegraderesource USING btree (parent_grade_id);


--
-- TOC entry 4496 (class 1259 OID 21613)
-- Name: necrotopia_modulegraderesource_resource_id_f3709d07; Type: INDEX; Schema: public; Owner: doadmin
--

CREATE INDEX necrotopia_modulegraderesource_resource_id_f3709d07 ON public.necrotopia_modulegraderesource USING btree (resource_id);


--
-- TOC entry 4497 (class 1259 OID 21614)
-- Name: necrotopia_modulegradesubassembly_assembly_id_db1eab95; Type: INDEX; Schema: public; Owner: doadmin
--

CREATE INDEX necrotopia_modulegradesubassembly_assembly_id_db1eab95 ON public.necrotopia_modulegradesubassembly USING btree (assembly_id);


--
-- TOC entry 4498 (class 1259 OID 21615)
-- Name: necrotopia_modulegradesubassembly_parent_grade_id_c50fa28e; Type: INDEX; Schema: public; Owner: doadmin
--

CREATE INDEX necrotopia_modulegradesubassembly_parent_grade_id_c50fa28e ON public.necrotopia_modulegradesubassembly USING btree (parent_grade_id);


--
-- TOC entry 4503 (class 1259 OID 21616)
-- Name: necrotopia_ratedskillitem_resource_item_id_ebdada88; Type: INDEX; Schema: public; Owner: doadmin
--

CREATE INDEX necrotopia_ratedskillitem_resource_item_id_ebdada88 ON public.necrotopia_ratedskillitem USING btree (resource_item_id);


--
-- TOC entry 4504 (class 1259 OID 21617)
-- Name: necrotopia_ratedskillitem_skill_id_86393dbb; Type: INDEX; Schema: public; Owner: doadmin
--

CREATE INDEX necrotopia_ratedskillitem_skill_id_86393dbb ON public.necrotopia_ratedskillitem USING btree (skill_id);


--
-- TOC entry 4507 (class 1259 OID 21618)
-- Name: necrotopia_resourceitem_rated_skills_id_79ba7cfe; Type: INDEX; Schema: public; Owner: doadmin
--

CREATE INDEX necrotopia_resourceitem_rated_skills_id_79ba7cfe ON public.necrotopia_resourceitem USING btree (rated_skills_id);


--
-- TOC entry 4508 (class 1259 OID 21619)
-- Name: necrotopia_resourceitem_registrar_id_1b5905a7; Type: INDEX; Schema: public; Owner: doadmin
--

CREATE INDEX necrotopia_resourceitem_registrar_id_1b5905a7 ON public.necrotopia_resourceitem USING btree (registrar_id);


--
-- TOC entry 4509 (class 1259 OID 21620)
-- Name: necrotopia_rule_creator_id_ac7a65d2; Type: INDEX; Schema: public; Owner: doadmin
--

CREATE INDEX necrotopia_rule_creator_id_ac7a65d2 ON public.necrotopia_rule USING btree (creator_id);


--
-- TOC entry 4510 (class 1259 OID 21621)
-- Name: necrotopia_rule_pictures_id_8788d630; Type: INDEX; Schema: public; Owner: doadmin
--

CREATE INDEX necrotopia_rule_pictures_id_8788d630 ON public.necrotopia_rule USING btree (pictures_id);


--
-- TOC entry 4515 (class 1259 OID 21622)
-- Name: necrotopia_rulepicture_rule_item_id_ed9b5eb0; Type: INDEX; Schema: public; Owner: doadmin
--

CREATE INDEX necrotopia_rulepicture_rule_item_id_ed9b5eb0 ON public.necrotopia_rulepicture USING btree (rule_item_id);


--
-- TOC entry 4518 (class 1259 OID 21623)
-- Name: necrotopia_skillitem_registrar_id_1e8543df; Type: INDEX; Schema: public; Owner: doadmin
--

CREATE INDEX necrotopia_skillitem_registrar_id_1e8543df ON public.necrotopia_skillitem USING btree (registrar_id);


--
-- TOC entry 4519 (class 1259 OID 21624)
-- Name: necrotopia_skillitem_skill_ratings_id_b494d37b; Type: INDEX; Schema: public; Owner: doadmin
--

CREATE INDEX necrotopia_skillitem_skill_ratings_id_b494d37b ON public.necrotopia_skillitem USING btree (skill_ratings_id);


--
-- TOC entry 4522 (class 1259 OID 21625)
-- Name: necrotopia_skillratings_skill_id_e14e6107; Type: INDEX; Schema: public; Owner: doadmin
--

CREATE INDEX necrotopia_skillratings_skill_id_e14e6107 ON public.necrotopia_skillratings USING btree (skill_id);


--
-- TOC entry 4525 (class 1259 OID 21626)
-- Name: necrotopia_usefullinks_chapter_link_id_d669a6b9; Type: INDEX; Schema: public; Owner: doadmin
--

CREATE INDEX necrotopia_usefullinks_chapter_link_id_d669a6b9 ON public.necrotopia_usefullinks USING btree (chapter_link_id);


--
-- TOC entry 4528 (class 1259 OID 21627)
-- Name: necrotopia_usefullinks_registrar_id_cb41fd2b; Type: INDEX; Schema: public; Owner: doadmin
--

CREATE INDEX necrotopia_usefullinks_registrar_id_cb41fd2b ON public.necrotopia_usefullinks USING btree (registrar_id);


--
-- TOC entry 4529 (class 1259 OID 21628)
-- Name: necrotopia_userprofile_email_f4b4f013_like; Type: INDEX; Schema: public; Owner: doadmin
--

CREATE INDEX necrotopia_userprofile_email_f4b4f013_like ON public.necrotopia_userprofile USING btree (email varchar_pattern_ops);


--
-- TOC entry 4532 (class 1259 OID 21629)
-- Name: necrotopia_userprofile_gender_id_78df003e; Type: INDEX; Schema: public; Owner: doadmin
--

CREATE INDEX necrotopia_userprofile_gender_id_78df003e ON public.necrotopia_userprofile USING btree (gender_id);


--
-- TOC entry 4538 (class 1259 OID 21630)
-- Name: necrotopia_userprofile_groups_group_id_ff71aba1; Type: INDEX; Schema: public; Owner: doadmin
--

CREATE INDEX necrotopia_userprofile_groups_group_id_ff71aba1 ON public.necrotopia_userprofile_groups USING btree (group_id);


--
-- TOC entry 4541 (class 1259 OID 21631)
-- Name: necrotopia_userprofile_groups_userprofile_id_7a60d865; Type: INDEX; Schema: public; Owner: doadmin
--

CREATE INDEX necrotopia_userprofile_groups_userprofile_id_7a60d865 ON public.necrotopia_userprofile_groups USING btree (userprofile_id);


--
-- TOC entry 4535 (class 1259 OID 21632)
-- Name: necrotopia_userprofile_title_id_3c084030; Type: INDEX; Schema: public; Owner: doadmin
--

CREATE INDEX necrotopia_userprofile_title_id_3c084030 ON public.necrotopia_userprofile USING btree (title_id);


--
-- TOC entry 4544 (class 1259 OID 21633)
-- Name: necrotopia_userprofile_user_permissions_permission_id_940323f4; Type: INDEX; Schema: public; Owner: doadmin
--

CREATE INDEX necrotopia_userprofile_user_permissions_permission_id_940323f4 ON public.necrotopia_userprofile_user_permissions USING btree (permission_id);


--
-- TOC entry 4547 (class 1259 OID 21634)
-- Name: necrotopia_userprofile_user_permissions_userprofile_id_0b6c73cf; Type: INDEX; Schema: public; Owner: doadmin
--

CREATE INDEX necrotopia_userprofile_user_permissions_userprofile_id_0b6c73cf ON public.necrotopia_userprofile_user_permissions USING btree (userprofile_id);


--
-- TOC entry 4552 (class 1259 OID 21635)
-- Name: password_history_passwordhistory_user_config_id_20af20ac; Type: INDEX; Schema: public; Owner: doadmin
--

CREATE INDEX password_history_passwordhistory_user_config_id_20af20ac ON public.password_history_passwordhistory USING btree (user_config_id);


--
-- TOC entry 4557 (class 1259 OID 21636)
-- Name: password_history_userpasswordhistoryconfig_user_id_bc5676f2; Type: INDEX; Schema: public; Owner: doadmin
--

CREATE INDEX password_history_userpasswordhistoryconfig_user_id_bc5676f2 ON public.password_history_userpasswordhistoryconfig USING btree (user_id);


--
-- TOC entry 4558 (class 1259 OID 21637)
-- Name: taggit_tag_name_58eb2ed9_like; Type: INDEX; Schema: public; Owner: doadmin
--

CREATE INDEX taggit_tag_name_58eb2ed9_like ON public.taggit_tag USING btree (name varchar_pattern_ops);


--
-- TOC entry 4563 (class 1259 OID 21638)
-- Name: taggit_tag_slug_6be58b2c_like; Type: INDEX; Schema: public; Owner: doadmin
--

CREATE INDEX taggit_tag_slug_6be58b2c_like ON public.taggit_tag USING btree (slug varchar_pattern_ops);


--
-- TOC entry 4566 (class 1259 OID 21639)
-- Name: taggit_taggeditem_content_type_id_9957a03c; Type: INDEX; Schema: public; Owner: doadmin
--

CREATE INDEX taggit_taggeditem_content_type_id_9957a03c ON public.taggit_taggeditem USING btree (content_type_id);


--
-- TOC entry 4569 (class 1259 OID 21640)
-- Name: taggit_taggeditem_content_type_id_object_id_196cc965_idx; Type: INDEX; Schema: public; Owner: doadmin
--

CREATE INDEX taggit_taggeditem_content_type_id_object_id_196cc965_idx ON public.taggit_taggeditem USING btree (content_type_id, object_id);


--
-- TOC entry 4570 (class 1259 OID 21641)
-- Name: taggit_taggeditem_object_id_e2d7d1df; Type: INDEX; Schema: public; Owner: doadmin
--

CREATE INDEX taggit_taggeditem_object_id_e2d7d1df ON public.taggit_taggeditem USING btree (object_id);


--
-- TOC entry 4573 (class 1259 OID 21642)
-- Name: taggit_taggeditem_tag_id_f4f5b767; Type: INDEX; Schema: public; Owner: doadmin
--

CREATE INDEX taggit_taggeditem_tag_id_f4f5b767 ON public.taggit_taggeditem USING btree (tag_id);


--
-- TOC entry 4593 (class 2606 OID 21643)
-- Name: auth_group_permissions auth_group_permissio_permission_id_84c5c92e_fk_auth_perm; Type: FK CONSTRAINT; Schema: public; Owner: doadmin
--

ALTER TABLE ONLY public.auth_group_permissions
    ADD CONSTRAINT auth_group_permissio_permission_id_84c5c92e_fk_auth_perm FOREIGN KEY (permission_id) REFERENCES public.auth_permission(id) DEFERRABLE INITIALLY DEFERRED;


--
-- TOC entry 4594 (class 2606 OID 21648)
-- Name: auth_group_permissions auth_group_permissions_group_id_b120cbf9_fk_auth_group_id; Type: FK CONSTRAINT; Schema: public; Owner: doadmin
--

ALTER TABLE ONLY public.auth_group_permissions
    ADD CONSTRAINT auth_group_permissions_group_id_b120cbf9_fk_auth_group_id FOREIGN KEY (group_id) REFERENCES public.auth_group(id) DEFERRABLE INITIALLY DEFERRED;


--
-- TOC entry 4595 (class 2606 OID 21653)
-- Name: auth_permission auth_permission_content_type_id_2f476e4b_fk_django_co; Type: FK CONSTRAINT; Schema: public; Owner: doadmin
--

ALTER TABLE ONLY public.auth_permission
    ADD CONSTRAINT auth_permission_content_type_id_2f476e4b_fk_django_co FOREIGN KEY (content_type_id) REFERENCES public.django_content_type(id) DEFERRABLE INITIALLY DEFERRED;


--
-- TOC entry 4596 (class 2606 OID 21658)
-- Name: django_admin_log django_admin_log_content_type_id_c4bce8eb_fk_django_co; Type: FK CONSTRAINT; Schema: public; Owner: doadmin
--

ALTER TABLE ONLY public.django_admin_log
    ADD CONSTRAINT django_admin_log_content_type_id_c4bce8eb_fk_django_co FOREIGN KEY (content_type_id) REFERENCES public.django_content_type(id) DEFERRABLE INITIALLY DEFERRED;


--
-- TOC entry 4597 (class 2606 OID 21663)
-- Name: django_admin_log django_admin_log_user_id_c564eba6_fk_necrotopia_userprofile_id; Type: FK CONSTRAINT; Schema: public; Owner: doadmin
--

ALTER TABLE ONLY public.django_admin_log
    ADD CONSTRAINT django_admin_log_user_id_c564eba6_fk_necrotopia_userprofile_id FOREIGN KEY (user_id) REFERENCES public.necrotopia_userprofile(id) DEFERRABLE INITIALLY DEFERRED;


--
-- TOC entry 4598 (class 2606 OID 21668)
-- Name: necrotopia_advertisement necrotopia_advertise_registrar_id_d50e3f04_fk_necrotopi; Type: FK CONSTRAINT; Schema: public; Owner: doadmin
--

ALTER TABLE ONLY public.necrotopia_advertisement
    ADD CONSTRAINT necrotopia_advertise_registrar_id_d50e3f04_fk_necrotopi FOREIGN KEY (registrar_id) REFERENCES public.necrotopia_userprofile(id) DEFERRABLE INITIALLY DEFERRED;


--
-- TOC entry 4599 (class 2606 OID 21673)
-- Name: necrotopia_chapter necrotopia_chapter_chapter_pictures_id_474a56dd_fk_necrotopi; Type: FK CONSTRAINT; Schema: public; Owner: doadmin
--

ALTER TABLE ONLY public.necrotopia_chapter
    ADD CONSTRAINT necrotopia_chapter_chapter_pictures_id_474a56dd_fk_necrotopi FOREIGN KEY (chapter_pictures_id) REFERENCES public.necrotopia_chapterpicture(id) DEFERRABLE INITIALLY DEFERRED;


--
-- TOC entry 4600 (class 2606 OID 21678)
-- Name: necrotopia_chapter necrotopia_chapter_registrar_id_d9ed5f69_fk_necrotopi; Type: FK CONSTRAINT; Schema: public; Owner: doadmin
--

ALTER TABLE ONLY public.necrotopia_chapter
    ADD CONSTRAINT necrotopia_chapter_registrar_id_d9ed5f69_fk_necrotopi FOREIGN KEY (registrar_id) REFERENCES public.necrotopia_userprofile(id) DEFERRABLE INITIALLY DEFERRED;


--
-- TOC entry 4601 (class 2606 OID 21683)
-- Name: necrotopia_chapter necrotopia_chapter_staff_id_5b50e6c0_fk_necrotopi; Type: FK CONSTRAINT; Schema: public; Owner: doadmin
--

ALTER TABLE ONLY public.necrotopia_chapter
    ADD CONSTRAINT necrotopia_chapter_staff_id_5b50e6c0_fk_necrotopi FOREIGN KEY (staff_id) REFERENCES public.necrotopia_chapterstaff(id) DEFERRABLE INITIALLY DEFERRED;


--
-- TOC entry 4602 (class 2606 OID 21688)
-- Name: necrotopia_chapter necrotopia_chapter_useful_links_id_48748406_fk_necrotopi; Type: FK CONSTRAINT; Schema: public; Owner: doadmin
--

ALTER TABLE ONLY public.necrotopia_chapter
    ADD CONSTRAINT necrotopia_chapter_useful_links_id_48748406_fk_necrotopi FOREIGN KEY (useful_links_id) REFERENCES public.necrotopia_usefullinks(id) DEFERRABLE INITIALLY DEFERRED;


--
-- TOC entry 4603 (class 2606 OID 21693)
-- Name: necrotopia_chapterpicture necrotopia_chapterpi_chapter_item_id_c3b632ce_fk_necrotopi; Type: FK CONSTRAINT; Schema: public; Owner: doadmin
--

ALTER TABLE ONLY public.necrotopia_chapterpicture
    ADD CONSTRAINT necrotopia_chapterpi_chapter_item_id_c3b632ce_fk_necrotopi FOREIGN KEY (chapter_item_id) REFERENCES public.necrotopia_chapter(id) DEFERRABLE INITIALLY DEFERRED;


--
-- TOC entry 4604 (class 2606 OID 21698)
-- Name: necrotopia_chapterstaff necrotopia_chapterst_chapter_link_id_71950bf3_fk_necrotopi; Type: FK CONSTRAINT; Schema: public; Owner: doadmin
--

ALTER TABLE ONLY public.necrotopia_chapterstaff
    ADD CONSTRAINT necrotopia_chapterst_chapter_link_id_71950bf3_fk_necrotopi FOREIGN KEY (chapter_link_id) REFERENCES public.necrotopia_chapter(id) DEFERRABLE INITIALLY DEFERRED;


--
-- TOC entry 4605 (class 2606 OID 21703)
-- Name: necrotopia_chapterstaff necrotopia_chapterst_department_id_c6f3cb47_fk_necrotopi; Type: FK CONSTRAINT; Schema: public; Owner: doadmin
--

ALTER TABLE ONLY public.necrotopia_chapterstaff
    ADD CONSTRAINT necrotopia_chapterst_department_id_c6f3cb47_fk_necrotopi FOREIGN KEY (department_id) REFERENCES public.necrotopia_department(id) DEFERRABLE INITIALLY DEFERRED;


--
-- TOC entry 4608 (class 2606 OID 21708)
-- Name: necrotopia_chapterstafftype necrotopia_chapterst_registrar_id_85af36df_fk_necrotopi; Type: FK CONSTRAINT; Schema: public; Owner: doadmin
--

ALTER TABLE ONLY public.necrotopia_chapterstafftype
    ADD CONSTRAINT necrotopia_chapterst_registrar_id_85af36df_fk_necrotopi FOREIGN KEY (registrar_id) REFERENCES public.necrotopia_userprofile(id) DEFERRABLE INITIALLY DEFERRED;


--
-- TOC entry 4606 (class 2606 OID 21713)
-- Name: necrotopia_chapterstaff necrotopia_chapterst_type_id_5d297368_fk_necrotopi; Type: FK CONSTRAINT; Schema: public; Owner: doadmin
--

ALTER TABLE ONLY public.necrotopia_chapterstaff
    ADD CONSTRAINT necrotopia_chapterst_type_id_5d297368_fk_necrotopi FOREIGN KEY (type_id) REFERENCES public.necrotopia_chapterstafftype(id) DEFERRABLE INITIALLY DEFERRED;


--
-- TOC entry 4607 (class 2606 OID 21718)
-- Name: necrotopia_chapterstaff necrotopia_chapterst_user_profile_id_849c9ab4_fk_necrotopi; Type: FK CONSTRAINT; Schema: public; Owner: doadmin
--

ALTER TABLE ONLY public.necrotopia_chapterstaff
    ADD CONSTRAINT necrotopia_chapterst_user_profile_id_849c9ab4_fk_necrotopi FOREIGN KEY (user_profile_id) REFERENCES public.necrotopia_userprofile(id) DEFERRABLE INITIALLY DEFERRED;


--
-- TOC entry 4650 (class 2606 OID 22093)
-- Name: necrotopia_character necrotopia_character_registrar_id_2e53ece5_fk_necrotopi; Type: FK CONSTRAINT; Schema: public; Owner: doadmin
--

ALTER TABLE ONLY public.necrotopia_character
    ADD CONSTRAINT necrotopia_character_registrar_id_2e53ece5_fk_necrotopi FOREIGN KEY (registrar_id) REFERENCES public.necrotopia_userprofile(id) DEFERRABLE INITIALLY DEFERRED;


--
-- TOC entry 4651 (class 2606 OID 22098)
-- Name: necrotopia_character necrotopia_character_user_id_b50d818e_fk_necrotopi; Type: FK CONSTRAINT; Schema: public; Owner: doadmin
--

ALTER TABLE ONLY public.necrotopia_character
    ADD CONSTRAINT necrotopia_character_user_id_b50d818e_fk_necrotopi FOREIGN KEY (user_id) REFERENCES public.necrotopia_userprofile(id) DEFERRABLE INITIALLY DEFERRED;


--
-- TOC entry 4609 (class 2606 OID 21733)
-- Name: necrotopia_department necrotopia_departmen_registrar_id_d67a22ea_fk_necrotopi; Type: FK CONSTRAINT; Schema: public; Owner: doadmin
--

ALTER TABLE ONLY public.necrotopia_department
    ADD CONSTRAINT necrotopia_departmen_registrar_id_d67a22ea_fk_necrotopi FOREIGN KEY (registrar_id) REFERENCES public.necrotopia_userprofile(id) DEFERRABLE INITIALLY DEFERRED;


--
-- TOC entry 4646 (class 2606 OID 22053)
-- Name: necrotopia_financialinstitution necrotopia_financial_branch_id_ad2869a3_fk_necrotopi; Type: FK CONSTRAINT; Schema: public; Owner: doadmin
--

ALTER TABLE ONLY public.necrotopia_financialinstitution
    ADD CONSTRAINT necrotopia_financial_branch_id_ad2869a3_fk_necrotopi FOREIGN KEY (branch_id) REFERENCES public.necrotopia_chapter(id) DEFERRABLE INITIALLY DEFERRED;


--
-- TOC entry 4652 (class 2606 OID 22105)
-- Name: necrotopia_financialinvestment necrotopia_financial_character_id_f35d1514_fk_necrotopi; Type: FK CONSTRAINT; Schema: public; Owner: doadmin
--

ALTER TABLE ONLY public.necrotopia_financialinvestment
    ADD CONSTRAINT necrotopia_financial_character_id_f35d1514_fk_necrotopi FOREIGN KEY (character_id) REFERENCES public.necrotopia_character(id) DEFERRABLE INITIALLY DEFERRED;


--
-- TOC entry 4653 (class 2606 OID 22110)
-- Name: necrotopia_financialinvestment necrotopia_financial_institution_id_3cf96b9f_fk_necrotopi; Type: FK CONSTRAINT; Schema: public; Owner: doadmin
--

ALTER TABLE ONLY public.necrotopia_financialinvestment
    ADD CONSTRAINT necrotopia_financial_institution_id_3cf96b9f_fk_necrotopi FOREIGN KEY (institution_id) REFERENCES public.necrotopia_financialinstitution(id) DEFERRABLE INITIALLY DEFERRED;


--
-- TOC entry 4647 (class 2606 OID 22043)
-- Name: necrotopia_financialinstitution necrotopia_financial_institution_pictures_a62a9dc0_fk_necrotopi; Type: FK CONSTRAINT; Schema: public; Owner: doadmin
--

ALTER TABLE ONLY public.necrotopia_financialinstitution
    ADD CONSTRAINT necrotopia_financial_institution_pictures_a62a9dc0_fk_necrotopi FOREIGN KEY (institution_pictures_id) REFERENCES public.necrotopia_institutionpicture(id) DEFERRABLE INITIALLY DEFERRED;


--
-- TOC entry 4648 (class 2606 OID 22048)
-- Name: necrotopia_financialinstitution necrotopia_financial_registrar_id_9e95058e_fk_necrotopi; Type: FK CONSTRAINT; Schema: public; Owner: doadmin
--

ALTER TABLE ONLY public.necrotopia_financialinstitution
    ADD CONSTRAINT necrotopia_financial_registrar_id_9e95058e_fk_necrotopi FOREIGN KEY (registrar_id) REFERENCES public.necrotopia_userprofile(id) DEFERRABLE INITIALLY DEFERRED;


--
-- TOC entry 4649 (class 2606 OID 22060)
-- Name: necrotopia_institutionpicture necrotopia_instituti_institution_item_id_0e04ff4f_fk_necrotopi; Type: FK CONSTRAINT; Schema: public; Owner: doadmin
--

ALTER TABLE ONLY public.necrotopia_institutionpicture
    ADD CONSTRAINT necrotopia_instituti_institution_item_id_0e04ff4f_fk_necrotopi FOREIGN KEY (institution_item_id) REFERENCES public.necrotopia_financialinstitution(id) DEFERRABLE INITIALLY DEFERRED;


--
-- TOC entry 4610 (class 2606 OID 21758)
-- Name: necrotopia_itempdf necrotopia_itempdf_pdf_assembly_item_id_d6c0dcb4_fk_necrotopi; Type: FK CONSTRAINT; Schema: public; Owner: doadmin
--

ALTER TABLE ONLY public.necrotopia_itempdf
    ADD CONSTRAINT necrotopia_itempdf_pdf_assembly_item_id_d6c0dcb4_fk_necrotopi FOREIGN KEY (pdf_assembly_item_id) REFERENCES public.necrotopia_moduleassembly(line_id) DEFERRABLE INITIALLY DEFERRED;


--
-- TOC entry 4611 (class 2606 OID 21763)
-- Name: necrotopia_itempicture necrotopia_itempictu_imd_assembly_item_id_84eeaf79_fk_necrotopi; Type: FK CONSTRAINT; Schema: public; Owner: doadmin
--

ALTER TABLE ONLY public.necrotopia_itempicture
    ADD CONSTRAINT necrotopia_itempictu_imd_assembly_item_id_84eeaf79_fk_necrotopi FOREIGN KEY (imd_assembly_item_id) REFERENCES public.necrotopia_moduleassembly(line_id) DEFERRABLE INITIALLY DEFERRED;


--
-- TOC entry 4612 (class 2606 OID 21768)
-- Name: necrotopia_loottable necrotopia_loottable_loot_items_id_d3be3791_fk_necrotopi; Type: FK CONSTRAINT; Schema: public; Owner: doadmin
--

ALTER TABLE ONLY public.necrotopia_loottable
    ADD CONSTRAINT necrotopia_loottable_loot_items_id_d3be3791_fk_necrotopi FOREIGN KEY (loot_items_id) REFERENCES public.necrotopia_loottableitem(id) DEFERRABLE INITIALLY DEFERRED;


--
-- TOC entry 4614 (class 2606 OID 21773)
-- Name: necrotopia_loottableitem necrotopia_loottable_loot_table_id_421811da_fk_necrotopi; Type: FK CONSTRAINT; Schema: public; Owner: doadmin
--

ALTER TABLE ONLY public.necrotopia_loottableitem
    ADD CONSTRAINT necrotopia_loottable_loot_table_id_421811da_fk_necrotopi FOREIGN KEY (loot_table_id) REFERENCES public.necrotopia_loottable(id) DEFERRABLE INITIALLY DEFERRED;


--
-- TOC entry 4613 (class 2606 OID 21778)
-- Name: necrotopia_loottable necrotopia_loottable_registrar_id_7dbe0668_fk_necrotopi; Type: FK CONSTRAINT; Schema: public; Owner: doadmin
--

ALTER TABLE ONLY public.necrotopia_loottable
    ADD CONSTRAINT necrotopia_loottable_registrar_id_7dbe0668_fk_necrotopi FOREIGN KEY (registrar_id) REFERENCES public.necrotopia_userprofile(id) DEFERRABLE INITIALLY DEFERRED;


--
-- TOC entry 4615 (class 2606 OID 21783)
-- Name: necrotopia_moduleassembly necrotopia_moduleass_module_grades_id_b47224be_fk_necrotopi; Type: FK CONSTRAINT; Schema: public; Owner: doadmin
--

ALTER TABLE ONLY public.necrotopia_moduleassembly
    ADD CONSTRAINT necrotopia_moduleass_module_grades_id_b47224be_fk_necrotopi FOREIGN KEY (module_grades_id) REFERENCES public.necrotopia_modulegrade(id) DEFERRABLE INITIALLY DEFERRED;


--
-- TOC entry 4616 (class 2606 OID 21788)
-- Name: necrotopia_moduleassembly necrotopia_moduleass_registrar_id_897e0450_fk_necrotopi; Type: FK CONSTRAINT; Schema: public; Owner: doadmin
--

ALTER TABLE ONLY public.necrotopia_moduleassembly
    ADD CONSTRAINT necrotopia_moduleass_registrar_id_897e0450_fk_necrotopi FOREIGN KEY (registrar_id) REFERENCES public.necrotopia_userprofile(id) DEFERRABLE INITIALLY DEFERRED;


--
-- TOC entry 4622 (class 2606 OID 21793)
-- Name: necrotopia_modulegradesubassembly necrotopia_modulegra_assembly_id_db1eab95_fk_necrotopi; Type: FK CONSTRAINT; Schema: public; Owner: doadmin
--

ALTER TABLE ONLY public.necrotopia_modulegradesubassembly
    ADD CONSTRAINT necrotopia_modulegra_assembly_id_db1eab95_fk_necrotopi FOREIGN KEY (assembly_id) REFERENCES public.necrotopia_moduleassembly(line_id) DEFERRABLE INITIALLY DEFERRED;


--
-- TOC entry 4617 (class 2606 OID 21798)
-- Name: necrotopia_modulegrade necrotopia_modulegra_module_assembly_id_d8e089f3_fk_necrotopi; Type: FK CONSTRAINT; Schema: public; Owner: doadmin
--

ALTER TABLE ONLY public.necrotopia_modulegrade
    ADD CONSTRAINT necrotopia_modulegra_module_assembly_id_d8e089f3_fk_necrotopi FOREIGN KEY (module_assembly_id) REFERENCES public.necrotopia_moduleassembly(line_id) DEFERRABLE INITIALLY DEFERRED;


--
-- TOC entry 4623 (class 2606 OID 21803)
-- Name: necrotopia_modulegradesubassembly necrotopia_modulegra_parent_grade_id_c50fa28e_fk_necrotopi; Type: FK CONSTRAINT; Schema: public; Owner: doadmin
--

ALTER TABLE ONLY public.necrotopia_modulegradesubassembly
    ADD CONSTRAINT necrotopia_modulegra_parent_grade_id_c50fa28e_fk_necrotopi FOREIGN KEY (parent_grade_id) REFERENCES public.necrotopia_modulegrade(id) DEFERRABLE INITIALLY DEFERRED;


--
-- TOC entry 4620 (class 2606 OID 21808)
-- Name: necrotopia_modulegraderesource necrotopia_modulegra_parent_grade_id_deb1595a_fk_necrotopi; Type: FK CONSTRAINT; Schema: public; Owner: doadmin
--

ALTER TABLE ONLY public.necrotopia_modulegraderesource
    ADD CONSTRAINT necrotopia_modulegra_parent_grade_id_deb1595a_fk_necrotopi FOREIGN KEY (parent_grade_id) REFERENCES public.necrotopia_modulegrade(id) DEFERRABLE INITIALLY DEFERRED;


--
-- TOC entry 4621 (class 2606 OID 21813)
-- Name: necrotopia_modulegraderesource necrotopia_modulegra_resource_id_f3709d07_fk_necrotopi; Type: FK CONSTRAINT; Schema: public; Owner: doadmin
--

ALTER TABLE ONLY public.necrotopia_modulegraderesource
    ADD CONSTRAINT necrotopia_modulegra_resource_id_f3709d07_fk_necrotopi FOREIGN KEY (resource_id) REFERENCES public.necrotopia_resourceitem(id) DEFERRABLE INITIALLY DEFERRED;


--
-- TOC entry 4618 (class 2606 OID 21818)
-- Name: necrotopia_modulegrade necrotopia_modulegra_resources_id_caccd8e6_fk_necrotopi; Type: FK CONSTRAINT; Schema: public; Owner: doadmin
--

ALTER TABLE ONLY public.necrotopia_modulegrade
    ADD CONSTRAINT necrotopia_modulegra_resources_id_caccd8e6_fk_necrotopi FOREIGN KEY (resources_id) REFERENCES public.necrotopia_modulegraderesource(id) DEFERRABLE INITIALLY DEFERRED;


--
-- TOC entry 4619 (class 2606 OID 21823)
-- Name: necrotopia_modulegrade necrotopia_modulegra_sub_assemblies_id_3d068933_fk_necrotopi; Type: FK CONSTRAINT; Schema: public; Owner: doadmin
--

ALTER TABLE ONLY public.necrotopia_modulegrade
    ADD CONSTRAINT necrotopia_modulegra_sub_assemblies_id_3d068933_fk_necrotopi FOREIGN KEY (sub_assemblies_id) REFERENCES public.necrotopia_modulegradesubassembly(id) DEFERRABLE INITIALLY DEFERRED;


--
-- TOC entry 4624 (class 2606 OID 21828)
-- Name: necrotopia_ratedskillitem necrotopia_ratedskil_resource_item_id_ebdada88_fk_necrotopi; Type: FK CONSTRAINT; Schema: public; Owner: doadmin
--

ALTER TABLE ONLY public.necrotopia_ratedskillitem
    ADD CONSTRAINT necrotopia_ratedskil_resource_item_id_ebdada88_fk_necrotopi FOREIGN KEY (resource_item_id) REFERENCES public.necrotopia_resourceitem(id) DEFERRABLE INITIALLY DEFERRED;


--
-- TOC entry 4625 (class 2606 OID 21833)
-- Name: necrotopia_ratedskillitem necrotopia_ratedskil_skill_id_86393dbb_fk_necrotopi; Type: FK CONSTRAINT; Schema: public; Owner: doadmin
--

ALTER TABLE ONLY public.necrotopia_ratedskillitem
    ADD CONSTRAINT necrotopia_ratedskil_skill_id_86393dbb_fk_necrotopi FOREIGN KEY (skill_id) REFERENCES public.necrotopia_skillitem(id) DEFERRABLE INITIALLY DEFERRED;


--
-- TOC entry 4626 (class 2606 OID 21838)
-- Name: necrotopia_resourceitem necrotopia_resourcei_rated_skills_id_79ba7cfe_fk_necrotopi; Type: FK CONSTRAINT; Schema: public; Owner: doadmin
--

ALTER TABLE ONLY public.necrotopia_resourceitem
    ADD CONSTRAINT necrotopia_resourcei_rated_skills_id_79ba7cfe_fk_necrotopi FOREIGN KEY (rated_skills_id) REFERENCES public.necrotopia_ratedskillitem(id) DEFERRABLE INITIALLY DEFERRED;


--
-- TOC entry 4627 (class 2606 OID 21843)
-- Name: necrotopia_resourceitem necrotopia_resourcei_registrar_id_1b5905a7_fk_necrotopi; Type: FK CONSTRAINT; Schema: public; Owner: doadmin
--

ALTER TABLE ONLY public.necrotopia_resourceitem
    ADD CONSTRAINT necrotopia_resourcei_registrar_id_1b5905a7_fk_necrotopi FOREIGN KEY (registrar_id) REFERENCES public.necrotopia_userprofile(id) DEFERRABLE INITIALLY DEFERRED;


--
-- TOC entry 4628 (class 2606 OID 21848)
-- Name: necrotopia_rule necrotopia_rule_creator_id_ac7a65d2_fk_necrotopi; Type: FK CONSTRAINT; Schema: public; Owner: doadmin
--

ALTER TABLE ONLY public.necrotopia_rule
    ADD CONSTRAINT necrotopia_rule_creator_id_ac7a65d2_fk_necrotopi FOREIGN KEY (creator_id) REFERENCES public.necrotopia_userprofile(id) DEFERRABLE INITIALLY DEFERRED;


--
-- TOC entry 4629 (class 2606 OID 21853)
-- Name: necrotopia_rule necrotopia_rule_pictures_id_8788d630_fk_necrotopi; Type: FK CONSTRAINT; Schema: public; Owner: doadmin
--

ALTER TABLE ONLY public.necrotopia_rule
    ADD CONSTRAINT necrotopia_rule_pictures_id_8788d630_fk_necrotopi FOREIGN KEY (pictures_id) REFERENCES public.necrotopia_rulepicture(id) DEFERRABLE INITIALLY DEFERRED;


--
-- TOC entry 4630 (class 2606 OID 21858)
-- Name: necrotopia_rulepicture necrotopia_rulepictu_rule_item_id_ed9b5eb0_fk_necrotopi; Type: FK CONSTRAINT; Schema: public; Owner: doadmin
--

ALTER TABLE ONLY public.necrotopia_rulepicture
    ADD CONSTRAINT necrotopia_rulepictu_rule_item_id_ed9b5eb0_fk_necrotopi FOREIGN KEY (rule_item_id) REFERENCES public.necrotopia_rule(id) DEFERRABLE INITIALLY DEFERRED;


--
-- TOC entry 4631 (class 2606 OID 21863)
-- Name: necrotopia_skillitem necrotopia_skillitem_registrar_id_1e8543df_fk_necrotopi; Type: FK CONSTRAINT; Schema: public; Owner: doadmin
--

ALTER TABLE ONLY public.necrotopia_skillitem
    ADD CONSTRAINT necrotopia_skillitem_registrar_id_1e8543df_fk_necrotopi FOREIGN KEY (registrar_id) REFERENCES public.necrotopia_userprofile(id) DEFERRABLE INITIALLY DEFERRED;


--
-- TOC entry 4632 (class 2606 OID 21868)
-- Name: necrotopia_skillitem necrotopia_skillitem_skill_ratings_id_b494d37b_fk_necrotopi; Type: FK CONSTRAINT; Schema: public; Owner: doadmin
--

ALTER TABLE ONLY public.necrotopia_skillitem
    ADD CONSTRAINT necrotopia_skillitem_skill_ratings_id_b494d37b_fk_necrotopi FOREIGN KEY (skill_ratings_id) REFERENCES public.necrotopia_skillratings(id) DEFERRABLE INITIALLY DEFERRED;


--
-- TOC entry 4633 (class 2606 OID 21873)
-- Name: necrotopia_skillratings necrotopia_skillrati_skill_id_e14e6107_fk_necrotopi; Type: FK CONSTRAINT; Schema: public; Owner: doadmin
--

ALTER TABLE ONLY public.necrotopia_skillratings
    ADD CONSTRAINT necrotopia_skillrati_skill_id_e14e6107_fk_necrotopi FOREIGN KEY (skill_id) REFERENCES public.necrotopia_skillitem(id) DEFERRABLE INITIALLY DEFERRED;


--
-- TOC entry 4634 (class 2606 OID 21878)
-- Name: necrotopia_usefullinks necrotopia_usefullin_chapter_link_id_d669a6b9_fk_necrotopi; Type: FK CONSTRAINT; Schema: public; Owner: doadmin
--

ALTER TABLE ONLY public.necrotopia_usefullinks
    ADD CONSTRAINT necrotopia_usefullin_chapter_link_id_d669a6b9_fk_necrotopi FOREIGN KEY (chapter_link_id) REFERENCES public.necrotopia_chapter(id) DEFERRABLE INITIALLY DEFERRED;


--
-- TOC entry 4635 (class 2606 OID 21883)
-- Name: necrotopia_usefullinks necrotopia_usefullin_registrar_id_cb41fd2b_fk_necrotopi; Type: FK CONSTRAINT; Schema: public; Owner: doadmin
--

ALTER TABLE ONLY public.necrotopia_usefullinks
    ADD CONSTRAINT necrotopia_usefullin_registrar_id_cb41fd2b_fk_necrotopi FOREIGN KEY (registrar_id) REFERENCES public.necrotopia_userprofile(id) DEFERRABLE INITIALLY DEFERRED;


--
-- TOC entry 4636 (class 2606 OID 21888)
-- Name: necrotopia_userprofile necrotopia_userprofi_gender_id_78df003e_fk_necrotopi; Type: FK CONSTRAINT; Schema: public; Owner: doadmin
--

ALTER TABLE ONLY public.necrotopia_userprofile
    ADD CONSTRAINT necrotopia_userprofi_gender_id_78df003e_fk_necrotopi FOREIGN KEY (gender_id) REFERENCES public.necrotopia_gender(id) DEFERRABLE INITIALLY DEFERRED;


--
-- TOC entry 4638 (class 2606 OID 21893)
-- Name: necrotopia_userprofile_groups necrotopia_userprofi_group_id_ff71aba1_fk_auth_grou; Type: FK CONSTRAINT; Schema: public; Owner: doadmin
--

ALTER TABLE ONLY public.necrotopia_userprofile_groups
    ADD CONSTRAINT necrotopia_userprofi_group_id_ff71aba1_fk_auth_grou FOREIGN KEY (group_id) REFERENCES public.auth_group(id) DEFERRABLE INITIALLY DEFERRED;


--
-- TOC entry 4640 (class 2606 OID 21898)
-- Name: necrotopia_userprofile_user_permissions necrotopia_userprofi_permission_id_940323f4_fk_auth_perm; Type: FK CONSTRAINT; Schema: public; Owner: doadmin
--

ALTER TABLE ONLY public.necrotopia_userprofile_user_permissions
    ADD CONSTRAINT necrotopia_userprofi_permission_id_940323f4_fk_auth_perm FOREIGN KEY (permission_id) REFERENCES public.auth_permission(id) DEFERRABLE INITIALLY DEFERRED;


--
-- TOC entry 4641 (class 2606 OID 21903)
-- Name: necrotopia_userprofile_user_permissions necrotopia_userprofi_userprofile_id_0b6c73cf_fk_necrotopi; Type: FK CONSTRAINT; Schema: public; Owner: doadmin
--

ALTER TABLE ONLY public.necrotopia_userprofile_user_permissions
    ADD CONSTRAINT necrotopia_userprofi_userprofile_id_0b6c73cf_fk_necrotopi FOREIGN KEY (userprofile_id) REFERENCES public.necrotopia_userprofile(id) DEFERRABLE INITIALLY DEFERRED;


--
-- TOC entry 4639 (class 2606 OID 21908)
-- Name: necrotopia_userprofile_groups necrotopia_userprofi_userprofile_id_7a60d865_fk_necrotopi; Type: FK CONSTRAINT; Schema: public; Owner: doadmin
--

ALTER TABLE ONLY public.necrotopia_userprofile_groups
    ADD CONSTRAINT necrotopia_userprofi_userprofile_id_7a60d865_fk_necrotopi FOREIGN KEY (userprofile_id) REFERENCES public.necrotopia_userprofile(id) DEFERRABLE INITIALLY DEFERRED;


--
-- TOC entry 4637 (class 2606 OID 21913)
-- Name: necrotopia_userprofile necrotopia_userprofile_title_id_3c084030_fk_necrotopia_title_id; Type: FK CONSTRAINT; Schema: public; Owner: doadmin
--

ALTER TABLE ONLY public.necrotopia_userprofile
    ADD CONSTRAINT necrotopia_userprofile_title_id_3c084030_fk_necrotopia_title_id FOREIGN KEY (title_id) REFERENCES public.necrotopia_title(id) DEFERRABLE INITIALLY DEFERRED;


--
-- TOC entry 4642 (class 2606 OID 21918)
-- Name: password_history_passwordhistory password_history_pas_user_config_id_20af20ac_fk_password_; Type: FK CONSTRAINT; Schema: public; Owner: doadmin
--

ALTER TABLE ONLY public.password_history_passwordhistory
    ADD CONSTRAINT password_history_pas_user_config_id_20af20ac_fk_password_ FOREIGN KEY (user_config_id) REFERENCES public.password_history_userpasswordhistoryconfig(id) DEFERRABLE INITIALLY DEFERRED;


--
-- TOC entry 4643 (class 2606 OID 21923)
-- Name: password_history_userpasswordhistoryconfig password_history_use_user_id_bc5676f2_fk_necrotopi; Type: FK CONSTRAINT; Schema: public; Owner: doadmin
--

ALTER TABLE ONLY public.password_history_userpasswordhistoryconfig
    ADD CONSTRAINT password_history_use_user_id_bc5676f2_fk_necrotopi FOREIGN KEY (user_id) REFERENCES public.necrotopia_userprofile(id) DEFERRABLE INITIALLY DEFERRED;


--
-- TOC entry 4644 (class 2606 OID 21928)
-- Name: taggit_taggeditem taggit_taggeditem_content_type_id_9957a03c_fk_django_co; Type: FK CONSTRAINT; Schema: public; Owner: doadmin
--

ALTER TABLE ONLY public.taggit_taggeditem
    ADD CONSTRAINT taggit_taggeditem_content_type_id_9957a03c_fk_django_co FOREIGN KEY (content_type_id) REFERENCES public.django_content_type(id) DEFERRABLE INITIALLY DEFERRED;


--
-- TOC entry 4645 (class 2606 OID 21933)
-- Name: taggit_taggeditem taggit_taggeditem_tag_id_f4f5b767_fk_taggit_tag_id; Type: FK CONSTRAINT; Schema: public; Owner: doadmin
--

ALTER TABLE ONLY public.taggit_taggeditem
    ADD CONSTRAINT taggit_taggeditem_tag_id_f4f5b767_fk_taggit_tag_id FOREIGN KEY (tag_id) REFERENCES public.taggit_tag(id) DEFERRABLE INITIALLY DEFERRED;


--
-- TOC entry 4882 (class 0 OID 0)
-- Dependencies: 5
-- Name: SCHEMA public; Type: ACL; Schema: -; Owner: doadmin
--

REVOKE USAGE ON SCHEMA public FROM PUBLIC;


-- Completed on 2023-07-20 17:56:00

--
-- PostgreSQL database dump complete
--

